invoice_id,order_id,account_id,tenant_id,invoice_date,due_date,amount,amount_paid,status
INV-2001,SO-2001,ea938fb0-0084-6aba-6d9e-9f0c793b22c6,sai-ke,2026-07-07,2026-08-15,50644.36,0,outstanding
INV-2002,SO-2002,ea938fb0-0084-6aba-6d9e-9f0c793b22c6,sai-ke,2026-06-10,2026-07-10,50644.36,50644.36,paid
INV-2003,SO-2003,ea938fb0-0084-6aba-6d9e-9f0c793b22c6,sai-ke,2026-05-14,2026-06-13,50644.36,50644.36,paid
INV-2004,SO-2004,ea938fb0-0084-6aba-6d9e-9f0c793b22c6,sai-ke,2026-04-17,2026-05-17,50644.36,50644.36,paid
INV-2005,SO-2005,ea938fb0-0084-6aba-6d9e-9f0c793b22c6,sai-ke,2026-03-21,2026-04-20,50644.36,50644.36,paid
INV-2006,SO-2006,ea938fb0-0084-6aba-6d9e-9f0c793b22c6,sai-ke,2026-02-22,2026-03-24,50644.36,50644.36,paid
INV-2007,SO-2007,ea938fb0-0084-6aba-6d9e-9f0c793b22c6,sai-ke,2026-01-26,2026-02-25,50644.36,50644.36,paid
INV-2008,SO-2008,ea938fb0-0084-6aba-6d9e-9f0c793b22c6,sai-ke,2025-12-30,2026-01-29,50644.36,50644.36,paid
INV-2009,SO-2009,ea938fb0-0084-6aba-6d9e-9f0c793b22c6,sai-ke,2025-12-03,2026-01-02,50644.36,50644.36,paid
INV-2010,SO-2010,ea938fb0-0084-6aba-6d9e-9f0c793b22c6,sai-ke,2025-11-06,2025-12-06,50644.36,50644.36,paid
INV-2011,SO-2011,ea938fb0-0084-6aba-6d9e-9f0c793b22c6,sai-ke,2025-10-10,2025-11-09,50644.36,50644.36,paid
INV-2012,SO-2012,ea938fb0-0084-6aba-6d9e-9f0c793b22c6,sai-ke,2025-09-13,2025-10-13,50644.36,50644.36,paid
INV-2013,SO-2013,f3e21a56-a02d-0377-5fdf-351a439d3c05,sai-ke,2026-07-04,2026-08-03,124051.06,124051.06,paid
INV-2014,SO-2014,f3e21a56-a02d-0377-5fdf-351a439d3c05,sai-ke,2026-06-05,2026-07-05,185876.06,185876.06,paid
INV-2015,SO-2015,f3e21a56-a02d-0377-5fdf-351a439d3c05,sai-ke,2026-05-07,2026-06-06,79037.46,79037.46,paid
INV-2016,SO-2016,f3e21a56-a02d-0377-5fdf-351a439d3c05,sai-ke,2026-04-08,2026-05-08,97845.77,97845.77,paid
INV-2017,SO-2017,f3e21a56-a02d-0377-5fdf-351a439d3c05,sai-ke,2026-03-10,2026-04-09,126255.59,126255.59,paid
INV-2018,SO-2018,f3e21a56-a02d-0377-5fdf-351a439d3c05,sai-ke,2026-02-09,2026-03-11,112444.14,112444.14,paid
INV-2019,SO-2019,f3e21a56-a02d-0377-5fdf-351a439d3c05,sai-ke,2026-01-11,2026-02-10,62252.44,62252.44,paid
INV-2020,SO-2020,f3e21a56-a02d-0377-5fdf-351a439d3c05,sai-ke,2025-12-13,2026-01-12,83330.08,83330.08,paid
INV-2021,SO-2021,f3e21a56-a02d-0377-5fdf-351a439d3c05,sai-ke,2025-11-14,2025-12-14,251836.65,251836.65,paid
INV-2022,SO-2022,f3e21a56-a02d-0377-5fdf-351a439d3c05,sai-ke,2025-10-16,2025-11-15,180936.01,180936.01,paid
INV-2023,SO-2023,f3e21a56-a02d-0377-5fdf-351a439d3c05,sai-ke,2025-09-17,2025-10-17,144753.49,144753.49,paid
INV-2024,SO-2024,f3e21a56-a02d-0377-5fdf-351a439d3c05,sai-ke,2025-08-19,2025-09-18,168541.78,168541.78,paid
INV-2025,SO-2025,5afbc6bf-d652-a4e7-114a-3a7ab3a44394,sai-ke,2026-07-06,2026-08-05,73413.23,73413.23,paid
INV-2026,SO-2026,5afbc6bf-d652-a4e7-114a-3a7ab3a44394,sai-ke,2026-06-09,2026-07-09,159519.65,159519.65,paid
INV-2027,SO-2027,5afbc6bf-d652-a4e7-114a-3a7ab3a44394,sai-ke,2026-05-13,2026-06-12,139929.07,139929.07,paid
INV-2028,SO-2028,5afbc6bf-d652-a4e7-114a-3a7ab3a44394,sai-ke,2026-04-16,2026-05-16,108979.04,108979.04,paid
INV-2029,SO-2029,5afbc6bf-d652-a4e7-114a-3a7ab3a44394,sai-ke,2026-03-20,2026-04-19,61235.91,61235.91,paid
INV-2030,SO-2030,5afbc6bf-d652-a4e7-114a-3a7ab3a44394,sai-ke,2026-02-21,2026-03-23,34223.17,34223.17,paid
INV-2031,SO-2031,5afbc6bf-d652-a4e7-114a-3a7ab3a44394,sai-ke,2026-01-25,2026-02-24,171708.81,171708.81,paid
INV-2032,SO-2032,5afbc6bf-d652-a4e7-114a-3a7ab3a44394,sai-ke,2025-12-29,2026-01-28,119646.51,119646.51,paid
INV-2033,SO-2033,5afbc6bf-d652-a4e7-114a-3a7ab3a44394,sai-ke,2025-12-02,2026-01-01,149267.73,149267.73,paid
INV-2034,SO-2034,5afbc6bf-d652-a4e7-114a-3a7ab3a44394,sai-ke,2025-11-05,2025-12-05,112871.24,112871.24,paid
INV-2035,SO-2035,5afbc6bf-d652-a4e7-114a-3a7ab3a44394,sai-ke,2025-10-09,2025-11-08,131965.22,131965.22,paid
INV-2036,SO-2036,5afbc6bf-d652-a4e7-114a-3a7ab3a44394,sai-ke,2025-09-12,2025-10-12,113589.65,113589.65,paid
INV-2037,SO-2037,6b562e00-5380-224d-a1cc-e0653a3617e6,sai-tz,2026-07-08,2026-08-07,49090.61,0,outstanding
INV-2038,SO-2038,6b562e00-5380-224d-a1cc-e0653a3617e6,sai-tz,2026-06-13,2026-07-13,66637.77,66637.77,paid
INV-2039,SO-2039,6b562e00-5380-224d-a1cc-e0653a3617e6,sai-tz,2026-05-19,2026-06-18,87656.57,87656.57,paid
INV-2040,SO-2040,6b562e00-5380-224d-a1cc-e0653a3617e6,sai-tz,2026-04-24,2026-05-24,71039.01,71039.01,paid
INV-2041,SO-2041,6b562e00-5380-224d-a1cc-e0653a3617e6,sai-tz,2026-03-30,2026-04-29,124119.88,124119.88,paid
INV-2042,SO-2042,6b562e00-5380-224d-a1cc-e0653a3617e6,sai-tz,2026-03-05,2026-04-04,62124.79,62124.79,paid
INV-2043,SO-2043,6b562e00-5380-224d-a1cc-e0653a3617e6,sai-tz,2026-02-08,2026-03-10,84375.29,84375.29,paid
INV-2044,SO-2044,6b562e00-5380-224d-a1cc-e0653a3617e6,sai-tz,2026-01-14,2026-02-13,11404.3,11404.3,paid
INV-2045,SO-2045,6b562e00-5380-224d-a1cc-e0653a3617e6,sai-tz,2025-12-20,2026-01-19,111975.96,111975.96,paid
INV-2046,SO-2046,6b562e00-5380-224d-a1cc-e0653a3617e6,sai-tz,2025-11-25,2025-12-25,138540.55,138540.55,paid
INV-2047,SO-2047,6b562e00-5380-224d-a1cc-e0653a3617e6,sai-tz,2025-10-31,2025-11-30,89341.72,89341.72,paid
INV-2048,SO-2048,6b562e00-5380-224d-a1cc-e0653a3617e6,sai-tz,2025-10-06,2025-11-05,17550.63,17550.63,paid
INV-2049,SO-2049,a0c565be-900e-95df-1213-4697fa3dc6a9,sai-ke,2026-07-07,2026-08-06,87370.35,0,outstanding
INV-2050,SO-2050,a0c565be-900e-95df-1213-4697fa3dc6a9,sai-ke,2026-06-11,2026-07-11,13947.67,13947.67,paid
INV-2051,SO-2051,a0c565be-900e-95df-1213-4697fa3dc6a9,sai-ke,2026-05-16,2026-06-15,154922.41,154922.41,paid
INV-2052,SO-2052,a0c565be-900e-95df-1213-4697fa3dc6a9,sai-ke,2026-04-20,2026-05-20,81038.61,81038.61,paid
INV-2053,SO-2053,a0c565be-900e-95df-1213-4697fa3dc6a9,sai-ke,2026-03-25,2026-04-24,104100.35,104100.35,paid
INV-2054,SO-2054,a0c565be-900e-95df-1213-4697fa3dc6a9,sai-ke,2026-02-27,2026-03-29,172100.31,172100.31,paid
INV-2055,SO-2055,a0c565be-900e-95df-1213-4697fa3dc6a9,sai-ke,2026-02-01,2026-03-03,33874.1,33874.1,paid
INV-2056,SO-2056,a0c565be-900e-95df-1213-4697fa3dc6a9,sai-ke,2026-01-06,2026-02-05,110880.47,110880.47,paid
INV-2057,SO-2057,a0c565be-900e-95df-1213-4697fa3dc6a9,sai-ke,2025-12-11,2026-01-10,74566.77,74566.77,paid
INV-2058,SO-2058,a0c565be-900e-95df-1213-4697fa3dc6a9,sai-ke,2025-11-15,2025-12-15,33608.89,33608.89,paid
INV-2059,SO-2059,a0c565be-900e-95df-1213-4697fa3dc6a9,sai-ke,2025-10-20,2025-11-19,149544.18,149544.18,paid
INV-2060,SO-2060,a0c565be-900e-95df-1213-4697fa3dc6a9,sai-ke,2025-09-24,2025-10-24,26663.85,26663.85,paid
INV-2061,SO-2061,2198fcae-b678-397a-2ebe-15c1c94a5532,sai-ke,2026-07-04,2026-08-03,169294.66,169294.66,paid
INV-2062,SO-2062,2198fcae-b678-397a-2ebe-15c1c94a5532,sai-ke,2026-06-05,2026-07-05,74793.06,74793.06,paid
INV-2063,SO-2063,2198fcae-b678-397a-2ebe-15c1c94a5532,sai-ke,2026-05-07,2026-06-06,110789.37,110789.37,paid
INV-2064,SO-2064,2198fcae-b678-397a-2ebe-15c1c94a5532,sai-ke,2026-04-08,2026-05-08,56296.61,56296.61,paid
INV-2065,SO-2065,2198fcae-b678-397a-2ebe-15c1c94a5532,sai-ke,2026-03-10,2026-04-09,116108.39,116108.39,paid
INV-2066,SO-2066,2198fcae-b678-397a-2ebe-15c1c94a5532,sai-ke,2026-02-09,2026-03-11,137253.59,137253.59,paid
INV-2067,SO-2067,2198fcae-b678-397a-2ebe-15c1c94a5532,sai-ke,2026-01-11,2026-02-10,71338.23,71338.23,paid
INV-2068,SO-2068,2198fcae-b678-397a-2ebe-15c1c94a5532,sai-ke,2025-12-13,2026-01-12,143137.02,143137.02,paid
INV-2069,SO-2069,2198fcae-b678-397a-2ebe-15c1c94a5532,sai-ke,2025-11-14,2025-12-14,144976.01,144976.01,paid
INV-2070,SO-2070,2198fcae-b678-397a-2ebe-15c1c94a5532,sai-ke,2025-10-16,2025-11-15,47236.22,47236.22,paid
INV-2071,SO-2071,2198fcae-b678-397a-2ebe-15c1c94a5532,sai-ke,2025-09-17,2025-10-17,125526.51,125526.51,paid
INV-2072,SO-2072,2198fcae-b678-397a-2ebe-15c1c94a5532,sai-ke,2025-08-19,2025-09-18,115675.07,115675.07,paid
INV-2073,SO-2073,fbadbef4-7a3d-b782-c9c7-a0778d6c0417,sai-ke,2026-07-04,2026-08-03,154781.49,154781.49,paid
INV-2074,SO-2074,fbadbef4-7a3d-b782-c9c7-a0778d6c0417,sai-ke,2026-06-05,2026-07-05,41237.21,41237.21,paid
INV-2075,SO-2075,fbadbef4-7a3d-b782-c9c7-a0778d6c0417,sai-ke,2026-05-07,2026-06-06,95962.95,95962.95,paid
INV-2076,SO-2076,fbadbef4-7a3d-b782-c9c7-a0778d6c0417,sai-ke,2026-04-08,2026-05-08,84834.3,84834.3,paid
INV-2077,SO-2077,fbadbef4-7a3d-b782-c9c7-a0778d6c0417,sai-ke,2026-03-10,2026-04-09,165060.89,165060.89,paid
INV-2078,SO-2078,fbadbef4-7a3d-b782-c9c7-a0778d6c0417,sai-ke,2026-02-09,2026-03-11,125569.57,125569.57,paid
INV-2079,SO-2079,fbadbef4-7a3d-b782-c9c7-a0778d6c0417,sai-ke,2026-01-11,2026-02-10,79429.83,79429.83,paid
INV-2080,SO-2080,fbadbef4-7a3d-b782-c9c7-a0778d6c0417,sai-ke,2025-12-13,2026-01-12,119149.16,119149.16,paid
INV-2081,SO-2081,fbadbef4-7a3d-b782-c9c7-a0778d6c0417,sai-ke,2025-11-14,2025-12-14,146444.55,146444.55,paid
INV-2082,SO-2082,fbadbef4-7a3d-b782-c9c7-a0778d6c0417,sai-ke,2025-10-16,2025-11-15,73646.54,73646.54,paid
INV-2083,SO-2083,fbadbef4-7a3d-b782-c9c7-a0778d6c0417,sai-ke,2025-09-17,2025-10-17,197772.07,197772.07,paid
INV-2084,SO-2084,fbadbef4-7a3d-b782-c9c7-a0778d6c0417,sai-ke,2025-08-19,2025-09-18,129232.14,129232.14,paid
INV-2085,SO-2085,70274f14-b261-bd97-100c-a3de0bddc6c2,sai-ke,2026-07-01,2026-07-31,130804.37,130804.37,paid
INV-2086,SO-2086,70274f14-b261-bd97-100c-a3de0bddc6c2,sai-ke,2026-05-30,2026-06-29,142502.09,142502.09,paid
INV-2087,SO-2087,70274f14-b261-bd97-100c-a3de0bddc6c2,sai-ke,2026-04-28,2026-05-28,60411.32,60411.32,paid
INV-2088,SO-2088,70274f14-b261-bd97-100c-a3de0bddc6c2,sai-ke,2026-03-27,2026-04-26,159089.85,159089.85,paid
INV-2089,SO-2089,70274f14-b261-bd97-100c-a3de0bddc6c2,sai-ke,2026-02-23,2026-03-25,130940.67,130940.67,paid
INV-2090,SO-2090,70274f14-b261-bd97-100c-a3de0bddc6c2,sai-ke,2026-01-22,2026-02-21,115752.51,115752.51,paid
INV-2091,SO-2091,70274f14-b261-bd97-100c-a3de0bddc6c2,sai-ke,2025-12-21,2026-01-20,200228.42,200228.42,paid
INV-2092,SO-2092,70274f14-b261-bd97-100c-a3de0bddc6c2,sai-ke,2025-11-19,2025-12-19,92940.15,92940.15,paid
INV-2093,SO-2093,70274f14-b261-bd97-100c-a3de0bddc6c2,sai-ke,2025-10-18,2025-11-17,105376.58,105376.58,paid
INV-2094,SO-2094,70274f14-b261-bd97-100c-a3de0bddc6c2,sai-ke,2025-09-16,2025-10-16,127460.86,127460.86,paid
INV-2095,SO-2095,d1799e4c-d526-50cb-a3ed-18dbd6b1a22f,sai-ke,2026-07-09,2026-08-08,197384.13,0,outstanding
INV-2096,SO-2096,d1799e4c-d526-50cb-a3ed-18dbd6b1a22f,sai-ke,2026-06-15,2026-07-15,15782.46,15782.46,paid
INV-2097,SO-2097,d1799e4c-d526-50cb-a3ed-18dbd6b1a22f,sai-ke,2026-05-22,2026-06-21,31116.34,31116.34,paid
INV-2098,SO-2098,d1799e4c-d526-50cb-a3ed-18dbd6b1a22f,sai-ke,2026-04-28,2026-05-28,46067.63,46067.63,paid
INV-2099,SO-2099,d1799e4c-d526-50cb-a3ed-18dbd6b1a22f,sai-ke,2026-04-04,2026-05-04,89141.28,89141.28,paid
INV-2100,SO-2100,d1799e4c-d526-50cb-a3ed-18dbd6b1a22f,sai-ke,2026-03-11,2026-04-10,63430.23,63430.23,paid
INV-2101,SO-2101,d1799e4c-d526-50cb-a3ed-18dbd6b1a22f,sai-ke,2026-02-15,2026-03-17,55685.54,55685.54,paid
INV-2102,SO-2102,d1799e4c-d526-50cb-a3ed-18dbd6b1a22f,sai-ke,2026-01-22,2026-02-21,12605.79,12605.79,paid
INV-2103,SO-2103,d1799e4c-d526-50cb-a3ed-18dbd6b1a22f,sai-ke,2025-12-29,2026-01-28,138346.91,138346.91,paid
INV-2104,SO-2104,d1799e4c-d526-50cb-a3ed-18dbd6b1a22f,sai-ke,2025-12-05,2026-01-04,77946.8,77946.8,paid
INV-2105,SO-2105,d1799e4c-d526-50cb-a3ed-18dbd6b1a22f,sai-ke,2025-11-11,2025-12-11,116557.7,116557.7,paid
INV-2106,SO-2106,d1799e4c-d526-50cb-a3ed-18dbd6b1a22f,sai-ke,2025-10-18,2025-11-17,66922.66,66922.66,paid
INV-2107,SO-2107,a9d0b8b9-076f-71ce-2bc7-1816d9834567,sai-tz,2026-07-25,2026-08-24,49011.3,0,outstanding
INV-2108,SO-2108,a9d0b8b9-076f-71ce-2bc7-1816d9834567,sai-tz,2026-06-26,2026-07-26,70348.52,70348.52,paid
INV-2109,SO-2109,a9d0b8b9-076f-71ce-2bc7-1816d9834567,sai-tz,2026-05-28,2026-06-27,82857.76,82857.76,paid
INV-2110,SO-2110,a9d0b8b9-076f-71ce-2bc7-1816d9834567,sai-tz,2026-04-29,2026-05-29,110027.95,110027.95,paid
INV-2111,SO-2111,a9d0b8b9-076f-71ce-2bc7-1816d9834567,sai-tz,2026-03-31,2026-04-30,90482.56,90482.56,paid
INV-2112,SO-2112,a9d0b8b9-076f-71ce-2bc7-1816d9834567,sai-tz,2026-03-02,2026-04-01,147521.09,147521.09,paid
INV-2113,SO-2113,a9d0b8b9-076f-71ce-2bc7-1816d9834567,sai-tz,2026-02-01,2026-03-03,25912.94,25912.94,paid
INV-2114,SO-2114,a9d0b8b9-076f-71ce-2bc7-1816d9834567,sai-tz,2026-01-03,2026-02-02,16833.17,16833.17,paid
INV-2115,SO-2115,a9d0b8b9-076f-71ce-2bc7-1816d9834567,sai-tz,2025-12-05,2026-01-04,89885.71,89885.71,paid
INV-2116,SO-2116,a9d0b8b9-076f-71ce-2bc7-1816d9834567,sai-tz,2025-11-06,2025-12-06,122071.86,122071.86,paid
INV-2117,SO-2117,a9d0b8b9-076f-71ce-2bc7-1816d9834567,sai-tz,2025-10-08,2025-11-07,28509.32,28509.32,paid
INV-2118,SO-2118,a9d0b8b9-076f-71ce-2bc7-1816d9834567,sai-tz,2025-09-09,2025-10-09,203089.74,203089.74,paid
INV-2119,SO-2119,94fe56f4-73dc-9f8d-0db4-a784e97fedc4,sai-ke,2026-08-10,2026-09-09,74995.06,0,outstanding
INV-2120,SO-2120,94fe56f4-73dc-9f8d-0db4-a784e97fedc4,sai-ke,2026-07-16,2026-08-15,85532.67,0,outstanding
INV-2121,SO-2121,94fe56f4-73dc-9f8d-0db4-a784e97fedc4,sai-ke,2026-06-21,2026-07-21,52171.53,52171.53,paid
INV-2122,SO-2122,94fe56f4-73dc-9f8d-0db4-a784e97fedc4,sai-ke,2026-05-27,2026-06-26,161772.02,161772.02,paid
INV-2123,SO-2123,94fe56f4-73dc-9f8d-0db4-a784e97fedc4,sai-ke,2026-05-02,2026-06-01,63432.19,63432.19,paid
INV-2124,SO-2124,94fe56f4-73dc-9f8d-0db4-a784e97fedc4,sai-ke,2026-04-07,2026-05-07,144009.27,144009.27,paid
INV-2125,SO-2125,94fe56f4-73dc-9f8d-0db4-a784e97fedc4,sai-ke,2026-03-13,2026-04-12,117933.48,117933.48,paid
INV-2126,SO-2126,94fe56f4-73dc-9f8d-0db4-a784e97fedc4,sai-ke,2026-02-16,2026-03-18,75504.64,75504.64,paid
INV-2127,SO-2127,94fe56f4-73dc-9f8d-0db4-a784e97fedc4,sai-ke,2026-01-22,2026-02-21,140066.04,140066.04,paid
INV-2128,SO-2128,94fe56f4-73dc-9f8d-0db4-a784e97fedc4,sai-ke,2025-12-28,2026-01-27,180137.12,180137.12,paid
INV-2129,SO-2129,94fe56f4-73dc-9f8d-0db4-a784e97fedc4,sai-ke,2025-12-03,2026-01-02,22164.41,22164.41,paid
INV-2130,SO-2130,94fe56f4-73dc-9f8d-0db4-a784e97fedc4,sai-ke,2025-11-08,2025-12-08,172198.71,172198.71,paid
INV-2131,SO-2131,c331d694-9eab-fac3-010e-df895fb6c6c3,sai-ke,2026-08-07,2026-09-06,114080.58,0,outstanding
INV-2132,SO-2132,c331d694-9eab-fac3-010e-df895fb6c6c3,sai-ke,2026-07-06,2026-08-05,109726.86,109726.86,paid
INV-2133,SO-2133,c331d694-9eab-fac3-010e-df895fb6c6c3,sai-ke,2026-06-04,2026-07-04,156815.92,156815.92,paid
INV-2134,SO-2134,c331d694-9eab-fac3-010e-df895fb6c6c3,sai-ke,2026-05-03,2026-06-02,135823.21,135823.21,paid
INV-2135,SO-2135,c331d694-9eab-fac3-010e-df895fb6c6c3,sai-ke,2026-04-01,2026-05-01,111347.62,111347.62,paid
INV-2136,SO-2136,c331d694-9eab-fac3-010e-df895fb6c6c3,sai-ke,2026-02-28,2026-03-30,124801.02,124801.02,paid
INV-2137,SO-2137,c331d694-9eab-fac3-010e-df895fb6c6c3,sai-ke,2026-01-27,2026-02-26,15644.95,15644.95,paid
INV-2138,SO-2138,c331d694-9eab-fac3-010e-df895fb6c6c3,sai-ke,2025-12-26,2026-01-25,29531.76,29531.76,paid
INV-2139,SO-2139,c331d694-9eab-fac3-010e-df895fb6c6c3,sai-ke,2025-11-24,2025-12-24,95744.34,95744.34,paid
INV-2140,SO-2140,c331d694-9eab-fac3-010e-df895fb6c6c3,sai-ke,2025-10-23,2025-11-22,61521.48,61521.48,paid
INV-2141,SO-2141,c331d694-9eab-fac3-010e-df895fb6c6c3,sai-ke,2025-09-21,2025-10-21,54229.49,54229.49,paid
INV-2142,SO-2142,c331d694-9eab-fac3-010e-df895fb6c6c3,sai-ke,2025-08-20,2025-09-19,109318.59,109318.59,paid
INV-2143,SO-2143,07ea7ec8-6b78-953f-0b66-ad7cd3b3ba4d,sai-ke,2026-08-01,2026-08-31,138143.27,0,outstanding
INV-2144,SO-2144,07ea7ec8-6b78-953f-0b66-ad7cd3b3ba4d,sai-ke,2026-07-03,2026-08-02,133382.48,133382.48,paid
INV-2145,SO-2145,07ea7ec8-6b78-953f-0b66-ad7cd3b3ba4d,sai-ke,2026-06-04,2026-07-04,92126.49,92126.49,paid
INV-2146,SO-2146,07ea7ec8-6b78-953f-0b66-ad7cd3b3ba4d,sai-ke,2026-05-06,2026-06-05,74297.76,74297.76,paid
INV-2147,SO-2147,07ea7ec8-6b78-953f-0b66-ad7cd3b3ba4d,sai-ke,2026-04-07,2026-05-07,150128.63,150128.63,paid
INV-2148,SO-2148,07ea7ec8-6b78-953f-0b66-ad7cd3b3ba4d,sai-ke,2026-03-09,2026-04-08,30217.25,30217.25,paid
INV-2149,SO-2149,07ea7ec8-6b78-953f-0b66-ad7cd3b3ba4d,sai-ke,2026-02-08,2026-03-10,83383.56,83383.56,paid
INV-2150,SO-2150,07ea7ec8-6b78-953f-0b66-ad7cd3b3ba4d,sai-ke,2026-01-10,2026-02-09,69576.5,69576.5,paid
INV-2151,SO-2151,07ea7ec8-6b78-953f-0b66-ad7cd3b3ba4d,sai-ke,2025-12-12,2026-01-11,71620.2,71620.2,paid
INV-2152,SO-2152,07ea7ec8-6b78-953f-0b66-ad7cd3b3ba4d,sai-ke,2025-11-13,2025-12-13,120404.09,120404.09,paid
INV-2153,SO-2153,07ea7ec8-6b78-953f-0b66-ad7cd3b3ba4d,sai-ke,2025-10-15,2025-11-14,92584.18,92584.18,paid
INV-2154,SO-2154,07ea7ec8-6b78-953f-0b66-ad7cd3b3ba4d,sai-ke,2025-09-16,2025-10-16,90198.82,90198.82,paid
INV-2155,SO-2155,767c0c6f-9fe5-eed6-6962-a4952889f486,sai-ke,2026-08-01,2026-08-31,155294.03,0,outstanding
INV-2156,SO-2156,767c0c6f-9fe5-eed6-6962-a4952889f486,sai-ke,2026-07-06,2026-08-05,81597.28,81597.28,paid
INV-2157,SO-2157,767c0c6f-9fe5-eed6-6962-a4952889f486,sai-ke,2026-06-10,2026-07-10,211821.71,211821.71,paid
INV-2158,SO-2158,767c0c6f-9fe5-eed6-6962-a4952889f486,sai-ke,2026-05-15,2026-06-14,53688.6,53688.6,paid
INV-2159,SO-2159,767c0c6f-9fe5-eed6-6962-a4952889f486,sai-ke,2026-04-19,2026-05-19,61126.78,61126.78,paid
INV-2160,SO-2160,767c0c6f-9fe5-eed6-6962-a4952889f486,sai-ke,2026-03-24,2026-04-23,173506.84,173506.84,paid
INV-2161,SO-2161,767c0c6f-9fe5-eed6-6962-a4952889f486,sai-ke,2026-02-26,2026-03-28,56205.64,56205.64,paid
INV-2162,SO-2162,767c0c6f-9fe5-eed6-6962-a4952889f486,sai-ke,2026-01-31,2026-03-02,94119.29,94119.29,paid
INV-2163,SO-2163,767c0c6f-9fe5-eed6-6962-a4952889f486,sai-ke,2026-01-05,2026-02-04,108204.85,108204.85,paid
INV-2164,SO-2164,767c0c6f-9fe5-eed6-6962-a4952889f486,sai-ke,2025-12-10,2026-01-09,82384.71,82384.71,paid
INV-2165,SO-2165,767c0c6f-9fe5-eed6-6962-a4952889f486,sai-ke,2025-11-14,2025-12-14,107871.51,107871.51,paid
INV-2166,SO-2166,767c0c6f-9fe5-eed6-6962-a4952889f486,sai-ke,2025-10-19,2025-11-18,51604.06,51604.06,paid
INV-2167,SO-2167,2d88b186-a85b-af34-53ba-732eee247387,sai-ke,2026-08-07,2026-09-06,110988.19,0,outstanding
INV-2168,SO-2168,2d88b186-a85b-af34-53ba-732eee247387,sai-ke,2026-07-07,2026-08-06,62190.71,0,outstanding
INV-2169,SO-2169,2d88b186-a85b-af34-53ba-732eee247387,sai-ke,2026-06-06,2026-07-06,118682.92,118682.92,paid
INV-2170,SO-2170,2d88b186-a85b-af34-53ba-732eee247387,sai-ke,2026-05-06,2026-06-05,43915.7,43915.7,paid
INV-2171,SO-2171,2d88b186-a85b-af34-53ba-732eee247387,sai-ke,2026-04-05,2026-05-05,95776.75,95776.75,paid
INV-2172,SO-2172,2d88b186-a85b-af34-53ba-732eee247387,sai-ke,2026-03-05,2026-04-04,56060.89,56060.89,paid
INV-2173,SO-2173,2d88b186-a85b-af34-53ba-732eee247387,sai-ke,2026-02-02,2026-03-04,50889.01,50889.01,paid
INV-2174,SO-2174,2d88b186-a85b-af34-53ba-732eee247387,sai-ke,2026-01-02,2026-02-01,78233.62,78233.62,paid
INV-2175,SO-2175,2d88b186-a85b-af34-53ba-732eee247387,sai-ke,2025-12-02,2026-01-01,19901.49,19901.49,paid
INV-2176,SO-2176,2d88b186-a85b-af34-53ba-732eee247387,sai-ke,2025-11-01,2025-12-01,85822.24,85822.24,paid
INV-2177,SO-2177,2d88b186-a85b-af34-53ba-732eee247387,sai-ke,2025-10-01,2025-10-31,140448.98,140448.98,paid
INV-2178,SO-2178,2d88b186-a85b-af34-53ba-732eee247387,sai-ke,2025-08-31,2025-09-30,70791.51,70791.51,paid
INV-2179,SO-2179,04c823b4-adac-2af1-e7ad-31e0930ab83a,sai-ke,2026-07-22,2026-08-21,111698.89,0,outstanding
INV-2180,SO-2180,04c823b4-adac-2af1-e7ad-31e0930ab83a,sai-ke,2026-06-21,2026-07-21,87902.91,87902.91,paid
INV-2181,SO-2181,04c823b4-adac-2af1-e7ad-31e0930ab83a,sai-ke,2026-05-21,2026-06-20,86167.39,86167.39,paid
INV-2182,SO-2182,04c823b4-adac-2af1-e7ad-31e0930ab83a,sai-ke,2026-04-20,2026-05-20,171899.17,171899.17,paid
INV-2183,SO-2183,04c823b4-adac-2af1-e7ad-31e0930ab83a,sai-ke,2026-03-20,2026-04-19,65677.68,65677.68,paid
INV-2184,SO-2184,04c823b4-adac-2af1-e7ad-31e0930ab83a,sai-ke,2026-02-17,2026-03-19,74716.11,74716.11,paid
INV-2185,SO-2185,04c823b4-adac-2af1-e7ad-31e0930ab83a,sai-ke,2026-01-17,2026-02-16,128712.35,128712.35,paid
INV-2186,SO-2186,04c823b4-adac-2af1-e7ad-31e0930ab83a,sai-ke,2025-12-17,2026-01-16,183805.07,183805.07,paid
INV-2187,SO-2187,04c823b4-adac-2af1-e7ad-31e0930ab83a,sai-ke,2025-11-16,2025-12-16,156499.4,156499.4,paid
INV-2188,SO-2188,04c823b4-adac-2af1-e7ad-31e0930ab83a,sai-ke,2025-10-16,2025-11-15,46877.0,46877.0,paid
INV-2189,SO-2189,04c823b4-adac-2af1-e7ad-31e0930ab83a,sai-ke,2025-09-15,2025-10-15,172214.39,172214.39,paid
INV-2190,SO-2190,7cda934e-9aab-cb6f-4cd4-abd78f657ab9,sai-tz,2026-07-28,2026-08-27,63392.61,0,outstanding
INV-2191,SO-2191,7cda934e-9aab-cb6f-4cd4-abd78f657ab9,sai-tz,2026-07-04,2026-08-03,119936.81,119936.81,paid
INV-2192,SO-2192,7cda934e-9aab-cb6f-4cd4-abd78f657ab9,sai-tz,2026-06-10,2026-07-10,116918.4,116918.4,paid
INV-2193,SO-2193,7cda934e-9aab-cb6f-4cd4-abd78f657ab9,sai-tz,2026-05-17,2026-06-16,53074.59,53074.59,paid
INV-2194,SO-2194,7cda934e-9aab-cb6f-4cd4-abd78f657ab9,sai-tz,2026-04-23,2026-05-23,68589.04,68589.04,paid
INV-2195,SO-2195,7cda934e-9aab-cb6f-4cd4-abd78f657ab9,sai-tz,2026-03-30,2026-04-29,47305.28,47305.28,paid
INV-2196,SO-2196,7cda934e-9aab-cb6f-4cd4-abd78f657ab9,sai-tz,2026-03-06,2026-04-05,35357.01,35357.01,paid
INV-2197,SO-2197,7cda934e-9aab-cb6f-4cd4-abd78f657ab9,sai-tz,2026-02-10,2026-03-12,112878.15,112878.15,paid
INV-2198,SO-2198,7cda934e-9aab-cb6f-4cd4-abd78f657ab9,sai-tz,2026-01-17,2026-02-16,53617.5,53617.5,paid
INV-2199,SO-2199,7cda934e-9aab-cb6f-4cd4-abd78f657ab9,sai-tz,2025-12-24,2026-01-23,71414.59,71414.59,paid
INV-2200,SO-2200,7cda934e-9aab-cb6f-4cd4-abd78f657ab9,sai-tz,2025-11-30,2025-12-30,157092.51,157092.51,paid
INV-2201,SO-2201,7cda934e-9aab-cb6f-4cd4-abd78f657ab9,sai-tz,2025-11-06,2025-12-06,128315.91,128315.91,paid
INV-2202,SO-2202,75891ee8-ff77-b7cc-3ab3-5af3772f7f5a,sai-ke,2026-08-05,2026-09-04,74699.42,0,outstanding
INV-2203,SO-2203,75891ee8-ff77-b7cc-3ab3-5af3772f7f5a,sai-ke,2026-07-05,2026-08-04,29935.92,29935.92,paid
INV-2204,SO-2204,75891ee8-ff77-b7cc-3ab3-5af3772f7f5a,sai-ke,2026-06-04,2026-07-04,117875.29,117875.29,paid
INV-2205,SO-2205,75891ee8-ff77-b7cc-3ab3-5af3772f7f5a,sai-ke,2026-05-04,2026-06-03,66537.89,66537.89,paid
INV-2206,SO-2206,75891ee8-ff77-b7cc-3ab3-5af3772f7f5a,sai-ke,2026-04-03,2026-05-03,67652.53,67652.53,paid
INV-2207,SO-2207,75891ee8-ff77-b7cc-3ab3-5af3772f7f5a,sai-ke,2026-03-03,2026-04-02,329250.13,329250.13,paid
INV-2208,SO-2208,75891ee8-ff77-b7cc-3ab3-5af3772f7f5a,sai-ke,2026-01-31,2026-03-02,143188.02,143188.02,paid
INV-2209,SO-2209,75891ee8-ff77-b7cc-3ab3-5af3772f7f5a,sai-ke,2025-12-31,2026-01-30,212001.11,212001.11,paid
INV-2210,SO-2210,75891ee8-ff77-b7cc-3ab3-5af3772f7f5a,sai-ke,2025-11-30,2025-12-30,100170.65,100170.65,paid
INV-2211,SO-2211,75891ee8-ff77-b7cc-3ab3-5af3772f7f5a,sai-ke,2025-10-30,2025-11-29,76844.95,76844.95,paid
INV-2212,SO-2212,75891ee8-ff77-b7cc-3ab3-5af3772f7f5a,sai-ke,2025-09-29,2025-10-29,180842.33,180842.33,paid
INV-2213,SO-2213,75891ee8-ff77-b7cc-3ab3-5af3772f7f5a,sai-ke,2025-08-29,2025-09-28,96860.9,96860.9,paid
INV-2214,SO-2214,9d8ade04-d1b3-022b-a213-db5ef2c0b831,sai-ke,2026-07-28,2026-08-27,76128.91,0,outstanding
INV-2215,SO-2215,9d8ade04-d1b3-022b-a213-db5ef2c0b831,sai-ke,2026-07-02,2026-08-01,99818.31,99818.31,paid
INV-2216,SO-2216,9d8ade04-d1b3-022b-a213-db5ef2c0b831,sai-ke,2026-06-06,2026-07-06,134868.4,134868.4,paid
INV-2217,SO-2217,9d8ade04-d1b3-022b-a213-db5ef2c0b831,sai-ke,2026-05-11,2026-06-10,218952.17,218952.17,paid
INV-2218,SO-2218,9d8ade04-d1b3-022b-a213-db5ef2c0b831,sai-ke,2026-04-15,2026-05-15,143109.47,143109.47,paid
INV-2219,SO-2219,9d8ade04-d1b3-022b-a213-db5ef2c0b831,sai-ke,2026-03-20,2026-04-19,126241.29,126241.29,paid
INV-2220,SO-2220,9d8ade04-d1b3-022b-a213-db5ef2c0b831,sai-ke,2026-02-22,2026-03-24,43869.9,43869.9,paid
INV-2221,SO-2221,9d8ade04-d1b3-022b-a213-db5ef2c0b831,sai-ke,2026-01-27,2026-02-26,148919.13,148919.13,paid
INV-2222,SO-2222,9d8ade04-d1b3-022b-a213-db5ef2c0b831,sai-ke,2026-01-01,2026-01-31,264171.52,264171.52,paid
INV-2223,SO-2223,9d8ade04-d1b3-022b-a213-db5ef2c0b831,sai-ke,2025-12-06,2026-01-05,114570.09,114570.09,paid
INV-2224,SO-2224,9d8ade04-d1b3-022b-a213-db5ef2c0b831,sai-ke,2025-11-10,2025-12-10,100712.73,100712.73,paid
INV-2225,SO-2225,9d8ade04-d1b3-022b-a213-db5ef2c0b831,sai-ke,2025-10-15,2025-11-14,133396.09,133396.09,paid
INV-2226,SO-2226,49b3cfd6-582c-702c-b9ae-bd7911f87156,sai-ke,2026-08-04,2026-09-03,46457.98,0,outstanding
INV-2227,SO-2227,49b3cfd6-582c-702c-b9ae-bd7911f87156,sai-ke,2026-07-08,2026-08-07,150964.16,0,outstanding
INV-2228,SO-2228,49b3cfd6-582c-702c-b9ae-bd7911f87156,sai-ke,2026-06-11,2026-07-11,163941.32,163941.32,paid
INV-2229,SO-2229,49b3cfd6-582c-702c-b9ae-bd7911f87156,sai-ke,2026-05-15,2026-06-14,65106.13,65106.13,paid
INV-2230,SO-2230,49b3cfd6-582c-702c-b9ae-bd7911f87156,sai-ke,2026-04-18,2026-05-18,72821.64,72821.64,paid
INV-2231,SO-2231,49b3cfd6-582c-702c-b9ae-bd7911f87156,sai-ke,2026-03-22,2026-04-21,83787.08,83787.08,paid
INV-2232,SO-2232,49b3cfd6-582c-702c-b9ae-bd7911f87156,sai-ke,2026-02-23,2026-03-25,93513.96,93513.96,paid
INV-2233,SO-2233,49b3cfd6-582c-702c-b9ae-bd7911f87156,sai-ke,2026-01-27,2026-02-26,56747.62,56747.62,paid
INV-2234,SO-2234,49b3cfd6-582c-702c-b9ae-bd7911f87156,sai-ke,2025-12-31,2026-01-30,109846.71,109846.71,paid
INV-2235,SO-2235,49b3cfd6-582c-702c-b9ae-bd7911f87156,sai-ke,2025-12-04,2026-01-03,169516.63,169516.63,paid
INV-2236,SO-2236,49b3cfd6-582c-702c-b9ae-bd7911f87156,sai-ke,2025-11-07,2025-12-07,81562.67,81562.67,paid
INV-2237,SO-2237,49b3cfd6-582c-702c-b9ae-bd7911f87156,sai-ke,2025-10-11,2025-11-10,157705.86,157705.86,paid
INV-2238,SO-2238,73a024ee-4954-3236-9f12-654a9e4b07f8,sai-ke,2026-07-24,2026-08-23,28813.02,0,outstanding
INV-2239,SO-2239,73a024ee-4954-3236-9f12-654a9e4b07f8,sai-ke,2026-06-23,2026-07-23,35388.68,35388.68,paid
INV-2240,SO-2240,73a024ee-4954-3236-9f12-654a9e4b07f8,sai-ke,2026-05-23,2026-06-22,114964.51,114964.51,paid
INV-2241,SO-2241,73a024ee-4954-3236-9f12-654a9e4b07f8,sai-ke,2026-04-22,2026-05-22,102615.22,102615.22,paid
INV-2242,SO-2242,73a024ee-4954-3236-9f12-654a9e4b07f8,sai-ke,2026-03-22,2026-04-21,168727.01,168727.01,paid
INV-2243,SO-2243,73a024ee-4954-3236-9f12-654a9e4b07f8,sai-ke,2026-02-19,2026-03-21,72793.58,72793.58,paid
INV-2244,SO-2244,73a024ee-4954-3236-9f12-654a9e4b07f8,sai-ke,2026-01-19,2026-02-18,89525.53,89525.53,paid
INV-2245,SO-2245,73a024ee-4954-3236-9f12-654a9e4b07f8,sai-ke,2025-12-19,2026-01-18,105713.51,105713.51,paid
INV-2246,SO-2246,73a024ee-4954-3236-9f12-654a9e4b07f8,sai-ke,2025-11-18,2025-12-18,80591.65,80591.65,paid
INV-2247,SO-2247,73a024ee-4954-3236-9f12-654a9e4b07f8,sai-ke,2025-10-18,2025-11-17,66780.72,66780.72,paid
INV-2248,SO-2248,73a024ee-4954-3236-9f12-654a9e4b07f8,sai-ke,2025-09-17,2025-10-17,25589.86,25589.86,paid
INV-2249,SO-2249,73a024ee-4954-3236-9f12-654a9e4b07f8,sai-ke,2025-08-17,2025-09-16,51844.58,51844.58,paid
INV-2250,SO-2250,aac19ab6-a142-9f98-39ea-dcc7c5e38c9d,sai-tz,2026-08-02,2026-09-01,83892.64,0,outstanding
INV-2251,SO-2251,aac19ab6-a142-9f98-39ea-dcc7c5e38c9d,sai-tz,2026-07-04,2026-08-03,57984.44,57984.44,paid
INV-2252,SO-2252,aac19ab6-a142-9f98-39ea-dcc7c5e38c9d,sai-tz,2026-06-05,2026-07-05,178399.17,178399.17,paid
INV-2253,SO-2253,aac19ab6-a142-9f98-39ea-dcc7c5e38c9d,sai-tz,2026-05-07,2026-06-06,56508.52,56508.52,paid
INV-2254,SO-2254,aac19ab6-a142-9f98-39ea-dcc7c5e38c9d,sai-tz,2026-04-08,2026-05-08,114289.97,114289.97,paid
INV-2255,SO-2255,aac19ab6-a142-9f98-39ea-dcc7c5e38c9d,sai-tz,2026-03-10,2026-04-09,6932.38,6932.38,paid
INV-2256,SO-2256,aac19ab6-a142-9f98-39ea-dcc7c5e38c9d,sai-tz,2026-02-09,2026-03-11,106013.2,106013.2,paid
INV-2257,SO-2257,aac19ab6-a142-9f98-39ea-dcc7c5e38c9d,sai-tz,2026-01-11,2026-02-10,150464.11,150464.11,paid
INV-2258,SO-2258,aac19ab6-a142-9f98-39ea-dcc7c5e38c9d,sai-tz,2025-12-13,2026-01-12,114873.36,114873.36,paid
INV-2259,SO-2259,aac19ab6-a142-9f98-39ea-dcc7c5e38c9d,sai-tz,2025-11-14,2025-12-14,86886.04,86886.04,paid
INV-2260,SO-2260,aac19ab6-a142-9f98-39ea-dcc7c5e38c9d,sai-tz,2025-10-16,2025-11-15,14976.66,14976.66,paid
INV-2261,SO-2261,aac19ab6-a142-9f98-39ea-dcc7c5e38c9d,sai-tz,2025-09-17,2025-10-17,85684.55,85684.55,paid
INV-2262,SO-2262,15cdfa54-0dd4-f1ab-e9dc-2169d092207a,sai-ke,2026-08-04,2026-09-03,152003.18,0,outstanding
INV-2263,SO-2263,15cdfa54-0dd4-f1ab-e9dc-2169d092207a,sai-ke,2026-07-10,2026-08-09,143964.86,0,outstanding
INV-2264,SO-2264,15cdfa54-0dd4-f1ab-e9dc-2169d092207a,sai-ke,2026-06-15,2026-07-15,87917.35,87917.35,paid
INV-2265,SO-2265,15cdfa54-0dd4-f1ab-e9dc-2169d092207a,sai-ke,2026-05-21,2026-06-20,79366.74,79366.74,paid
INV-2266,SO-2266,15cdfa54-0dd4-f1ab-e9dc-2169d092207a,sai-ke,2026-04-26,2026-05-26,137246.25,137246.25,paid
INV-2267,SO-2267,15cdfa54-0dd4-f1ab-e9dc-2169d092207a,sai-ke,2026-04-01,2026-05-01,74966.5,74966.5,paid
INV-2268,SO-2268,15cdfa54-0dd4-f1ab-e9dc-2169d092207a,sai-ke,2026-03-07,2026-04-06,52754.57,52754.57,paid
INV-2269,SO-2269,15cdfa54-0dd4-f1ab-e9dc-2169d092207a,sai-ke,2026-02-10,2026-03-12,107206.55,107206.55,paid
INV-2270,SO-2270,15cdfa54-0dd4-f1ab-e9dc-2169d092207a,sai-ke,2026-01-16,2026-02-15,110747.68,110747.68,paid
INV-2271,SO-2271,15cdfa54-0dd4-f1ab-e9dc-2169d092207a,sai-ke,2025-12-22,2026-01-21,151966.97,151966.97,paid
INV-2272,SO-2272,15cdfa54-0dd4-f1ab-e9dc-2169d092207a,sai-ke,2025-11-27,2025-12-27,130702.66,130702.66,paid
INV-2273,SO-2273,15cdfa54-0dd4-f1ab-e9dc-2169d092207a,sai-ke,2025-11-02,2025-12-02,182017.62,182017.62,paid
INV-2274,SO-2274,07adceca-7f95-305b-444a-82b96276faf2,sai-tz,2026-08-03,2026-09-02,96693.26,0,outstanding
INV-2275,SO-2275,07adceca-7f95-305b-444a-82b96276faf2,sai-tz,2026-07-02,2026-08-01,48965.72,48965.72,paid
INV-2276,SO-2276,07adceca-7f95-305b-444a-82b96276faf2,sai-tz,2026-05-31,2026-06-30,44174.2,44174.2,paid
INV-2277,SO-2277,07adceca-7f95-305b-444a-82b96276faf2,sai-tz,2026-04-29,2026-05-29,12263.81,12263.81,paid
INV-2278,SO-2278,07adceca-7f95-305b-444a-82b96276faf2,sai-tz,2026-03-28,2026-04-27,6799.27,6799.27,paid
INV-2279,SO-2279,07adceca-7f95-305b-444a-82b96276faf2,sai-tz,2026-02-24,2026-03-26,176224.76,176224.76,paid
INV-2280,SO-2280,07adceca-7f95-305b-444a-82b96276faf2,sai-tz,2026-01-23,2026-02-22,18197.6,18197.6,paid
INV-2281,SO-2281,07adceca-7f95-305b-444a-82b96276faf2,sai-tz,2025-12-22,2026-01-21,95340.61,95340.61,paid
INV-2282,SO-2282,07adceca-7f95-305b-444a-82b96276faf2,sai-tz,2025-11-20,2025-12-20,36556.37,36556.37,paid
INV-2283,SO-2283,07adceca-7f95-305b-444a-82b96276faf2,sai-tz,2025-10-19,2025-11-18,82997.43,82997.43,paid
INV-2284,SO-2284,07adceca-7f95-305b-444a-82b96276faf2,sai-tz,2025-09-17,2025-10-17,45526.54,45526.54,paid
INV-2285,SO-2285,07adceca-7f95-305b-444a-82b96276faf2,sai-tz,2025-08-16,2025-09-15,111650.64,111650.64,paid
INV-2286,SO-2286,33729b60-8b0b-ac69-5da0-6057f4a19148,sai-ke,2026-07-31,2026-08-30,73965.68,0,outstanding
INV-2287,SO-2287,33729b60-8b0b-ac69-5da0-6057f4a19148,sai-ke,2026-06-29,2026-07-29,41737.44,41737.44,paid
INV-2288,SO-2288,33729b60-8b0b-ac69-5da0-6057f4a19148,sai-ke,2026-05-28,2026-06-27,126494.44,126494.44,paid
INV-2289,SO-2289,33729b60-8b0b-ac69-5da0-6057f4a19148,sai-ke,2026-04-26,2026-05-26,75687.68,75687.68,paid
INV-2290,SO-2290,33729b60-8b0b-ac69-5da0-6057f4a19148,sai-ke,2026-03-25,2026-04-24,54341.74,54341.74,paid
INV-2291,SO-2291,33729b60-8b0b-ac69-5da0-6057f4a19148,sai-ke,2026-02-21,2026-03-23,100654.85,100654.85,paid
INV-2292,SO-2292,33729b60-8b0b-ac69-5da0-6057f4a19148,sai-ke,2026-01-20,2026-02-19,64076.58,64076.58,paid
INV-2293,SO-2293,33729b60-8b0b-ac69-5da0-6057f4a19148,sai-ke,2025-12-19,2026-01-18,114705.21,114705.21,paid
INV-2294,SO-2294,33729b60-8b0b-ac69-5da0-6057f4a19148,sai-ke,2025-11-17,2025-12-17,55395.72,55395.72,paid
INV-2295,SO-2295,33729b60-8b0b-ac69-5da0-6057f4a19148,sai-ke,2025-10-16,2025-11-15,107107.08,107107.08,paid
INV-2296,SO-2296,33729b60-8b0b-ac69-5da0-6057f4a19148,sai-ke,2025-09-14,2025-10-14,22112.18,22112.18,paid
INV-2297,SO-2297,e55f68bc-a73a-e9a3-7089-c1b02e0e0e94,sai-tz,2026-08-07,2026-09-06,19032.55,0,outstanding
INV-2298,SO-2298,e55f68bc-a73a-e9a3-7089-c1b02e0e0e94,sai-tz,2026-07-11,2026-08-10,20536.54,0,outstanding
INV-2299,SO-2299,e55f68bc-a73a-e9a3-7089-c1b02e0e0e94,sai-tz,2026-06-14,2026-07-14,24412.35,24412.35,paid
INV-2300,SO-2300,e55f68bc-a73a-e9a3-7089-c1b02e0e0e94,sai-tz,2026-05-18,2026-06-17,21225.37,21225.37,paid
INV-2301,SO-2301,e55f68bc-a73a-e9a3-7089-c1b02e0e0e94,sai-tz,2026-04-21,2026-05-21,11247.43,11247.43,paid
INV-2302,SO-2302,e55f68bc-a73a-e9a3-7089-c1b02e0e0e94,sai-tz,2026-03-25,2026-04-24,89890.01,89890.01,paid
INV-2303,SO-2303,e55f68bc-a73a-e9a3-7089-c1b02e0e0e94,sai-tz,2026-02-26,2026-03-28,62683.04,62683.04,paid
INV-2304,SO-2304,e55f68bc-a73a-e9a3-7089-c1b02e0e0e94,sai-tz,2026-01-30,2026-03-01,57743.77,57743.77,paid
INV-2305,SO-2305,e55f68bc-a73a-e9a3-7089-c1b02e0e0e94,sai-tz,2026-01-03,2026-02-02,124873.99,124873.99,paid
INV-2306,SO-2306,e55f68bc-a73a-e9a3-7089-c1b02e0e0e94,sai-tz,2025-12-07,2026-01-06,110995.71,110995.71,paid
INV-2307,SO-2307,e55f68bc-a73a-e9a3-7089-c1b02e0e0e94,sai-tz,2025-11-10,2025-12-10,61687.96,61687.96,paid
INV-2308,SO-2308,e55f68bc-a73a-e9a3-7089-c1b02e0e0e94,sai-tz,2025-10-14,2025-11-13,64351.37,64351.37,paid
INV-2309,SO-2309,26e918e8-5d7f-2dd9-b7d4-f81e963d9690,sai-ke,2026-08-09,2026-09-08,56767.86,0,outstanding
INV-2310,SO-2310,26e918e8-5d7f-2dd9-b7d4-f81e963d9690,sai-ke,2026-07-09,2026-08-08,186966.99,0,outstanding
INV-2311,SO-2311,26e918e8-5d7f-2dd9-b7d4-f81e963d9690,sai-ke,2026-06-08,2026-07-08,95196.86,95196.86,paid
INV-2312,SO-2312,26e918e8-5d7f-2dd9-b7d4-f81e963d9690,sai-ke,2026-05-08,2026-06-07,195400.97,195400.97,paid
INV-2313,SO-2313,26e918e8-5d7f-2dd9-b7d4-f81e963d9690,sai-ke,2026-04-07,2026-05-07,110332.41,110332.41,paid
INV-2314,SO-2314,26e918e8-5d7f-2dd9-b7d4-f81e963d9690,sai-ke,2026-03-07,2026-04-06,41735.23,41735.23,paid
INV-2315,SO-2315,26e918e8-5d7f-2dd9-b7d4-f81e963d9690,sai-ke,2026-02-04,2026-03-06,111519.02,111519.02,paid
INV-2316,SO-2316,26e918e8-5d7f-2dd9-b7d4-f81e963d9690,sai-ke,2026-01-04,2026-02-03,134720.85,134720.85,paid
INV-2317,SO-2317,26e918e8-5d7f-2dd9-b7d4-f81e963d9690,sai-ke,2025-12-04,2026-01-03,65336.55,65336.55,paid
INV-2318,SO-2318,26e918e8-5d7f-2dd9-b7d4-f81e963d9690,sai-ke,2025-11-03,2025-12-03,90255.26,90255.26,paid
INV-2319,SO-2319,26e918e8-5d7f-2dd9-b7d4-f81e963d9690,sai-ke,2025-10-03,2025-11-02,100249.61,100249.61,paid
INV-2320,SO-2320,26e918e8-5d7f-2dd9-b7d4-f81e963d9690,sai-ke,2025-09-02,2025-10-02,85171.45,85171.45,paid
INV-2321,SO-2321,279e0f97-abdc-f275-6a39-ad4f0903cc4f,sai-ke,2026-07-24,2026-08-23,116321.15,0,outstanding
INV-2322,SO-2322,279e0f97-abdc-f275-6a39-ad4f0903cc4f,sai-ke,2026-06-24,2026-07-24,158085.97,158085.97,paid
INV-2323,SO-2323,279e0f97-abdc-f275-6a39-ad4f0903cc4f,sai-ke,2026-05-25,2026-06-24,103321.2,103321.2,paid
INV-2324,SO-2324,279e0f97-abdc-f275-6a39-ad4f0903cc4f,sai-ke,2026-04-25,2026-05-25,165022.48,165022.48,paid
INV-2325,SO-2325,279e0f97-abdc-f275-6a39-ad4f0903cc4f,sai-ke,2026-03-26,2026-04-25,148600.54,148600.54,paid
INV-2326,SO-2326,279e0f97-abdc-f275-6a39-ad4f0903cc4f,sai-ke,2026-02-24,2026-03-26,121204.33,121204.33,paid
INV-2327,SO-2327,279e0f97-abdc-f275-6a39-ad4f0903cc4f,sai-ke,2026-01-25,2026-02-24,186400.75,186400.75,paid
INV-2328,SO-2328,279e0f97-abdc-f275-6a39-ad4f0903cc4f,sai-ke,2025-12-26,2026-01-25,127204.21,127204.21,paid
INV-2329,SO-2329,279e0f97-abdc-f275-6a39-ad4f0903cc4f,sai-ke,2025-11-26,2025-12-26,60182.33,60182.33,paid
INV-2330,SO-2330,279e0f97-abdc-f275-6a39-ad4f0903cc4f,sai-ke,2025-10-27,2025-11-26,24693.82,24693.82,paid
INV-2331,SO-2331,279e0f97-abdc-f275-6a39-ad4f0903cc4f,sai-ke,2025-09-27,2025-10-27,40758.11,40758.11,paid
INV-2332,SO-2332,279e0f97-abdc-f275-6a39-ad4f0903cc4f,sai-ke,2025-08-28,2025-09-27,96484.14,96484.14,paid
INV-2333,SO-2333,749a986b-fac7-0a30-9406-0ffa15f00b5f,sai-ke,2026-08-05,2026-09-04,104864.78,0,outstanding
INV-2334,SO-2334,749a986b-fac7-0a30-9406-0ffa15f00b5f,sai-ke,2026-07-08,2026-08-07,185454.64,0,outstanding
INV-2335,SO-2335,749a986b-fac7-0a30-9406-0ffa15f00b5f,sai-ke,2026-06-10,2026-07-10,102614.19,102614.19,paid
INV-2336,SO-2336,749a986b-fac7-0a30-9406-0ffa15f00b5f,sai-ke,2026-05-13,2026-06-12,42448.63,42448.63,paid
INV-2337,SO-2337,749a986b-fac7-0a30-9406-0ffa15f00b5f,sai-ke,2026-04-15,2026-05-15,208509.68,208509.68,paid
INV-2338,SO-2338,749a986b-fac7-0a30-9406-0ffa15f00b5f,sai-ke,2026-03-18,2026-04-17,216270.04,216270.04,paid
INV-2339,SO-2339,749a986b-fac7-0a30-9406-0ffa15f00b5f,sai-ke,2026-02-18,2026-03-20,73415.47,73415.47,paid
INV-2340,SO-2340,749a986b-fac7-0a30-9406-0ffa15f00b5f,sai-ke,2026-01-21,2026-02-20,108104.17,108104.17,paid
INV-2341,SO-2341,749a986b-fac7-0a30-9406-0ffa15f00b5f,sai-ke,2025-12-24,2026-01-23,55701.09,55701.09,paid
INV-2342,SO-2342,749a986b-fac7-0a30-9406-0ffa15f00b5f,sai-ke,2025-11-26,2025-12-26,169997.65,169997.65,paid
INV-2343,SO-2343,749a986b-fac7-0a30-9406-0ffa15f00b5f,sai-ke,2025-10-29,2025-11-28,96851.68,96851.68,paid
INV-2344,SO-2344,749a986b-fac7-0a30-9406-0ffa15f00b5f,sai-ke,2025-10-01,2025-10-31,199855.45,199855.45,paid
INV-2345,SO-2345,2c23a856-3538-fbd6-1db5-7ec38bda420f,sai-tz,2026-08-05,2026-09-04,129502.67,0,outstanding
INV-2346,SO-2346,2c23a856-3538-fbd6-1db5-7ec38bda420f,sai-tz,2026-07-10,2026-08-09,85598.55,0,outstanding
INV-2347,SO-2347,2c23a856-3538-fbd6-1db5-7ec38bda420f,sai-tz,2026-06-14,2026-07-14,70118.33,70118.33,paid
INV-2348,SO-2348,2c23a856-3538-fbd6-1db5-7ec38bda420f,sai-tz,2026-05-19,2026-06-18,88153.14,88153.14,paid
INV-2349,SO-2349,2c23a856-3538-fbd6-1db5-7ec38bda420f,sai-tz,2026-04-23,2026-05-23,88816.59,88816.59,paid
INV-2350,SO-2350,2c23a856-3538-fbd6-1db5-7ec38bda420f,sai-tz,2026-03-28,2026-04-27,30565.47,30565.47,paid
INV-2351,SO-2351,2c23a856-3538-fbd6-1db5-7ec38bda420f,sai-tz,2026-03-02,2026-04-01,136295.15,136295.15,paid
INV-2352,SO-2352,2c23a856-3538-fbd6-1db5-7ec38bda420f,sai-tz,2026-02-04,2026-03-06,55136.01,55136.01,paid
INV-2353,SO-2353,2c23a856-3538-fbd6-1db5-7ec38bda420f,sai-tz,2026-01-09,2026-02-08,91768.92,91768.92,paid
INV-2354,SO-2354,2c23a856-3538-fbd6-1db5-7ec38bda420f,sai-tz,2025-12-14,2026-01-13,54701.88,54701.88,paid
INV-2355,SO-2355,2c23a856-3538-fbd6-1db5-7ec38bda420f,sai-tz,2025-11-18,2025-12-18,77136.51,77136.51,paid
INV-2356,SO-2356,2c23a856-3538-fbd6-1db5-7ec38bda420f,sai-tz,2025-10-23,2025-11-22,130948.94,130948.94,paid
INV-2357,SO-2357,9fa38338-87f1-32ce-9c34-465c521dbb7a,sai-ke,2026-08-07,2026-09-06,124320.1,0,outstanding
INV-2358,SO-2358,9fa38338-87f1-32ce-9c34-465c521dbb7a,sai-ke,2026-07-09,2026-08-08,168794.93,0,outstanding
INV-2359,SO-2359,9fa38338-87f1-32ce-9c34-465c521dbb7a,sai-ke,2026-06-10,2026-07-10,99360.3,99360.3,paid
INV-2360,SO-2360,9fa38338-87f1-32ce-9c34-465c521dbb7a,sai-ke,2026-05-12,2026-06-11,195122.93,195122.93,paid
INV-2361,SO-2361,9fa38338-87f1-32ce-9c34-465c521dbb7a,sai-ke,2026-04-13,2026-05-13,47874.2,47874.2,paid
INV-2362,SO-2362,9fa38338-87f1-32ce-9c34-465c521dbb7a,sai-ke,2026-03-15,2026-04-14,238394.8,238394.8,paid
INV-2363,SO-2363,9fa38338-87f1-32ce-9c34-465c521dbb7a,sai-ke,2026-02-14,2026-03-16,189778.98,189778.98,paid
INV-2364,SO-2364,9fa38338-87f1-32ce-9c34-465c521dbb7a,sai-ke,2026-01-16,2026-02-15,54096.07,54096.07,paid
INV-2365,SO-2365,9fa38338-87f1-32ce-9c34-465c521dbb7a,sai-ke,2025-12-18,2026-01-17,119970.4,119970.4,paid
INV-2366,SO-2366,9fa38338-87f1-32ce-9c34-465c521dbb7a,sai-ke,2025-11-19,2025-12-19,111427.41,111427.41,paid
INV-2367,SO-2367,9fa38338-87f1-32ce-9c34-465c521dbb7a,sai-ke,2025-10-21,2025-11-20,87179.17,87179.17,paid
INV-2368,SO-2368,9fa38338-87f1-32ce-9c34-465c521dbb7a,sai-ke,2025-09-22,2025-10-22,72335.86,72335.86,paid
INV-2369,SO-2369,936cdb97-44f2-e321-63ee-ca2307d8efd1,sai-tz,2026-08-10,2026-09-09,162933.94,0,outstanding
INV-2370,SO-2370,936cdb97-44f2-e321-63ee-ca2307d8efd1,sai-tz,2026-07-13,2026-08-12,162845.76,0,outstanding
INV-2371,SO-2371,936cdb97-44f2-e321-63ee-ca2307d8efd1,sai-tz,2026-06-15,2026-07-15,56528.61,56528.61,paid
INV-2372,SO-2372,936cdb97-44f2-e321-63ee-ca2307d8efd1,sai-tz,2026-05-18,2026-06-17,73769.56,73769.56,paid
INV-2373,SO-2373,936cdb97-44f2-e321-63ee-ca2307d8efd1,sai-tz,2026-04-20,2026-05-20,99550.19,99550.19,paid
INV-2374,SO-2374,936cdb97-44f2-e321-63ee-ca2307d8efd1,sai-tz,2026-03-23,2026-04-22,175178.83,175178.83,paid
INV-2375,SO-2375,936cdb97-44f2-e321-63ee-ca2307d8efd1,sai-tz,2026-02-23,2026-03-25,94107.99,94107.99,paid
INV-2376,SO-2376,936cdb97-44f2-e321-63ee-ca2307d8efd1,sai-tz,2026-01-26,2026-02-25,73283.77,73283.77,paid
INV-2377,SO-2377,936cdb97-44f2-e321-63ee-ca2307d8efd1,sai-tz,2025-12-29,2026-01-28,8387.11,8387.11,paid
INV-2378,SO-2378,936cdb97-44f2-e321-63ee-ca2307d8efd1,sai-tz,2025-12-01,2025-12-31,124122.81,124122.81,paid
INV-2379,SO-2379,936cdb97-44f2-e321-63ee-ca2307d8efd1,sai-tz,2025-11-03,2025-12-03,72328.68,72328.68,paid
INV-2380,SO-2380,936cdb97-44f2-e321-63ee-ca2307d8efd1,sai-tz,2025-10-06,2025-11-05,46787.72,46787.72,paid
INV-2381,SO-2381,582d92d4-ad2a-1d55-12bb-547d1f333a42,sai-tz,2026-08-03,2026-09-02,65681.74,0,outstanding
INV-2382,SO-2382,582d92d4-ad2a-1d55-12bb-547d1f333a42,sai-tz,2026-07-09,2026-08-08,72099.38,0,outstanding
INV-2383,SO-2383,582d92d4-ad2a-1d55-12bb-547d1f333a42,sai-tz,2026-06-14,2026-07-14,84099.37,84099.37,paid
INV-2384,SO-2384,582d92d4-ad2a-1d55-12bb-547d1f333a42,sai-tz,2026-05-20,2026-06-19,60177.8,60177.8,paid
INV-2385,SO-2385,582d92d4-ad2a-1d55-12bb-547d1f333a42,sai-tz,2026-04-25,2026-05-25,212861.58,212861.58,paid
INV-2386,SO-2386,582d92d4-ad2a-1d55-12bb-547d1f333a42,sai-tz,2026-03-31,2026-04-30,61434.31,61434.31,paid
INV-2387,SO-2387,582d92d4-ad2a-1d55-12bb-547d1f333a42,sai-tz,2026-03-06,2026-04-05,101939.36,101939.36,paid
INV-2388,SO-2388,582d92d4-ad2a-1d55-12bb-547d1f333a42,sai-tz,2026-02-09,2026-03-11,17880.25,17880.25,paid
INV-2389,SO-2389,582d92d4-ad2a-1d55-12bb-547d1f333a42,sai-tz,2026-01-15,2026-02-14,60488.05,60488.05,paid
INV-2390,SO-2390,582d92d4-ad2a-1d55-12bb-547d1f333a42,sai-tz,2025-12-21,2026-01-20,81974.73,81974.73,paid
INV-2391,SO-2391,582d92d4-ad2a-1d55-12bb-547d1f333a42,sai-tz,2025-11-26,2025-12-26,121438.01,121438.01,paid
INV-2392,SO-2392,582d92d4-ad2a-1d55-12bb-547d1f333a42,sai-tz,2025-11-01,2025-12-01,32743.9,32743.9,paid
INV-2393,SO-2393,1315321f-4004-8a33-cbaa-9bc193174212,sai-ke,2026-07-27,2026-08-26,158421.86,0,outstanding
INV-2394,SO-2394,1315321f-4004-8a33-cbaa-9bc193174212,sai-ke,2026-06-30,2026-07-30,140285.99,140285.99,paid
INV-2395,SO-2395,1315321f-4004-8a33-cbaa-9bc193174212,sai-ke,2026-06-03,2026-07-03,100660.39,100660.39,paid
INV-2396,SO-2396,1315321f-4004-8a33-cbaa-9bc193174212,sai-ke,2026-05-07,2026-06-06,142684.73,142684.73,paid
INV-2397,SO-2397,1315321f-4004-8a33-cbaa-9bc193174212,sai-ke,2026-04-10,2026-05-10,138114.87,138114.87,paid
INV-2398,SO-2398,1315321f-4004-8a33-cbaa-9bc193174212,sai-ke,2026-03-14,2026-04-13,130860.08,130860.08,paid
INV-2399,SO-2399,1315321f-4004-8a33-cbaa-9bc193174212,sai-ke,2026-02-15,2026-03-17,130904.61,130904.61,paid
INV-2400,SO-2400,1315321f-4004-8a33-cbaa-9bc193174212,sai-ke,2026-01-19,2026-02-18,61700.03,61700.03,paid
INV-2401,SO-2401,1315321f-4004-8a33-cbaa-9bc193174212,sai-ke,2025-12-23,2026-01-22,278010.41,278010.41,paid
INV-2402,SO-2402,1315321f-4004-8a33-cbaa-9bc193174212,sai-ke,2025-11-26,2025-12-26,63386.59,63386.59,paid
INV-2403,SO-2403,1315321f-4004-8a33-cbaa-9bc193174212,sai-ke,2025-10-30,2025-11-29,113409.92,113409.92,paid
INV-2404,SO-2404,1315321f-4004-8a33-cbaa-9bc193174212,sai-ke,2025-10-03,2025-11-02,97901.13,97901.13,paid
INV-2405,SO-2405,fb46e631-53ee-c623-c4d2-c4d0ffb7b162,sai-ke,2026-08-04,2026-09-03,131642.15,0,outstanding
INV-2406,SO-2406,fb46e631-53ee-c623-c4d2-c4d0ffb7b162,sai-ke,2026-07-06,2026-08-05,141971.45,141971.45,paid
INV-2407,SO-2407,fb46e631-53ee-c623-c4d2-c4d0ffb7b162,sai-ke,2026-06-07,2026-07-07,182642.71,182642.71,paid
INV-2408,SO-2408,fb46e631-53ee-c623-c4d2-c4d0ffb7b162,sai-ke,2026-05-09,2026-06-08,219003.09,219003.09,paid
INV-2409,SO-2409,fb46e631-53ee-c623-c4d2-c4d0ffb7b162,sai-ke,2026-04-10,2026-05-10,46809.53,46809.53,paid
INV-2410,SO-2410,fb46e631-53ee-c623-c4d2-c4d0ffb7b162,sai-ke,2026-03-12,2026-04-11,35458.18,35458.18,paid
INV-2411,SO-2411,fb46e631-53ee-c623-c4d2-c4d0ffb7b162,sai-ke,2026-02-11,2026-03-13,110645.21,110645.21,paid
INV-2412,SO-2412,fb46e631-53ee-c623-c4d2-c4d0ffb7b162,sai-ke,2026-01-13,2026-02-12,100451.13,100451.13,paid
INV-2413,SO-2413,fb46e631-53ee-c623-c4d2-c4d0ffb7b162,sai-ke,2025-12-15,2026-01-14,103882.7,103882.7,paid
INV-2414,SO-2414,fb46e631-53ee-c623-c4d2-c4d0ffb7b162,sai-ke,2025-11-16,2025-12-16,67812.86,67812.86,paid
INV-2415,SO-2415,fb46e631-53ee-c623-c4d2-c4d0ffb7b162,sai-ke,2025-10-18,2025-11-17,16222.66,16222.66,paid
INV-2416,SO-2416,fb46e631-53ee-c623-c4d2-c4d0ffb7b162,sai-ke,2025-09-19,2025-10-19,207726.86,207726.86,paid
INV-2417,SO-2417,3da496f2-6c68-6255-d3b3-12e2087ce75e,sai-ke,2026-08-06,2026-09-05,58121.35,0,outstanding
INV-2418,SO-2418,3da496f2-6c68-6255-d3b3-12e2087ce75e,sai-ke,2026-07-05,2026-08-04,147550.56,147550.56,paid
INV-2419,SO-2419,3da496f2-6c68-6255-d3b3-12e2087ce75e,sai-ke,2026-06-03,2026-07-03,75663.34,75663.34,paid
INV-2420,SO-2420,3da496f2-6c68-6255-d3b3-12e2087ce75e,sai-ke,2026-05-02,2026-06-01,21493.78,21493.78,paid
INV-2421,SO-2421,3da496f2-6c68-6255-d3b3-12e2087ce75e,sai-ke,2026-03-31,2026-04-30,109915.77,109915.77,paid
INV-2422,SO-2422,3da496f2-6c68-6255-d3b3-12e2087ce75e,sai-ke,2026-02-27,2026-03-29,122747.46,122747.46,paid
INV-2423,SO-2423,3da496f2-6c68-6255-d3b3-12e2087ce75e,sai-ke,2026-01-26,2026-02-25,115308.58,115308.58,paid
INV-2424,SO-2424,3da496f2-6c68-6255-d3b3-12e2087ce75e,sai-ke,2025-12-25,2026-01-24,84121.56,84121.56,paid
INV-2425,SO-2425,3da496f2-6c68-6255-d3b3-12e2087ce75e,sai-ke,2025-11-23,2025-12-23,74524.23,74524.23,paid
INV-2426,SO-2426,3da496f2-6c68-6255-d3b3-12e2087ce75e,sai-ke,2025-10-22,2025-11-21,66590.83,66590.83,paid
INV-2427,SO-2427,3da496f2-6c68-6255-d3b3-12e2087ce75e,sai-ke,2025-09-20,2025-10-20,99200.35,99200.35,paid
INV-2428,SO-2428,3da496f2-6c68-6255-d3b3-12e2087ce75e,sai-ke,2025-08-19,2025-09-18,182557.47,182557.47,paid
INV-2429,SO-2429,8af13860-9fc0-2d32-e476-bd13a289d846,sai-ke,2026-07-27,2026-08-26,132608.88,0,outstanding
INV-2430,SO-2430,8af13860-9fc0-2d32-e476-bd13a289d846,sai-ke,2026-06-30,2026-07-30,170971.34,170971.34,paid
INV-2431,SO-2431,8af13860-9fc0-2d32-e476-bd13a289d846,sai-ke,2026-06-03,2026-07-03,126982.97,126982.97,paid
INV-2432,SO-2432,8af13860-9fc0-2d32-e476-bd13a289d846,sai-ke,2026-05-07,2026-06-06,154214.34,154214.34,paid
INV-2433,SO-2433,8af13860-9fc0-2d32-e476-bd13a289d846,sai-ke,2026-04-10,2026-05-10,100243.46,100243.46,paid
INV-2434,SO-2434,8af13860-9fc0-2d32-e476-bd13a289d846,sai-ke,2026-03-14,2026-04-13,97996.17,97996.17,paid
INV-2435,SO-2435,8af13860-9fc0-2d32-e476-bd13a289d846,sai-ke,2026-02-15,2026-03-17,173897.73,173897.73,paid
INV-2436,SO-2436,8af13860-9fc0-2d32-e476-bd13a289d846,sai-ke,2026-01-19,2026-02-18,58501.98,58501.98,paid
INV-2437,SO-2437,8af13860-9fc0-2d32-e476-bd13a289d846,sai-ke,2025-12-23,2026-01-22,114835.2,114835.2,paid
INV-2438,SO-2438,8af13860-9fc0-2d32-e476-bd13a289d846,sai-ke,2025-11-26,2025-12-26,56723.16,56723.16,paid
INV-2439,SO-2439,8af13860-9fc0-2d32-e476-bd13a289d846,sai-ke,2025-10-30,2025-11-29,151945.95,151945.95,paid
INV-2440,SO-2440,8af13860-9fc0-2d32-e476-bd13a289d846,sai-ke,2025-10-03,2025-11-02,164138.93,164138.93,paid
INV-2441,SO-2441,368f908c-6cf2-b82d-fbca-fd0bbd84b4df,sai-ke,2026-08-02,2026-09-01,99113.51,0,outstanding
INV-2442,SO-2442,368f908c-6cf2-b82d-fbca-fd0bbd84b4df,sai-ke,2026-07-04,2026-08-03,56562.7,56562.7,paid
INV-2443,SO-2443,368f908c-6cf2-b82d-fbca-fd0bbd84b4df,sai-ke,2026-06-05,2026-07-05,81245.82,81245.82,paid
INV-2444,SO-2444,368f908c-6cf2-b82d-fbca-fd0bbd84b4df,sai-ke,2026-05-07,2026-06-06,119113.34,119113.34,paid
INV-2445,SO-2445,368f908c-6cf2-b82d-fbca-fd0bbd84b4df,sai-ke,2026-04-08,2026-05-08,152074.77,152074.77,paid
INV-2446,SO-2446,368f908c-6cf2-b82d-fbca-fd0bbd84b4df,sai-ke,2026-03-10,2026-04-09,105467.87,105467.87,paid
INV-2447,SO-2447,368f908c-6cf2-b82d-fbca-fd0bbd84b4df,sai-ke,2026-02-09,2026-03-11,53320.04,53320.04,paid
INV-2448,SO-2448,368f908c-6cf2-b82d-fbca-fd0bbd84b4df,sai-ke,2026-01-11,2026-02-10,55982.4,55982.4,paid
INV-2449,SO-2449,368f908c-6cf2-b82d-fbca-fd0bbd84b4df,sai-ke,2025-12-13,2026-01-12,88310.46,88310.46,paid
INV-2450,SO-2450,368f908c-6cf2-b82d-fbca-fd0bbd84b4df,sai-ke,2025-11-14,2025-12-14,33847.4,33847.4,paid
INV-2451,SO-2451,368f908c-6cf2-b82d-fbca-fd0bbd84b4df,sai-ke,2025-10-16,2025-11-15,70335.03,70335.03,paid
INV-2452,SO-2452,368f908c-6cf2-b82d-fbca-fd0bbd84b4df,sai-ke,2025-09-17,2025-10-17,159230.79,159230.79,paid
INV-2453,SO-2453,53faa3a3-625b-b313-c8e1-3e82e5703f89,sai-ke,2026-08-07,2026-09-06,83339.64,0,outstanding
INV-2454,SO-2454,53faa3a3-625b-b313-c8e1-3e82e5703f89,sai-ke,2026-07-10,2026-08-09,240967.54,0,outstanding
INV-2455,SO-2455,53faa3a3-625b-b313-c8e1-3e82e5703f89,sai-ke,2026-06-12,2026-07-12,109645.96,109645.96,paid
INV-2456,SO-2456,53faa3a3-625b-b313-c8e1-3e82e5703f89,sai-ke,2026-05-15,2026-06-14,67913.89,67913.89,paid
INV-2457,SO-2457,53faa3a3-625b-b313-c8e1-3e82e5703f89,sai-ke,2026-04-17,2026-05-17,145972.78,145972.78,paid
INV-2458,SO-2458,53faa3a3-625b-b313-c8e1-3e82e5703f89,sai-ke,2026-03-20,2026-04-19,57367.24,57367.24,paid
INV-2459,SO-2459,53faa3a3-625b-b313-c8e1-3e82e5703f89,sai-ke,2026-02-20,2026-03-22,171469.2,171469.2,paid
INV-2460,SO-2460,53faa3a3-625b-b313-c8e1-3e82e5703f89,sai-ke,2026-01-23,2026-02-22,147026.94,147026.94,paid
INV-2461,SO-2461,53faa3a3-625b-b313-c8e1-3e82e5703f89,sai-ke,2025-12-26,2026-01-25,168055.84,168055.84,paid
INV-2462,SO-2462,53faa3a3-625b-b313-c8e1-3e82e5703f89,sai-ke,2025-11-28,2025-12-28,116988.46,116988.46,paid
INV-2463,SO-2463,53faa3a3-625b-b313-c8e1-3e82e5703f89,sai-ke,2025-10-31,2025-11-30,52145.17,52145.17,paid
INV-2464,SO-2464,53faa3a3-625b-b313-c8e1-3e82e5703f89,sai-ke,2025-10-03,2025-11-02,272616.67,272616.67,paid
INV-2465,SO-2465,465e4f1a-6a37-d3dc-465b-196715bda2f2,sai-ke,2026-08-09,2026-09-08,97516.82,0,outstanding
INV-2466,SO-2466,465e4f1a-6a37-d3dc-465b-196715bda2f2,sai-ke,2026-07-12,2026-08-11,169107.09,0,outstanding
INV-2467,SO-2467,465e4f1a-6a37-d3dc-465b-196715bda2f2,sai-ke,2026-06-14,2026-07-14,73668.89,73668.89,paid
INV-2468,SO-2468,465e4f1a-6a37-d3dc-465b-196715bda2f2,sai-ke,2026-05-17,2026-06-16,31996.4,31996.4,paid
INV-2469,SO-2469,465e4f1a-6a37-d3dc-465b-196715bda2f2,sai-ke,2026-04-19,2026-05-19,198779.91,198779.91,paid
INV-2470,SO-2470,465e4f1a-6a37-d3dc-465b-196715bda2f2,sai-ke,2026-03-22,2026-04-21,234167.75,234167.75,paid
INV-2471,SO-2471,465e4f1a-6a37-d3dc-465b-196715bda2f2,sai-ke,2026-02-22,2026-03-24,176491.27,176491.27,paid
INV-2472,SO-2472,465e4f1a-6a37-d3dc-465b-196715bda2f2,sai-ke,2026-01-25,2026-02-24,125158.43,125158.43,paid
INV-2473,SO-2473,465e4f1a-6a37-d3dc-465b-196715bda2f2,sai-ke,2025-12-28,2026-01-27,132398.69,132398.69,paid
INV-2474,SO-2474,465e4f1a-6a37-d3dc-465b-196715bda2f2,sai-ke,2025-11-30,2025-12-30,96672.15,96672.15,paid
INV-2475,SO-2475,465e4f1a-6a37-d3dc-465b-196715bda2f2,sai-ke,2025-11-02,2025-12-02,90485.79,90485.79,paid
INV-2476,SO-2476,465e4f1a-6a37-d3dc-465b-196715bda2f2,sai-ke,2025-10-05,2025-11-04,123515.47,123515.47,paid
