order_id,account_id,contact_id,tenant_id,branch_id,order_date,status,delivery_date,subtotal,vat,total,currency
SO-2001,ea938fb0-0084-6aba-6d9e-9f0c793b22c6,b01a7154-dd90-a260-74ed-d3ec54a67c04,sai-ke,8efa6771-e1d6-8ea8-08d8-13c5a1acffce,2026-07-07,delivered,2026-07-09,43658.93,6985.43,50644.36,KES
SO-2002,ea938fb0-0084-6aba-6d9e-9f0c793b22c6,b01a7154-dd90-a260-74ed-d3ec54a67c04,sai-ke,8efa6771-e1d6-8ea8-08d8-13c5a1acffce,2026-06-10,delivered,2026-06-12,43658.93,6985.43,50644.36,KES
SO-2003,ea938fb0-0084-6aba-6d9e-9f0c793b22c6,b01a7154-dd90-a260-74ed-d3ec54a67c04,sai-ke,8efa6771-e1d6-8ea8-08d8-13c5a1acffce,2026-05-14,delivered,2026-05-16,43658.93,6985.43,50644.36,KES
SO-2004,ea938fb0-0084-6aba-6d9e-9f0c793b22c6,b01a7154-dd90-a260-74ed-d3ec54a67c04,sai-ke,8efa6771-e1d6-8ea8-08d8-13c5a1acffce,2026-04-17,delivered,2026-04-19,43658.93,6985.43,50644.36,KES
SO-2005,ea938fb0-0084-6aba-6d9e-9f0c793b22c6,b01a7154-dd90-a260-74ed-d3ec54a67c04,sai-ke,8efa6771-e1d6-8ea8-08d8-13c5a1acffce,2026-03-21,delivered,2026-03-23,43658.93,6985.43,50644.36,KES
SO-2006,ea938fb0-0084-6aba-6d9e-9f0c793b22c6,b01a7154-dd90-a260-74ed-d3ec54a67c04,sai-ke,8efa6771-e1d6-8ea8-08d8-13c5a1acffce,2026-02-22,delivered,2026-02-24,43658.93,6985.43,50644.36,KES
SO-2007,ea938fb0-0084-6aba-6d9e-9f0c793b22c6,b01a7154-dd90-a260-74ed-d3ec54a67c04,sai-ke,8efa6771-e1d6-8ea8-08d8-13c5a1acffce,2026-01-26,delivered,2026-01-28,43658.93,6985.43,50644.36,KES
SO-2008,ea938fb0-0084-6aba-6d9e-9f0c793b22c6,b01a7154-dd90-a260-74ed-d3ec54a67c04,sai-ke,8efa6771-e1d6-8ea8-08d8-13c5a1acffce,2025-12-30,delivered,2026-01-01,43658.93,6985.43,50644.36,KES
SO-2009,ea938fb0-0084-6aba-6d9e-9f0c793b22c6,b01a7154-dd90-a260-74ed-d3ec54a67c04,sai-ke,8efa6771-e1d6-8ea8-08d8-13c5a1acffce,2025-12-03,delivered,2025-12-05,43658.93,6985.43,50644.36,KES
SO-2010,ea938fb0-0084-6aba-6d9e-9f0c793b22c6,b01a7154-dd90-a260-74ed-d3ec54a67c04,sai-ke,8efa6771-e1d6-8ea8-08d8-13c5a1acffce,2025-11-06,delivered,2025-11-08,43658.93,6985.43,50644.36,KES
SO-2011,ea938fb0-0084-6aba-6d9e-9f0c793b22c6,b01a7154-dd90-a260-74ed-d3ec54a67c04,sai-ke,8efa6771-e1d6-8ea8-08d8-13c5a1acffce,2025-10-10,delivered,2025-10-12,43658.93,6985.43,50644.36,KES
SO-2012,ea938fb0-0084-6aba-6d9e-9f0c793b22c6,b01a7154-dd90-a260-74ed-d3ec54a67c04,sai-ke,8efa6771-e1d6-8ea8-08d8-13c5a1acffce,2025-09-13,delivered,2025-09-15,43658.93,6985.43,50644.36,KES
SO-2013,f3e21a56-a02d-0377-5fdf-351a439d3c05,ad7ffc2d-68fd-bdb6-78cd-f10fff39af01,sai-ke,0f9aa6b8-15cc-0d9b-56c3-61f5f86544f9,2026-07-04,delivered,2026-07-06,106940.57,17110.49,124051.06,KES
SO-2014,f3e21a56-a02d-0377-5fdf-351a439d3c05,ad7ffc2d-68fd-bdb6-78cd-f10fff39af01,sai-ke,0f9aa6b8-15cc-0d9b-56c3-61f5f86544f9,2026-06-05,delivered,2026-06-07,160237.98,25638.08,185876.06,KES
SO-2015,f3e21a56-a02d-0377-5fdf-351a439d3c05,ad7ffc2d-68fd-bdb6-78cd-f10fff39af01,sai-ke,0f9aa6b8-15cc-0d9b-56c3-61f5f86544f9,2026-05-07,delivered,2026-05-09,68135.74,10901.72,79037.46,KES
SO-2016,f3e21a56-a02d-0377-5fdf-351a439d3c05,ad7ffc2d-68fd-bdb6-78cd-f10fff39af01,sai-ke,0f9aa6b8-15cc-0d9b-56c3-61f5f86544f9,2026-04-08,delivered,2026-04-10,84349.8,13495.97,97845.77,KES
SO-2017,f3e21a56-a02d-0377-5fdf-351a439d3c05,ad7ffc2d-68fd-bdb6-78cd-f10fff39af01,sai-ke,0f9aa6b8-15cc-0d9b-56c3-61f5f86544f9,2026-03-10,delivered,2026-03-12,108841.03,17414.56,126255.59,KES
SO-2018,f3e21a56-a02d-0377-5fdf-351a439d3c05,ad7ffc2d-68fd-bdb6-78cd-f10fff39af01,sai-ke,0f9aa6b8-15cc-0d9b-56c3-61f5f86544f9,2026-02-09,delivered,2026-02-11,96934.6,15509.54,112444.14,KES
SO-2019,f3e21a56-a02d-0377-5fdf-351a439d3c05,ad7ffc2d-68fd-bdb6-78cd-f10fff39af01,sai-ke,0f9aa6b8-15cc-0d9b-56c3-61f5f86544f9,2026-01-11,delivered,2026-01-13,53665.9,8586.54,62252.44,KES
SO-2020,f3e21a56-a02d-0377-5fdf-351a439d3c05,ad7ffc2d-68fd-bdb6-78cd-f10fff39af01,sai-ke,0f9aa6b8-15cc-0d9b-56c3-61f5f86544f9,2025-12-13,delivered,2025-12-15,71836.28,11493.8,83330.08,KES
SO-2021,f3e21a56-a02d-0377-5fdf-351a439d3c05,ad7ffc2d-68fd-bdb6-78cd-f10fff39af01,sai-ke,0f9aa6b8-15cc-0d9b-56c3-61f5f86544f9,2025-11-14,delivered,2025-11-16,217100.56,34736.09,251836.65,KES
SO-2022,f3e21a56-a02d-0377-5fdf-351a439d3c05,ad7ffc2d-68fd-bdb6-78cd-f10fff39af01,sai-ke,0f9aa6b8-15cc-0d9b-56c3-61f5f86544f9,2025-10-16,delivered,2025-10-18,155979.32,24956.69,180936.01,KES
SO-2023,f3e21a56-a02d-0377-5fdf-351a439d3c05,ad7ffc2d-68fd-bdb6-78cd-f10fff39af01,sai-ke,0f9aa6b8-15cc-0d9b-56c3-61f5f86544f9,2025-09-17,delivered,2025-09-19,124787.49,19966.0,144753.49,KES
SO-2024,f3e21a56-a02d-0377-5fdf-351a439d3c05,ad7ffc2d-68fd-bdb6-78cd-f10fff39af01,sai-ke,0f9aa6b8-15cc-0d9b-56c3-61f5f86544f9,2025-08-19,delivered,2025-08-21,145294.64,23247.14,168541.78,KES
SO-2025,5afbc6bf-d652-a4e7-114a-3a7ab3a44394,37202963-f1f9-4cdf-6f35-3b0780757642,sai-ke,0f9aa6b8-15cc-0d9b-56c3-61f5f86544f9,2026-07-06,delivered,2026-07-08,63287.27,10125.96,73413.23,KES
SO-2026,5afbc6bf-d652-a4e7-114a-3a7ab3a44394,37202963-f1f9-4cdf-6f35-3b0780757642,sai-ke,0f9aa6b8-15cc-0d9b-56c3-61f5f86544f9,2026-06-09,delivered,2026-06-11,137516.94,22002.71,159519.65,KES
SO-2027,5afbc6bf-d652-a4e7-114a-3a7ab3a44394,37202963-f1f9-4cdf-6f35-3b0780757642,sai-ke,0f9aa6b8-15cc-0d9b-56c3-61f5f86544f9,2026-05-13,delivered,2026-05-15,120628.51,19300.56,139929.07,KES
SO-2028,5afbc6bf-d652-a4e7-114a-3a7ab3a44394,37202963-f1f9-4cdf-6f35-3b0780757642,sai-ke,0f9aa6b8-15cc-0d9b-56c3-61f5f86544f9,2026-04-16,delivered,2026-04-18,93947.45,15031.59,108979.04,KES
SO-2029,5afbc6bf-d652-a4e7-114a-3a7ab3a44394,37202963-f1f9-4cdf-6f35-3b0780757642,sai-ke,0f9aa6b8-15cc-0d9b-56c3-61f5f86544f9,2026-03-20,delivered,2026-03-22,52789.58,8446.33,61235.91,KES
SO-2030,5afbc6bf-d652-a4e7-114a-3a7ab3a44394,37202963-f1f9-4cdf-6f35-3b0780757642,sai-ke,0f9aa6b8-15cc-0d9b-56c3-61f5f86544f9,2026-02-21,delivered,2026-02-23,29502.73,4720.44,34223.17,KES
SO-2031,5afbc6bf-d652-a4e7-114a-3a7ab3a44394,37202963-f1f9-4cdf-6f35-3b0780757642,sai-ke,0f9aa6b8-15cc-0d9b-56c3-61f5f86544f9,2026-01-25,delivered,2026-01-27,148024.84,23683.97,171708.81,KES
SO-2032,5afbc6bf-d652-a4e7-114a-3a7ab3a44394,37202963-f1f9-4cdf-6f35-3b0780757642,sai-ke,0f9aa6b8-15cc-0d9b-56c3-61f5f86544f9,2025-12-29,delivered,2025-12-31,103143.54,16502.97,119646.51,KES
SO-2033,5afbc6bf-d652-a4e7-114a-3a7ab3a44394,37202963-f1f9-4cdf-6f35-3b0780757642,sai-ke,0f9aa6b8-15cc-0d9b-56c3-61f5f86544f9,2025-12-02,delivered,2025-12-04,128679.08,20588.65,149267.73,KES
SO-2034,5afbc6bf-d652-a4e7-114a-3a7ab3a44394,37202963-f1f9-4cdf-6f35-3b0780757642,sai-ke,0f9aa6b8-15cc-0d9b-56c3-61f5f86544f9,2025-11-05,delivered,2025-11-07,97302.79,15568.45,112871.24,KES
SO-2035,5afbc6bf-d652-a4e7-114a-3a7ab3a44394,37202963-f1f9-4cdf-6f35-3b0780757642,sai-ke,0f9aa6b8-15cc-0d9b-56c3-61f5f86544f9,2025-10-09,delivered,2025-10-11,113763.12,18202.1,131965.22,KES
SO-2036,5afbc6bf-d652-a4e7-114a-3a7ab3a44394,37202963-f1f9-4cdf-6f35-3b0780757642,sai-ke,0f9aa6b8-15cc-0d9b-56c3-61f5f86544f9,2025-09-12,delivered,2025-09-14,97922.11,15667.54,113589.65,KES
SO-2037,6b562e00-5380-224d-a1cc-e0653a3617e6,fb89c319-c162-13d1-f929-7282409d5b82,sai-tz,ff88541a-8c54-5afd-bec8-f2112874cd5d,2026-07-08,delivered,2026-07-10,42319.49,6771.12,49090.61,TZS
SO-2038,6b562e00-5380-224d-a1cc-e0653a3617e6,fb89c319-c162-13d1-f929-7282409d5b82,sai-tz,ff88541a-8c54-5afd-bec8-f2112874cd5d,2026-06-13,delivered,2026-06-15,57446.35,9191.42,66637.77,TZS
SO-2039,6b562e00-5380-224d-a1cc-e0653a3617e6,fb89c319-c162-13d1-f929-7282409d5b82,sai-tz,ff88541a-8c54-5afd-bec8-f2112874cd5d,2026-05-19,delivered,2026-05-21,75566.01,12090.56,87656.57,TZS
SO-2040,6b562e00-5380-224d-a1cc-e0653a3617e6,fb89c319-c162-13d1-f929-7282409d5b82,sai-tz,ff88541a-8c54-5afd-bec8-f2112874cd5d,2026-04-24,delivered,2026-04-26,61240.53,9798.48,71039.01,TZS
SO-2041,6b562e00-5380-224d-a1cc-e0653a3617e6,fb89c319-c162-13d1-f929-7282409d5b82,sai-tz,ff88541a-8c54-5afd-bec8-f2112874cd5d,2026-03-30,delivered,2026-04-01,106999.9,17119.98,124119.88,TZS
SO-2042,6b562e00-5380-224d-a1cc-e0653a3617e6,fb89c319-c162-13d1-f929-7282409d5b82,sai-tz,ff88541a-8c54-5afd-bec8-f2112874cd5d,2026-03-05,delivered,2026-03-07,53555.85,8568.94,62124.79,TZS
SO-2043,6b562e00-5380-224d-a1cc-e0653a3617e6,fb89c319-c162-13d1-f929-7282409d5b82,sai-tz,ff88541a-8c54-5afd-bec8-f2112874cd5d,2026-02-08,delivered,2026-02-10,72737.32,11637.97,84375.29,TZS
SO-2044,6b562e00-5380-224d-a1cc-e0653a3617e6,fb89c319-c162-13d1-f929-7282409d5b82,sai-tz,ff88541a-8c54-5afd-bec8-f2112874cd5d,2026-01-14,delivered,2026-01-16,9831.29,1573.01,11404.3,TZS
SO-2045,6b562e00-5380-224d-a1cc-e0653a3617e6,fb89c319-c162-13d1-f929-7282409d5b82,sai-tz,ff88541a-8c54-5afd-bec8-f2112874cd5d,2025-12-20,delivered,2025-12-22,96531.0,15444.96,111975.96,TZS
SO-2046,6b562e00-5380-224d-a1cc-e0653a3617e6,fb89c319-c162-13d1-f929-7282409d5b82,sai-tz,ff88541a-8c54-5afd-bec8-f2112874cd5d,2025-11-25,delivered,2025-11-27,119431.51,19109.04,138540.55,TZS
SO-2047,6b562e00-5380-224d-a1cc-e0653a3617e6,fb89c319-c162-13d1-f929-7282409d5b82,sai-tz,ff88541a-8c54-5afd-bec8-f2112874cd5d,2025-10-31,delivered,2025-11-02,77018.72,12323.0,89341.72,TZS
SO-2048,6b562e00-5380-224d-a1cc-e0653a3617e6,fb89c319-c162-13d1-f929-7282409d5b82,sai-tz,ff88541a-8c54-5afd-bec8-f2112874cd5d,2025-10-06,delivered,2025-10-08,15129.85,2420.78,17550.63,TZS
SO-2049,a0c565be-900e-95df-1213-4697fa3dc6a9,f1c29bd3-2b32-3dbd-8353-031a1df0c91b,sai-ke,b39999e9-ac87-cd22-4751-5e4d2d25ae47,2026-07-07,delivered,2026-07-09,75319.27,12051.08,87370.35,KES
SO-2050,a0c565be-900e-95df-1213-4697fa3dc6a9,f1c29bd3-2b32-3dbd-8353-031a1df0c91b,sai-ke,b39999e9-ac87-cd22-4751-5e4d2d25ae47,2026-06-11,delivered,2026-06-13,12023.85,1923.82,13947.67,KES
SO-2051,a0c565be-900e-95df-1213-4697fa3dc6a9,f1c29bd3-2b32-3dbd-8353-031a1df0c91b,sai-ke,b39999e9-ac87-cd22-4751-5e4d2d25ae47,2026-05-16,delivered,2026-05-18,133553.8,21368.61,154922.41,KES
SO-2052,a0c565be-900e-95df-1213-4697fa3dc6a9,f1c29bd3-2b32-3dbd-8353-031a1df0c91b,sai-ke,b39999e9-ac87-cd22-4751-5e4d2d25ae47,2026-04-20,delivered,2026-04-22,69860.87,11177.74,81038.61,KES
SO-2053,a0c565be-900e-95df-1213-4697fa3dc6a9,f1c29bd3-2b32-3dbd-8353-031a1df0c91b,sai-ke,b39999e9-ac87-cd22-4751-5e4d2d25ae47,2026-03-25,delivered,2026-03-27,89741.68,14358.67,104100.35,KES
SO-2054,a0c565be-900e-95df-1213-4697fa3dc6a9,f1c29bd3-2b32-3dbd-8353-031a1df0c91b,sai-ke,b39999e9-ac87-cd22-4751-5e4d2d25ae47,2026-02-27,delivered,2026-03-01,148362.34,23737.97,172100.31,KES
SO-2055,a0c565be-900e-95df-1213-4697fa3dc6a9,f1c29bd3-2b32-3dbd-8353-031a1df0c91b,sai-ke,b39999e9-ac87-cd22-4751-5e4d2d25ae47,2026-02-01,delivered,2026-02-03,29201.81,4672.29,33874.1,KES
SO-2056,a0c565be-900e-95df-1213-4697fa3dc6a9,f1c29bd3-2b32-3dbd-8353-031a1df0c91b,sai-ke,b39999e9-ac87-cd22-4751-5e4d2d25ae47,2026-01-06,delivered,2026-01-08,95586.61,15293.86,110880.47,KES
SO-2057,a0c565be-900e-95df-1213-4697fa3dc6a9,f1c29bd3-2b32-3dbd-8353-031a1df0c91b,sai-ke,b39999e9-ac87-cd22-4751-5e4d2d25ae47,2025-12-11,delivered,2025-12-13,64281.7,10285.07,74566.77,KES
SO-2058,a0c565be-900e-95df-1213-4697fa3dc6a9,f1c29bd3-2b32-3dbd-8353-031a1df0c91b,sai-ke,b39999e9-ac87-cd22-4751-5e4d2d25ae47,2025-11-15,delivered,2025-11-17,28973.18,4635.71,33608.89,KES
SO-2059,a0c565be-900e-95df-1213-4697fa3dc6a9,f1c29bd3-2b32-3dbd-8353-031a1df0c91b,sai-ke,b39999e9-ac87-cd22-4751-5e4d2d25ae47,2025-10-20,delivered,2025-10-22,128917.4,20626.78,149544.18,KES
SO-2060,a0c565be-900e-95df-1213-4697fa3dc6a9,f1c29bd3-2b32-3dbd-8353-031a1df0c91b,sai-ke,b39999e9-ac87-cd22-4751-5e4d2d25ae47,2025-09-24,delivered,2025-09-26,22986.08,3677.77,26663.85,KES
SO-2061,2198fcae-b678-397a-2ebe-15c1c94a5532,6fb426ae-4ab3-75ca-5f82-d3a1794c4f4f,sai-ke,b39999e9-ac87-cd22-4751-5e4d2d25ae47,2026-07-04,delivered,2026-07-06,145943.67,23350.99,169294.66,KES
SO-2062,2198fcae-b678-397a-2ebe-15c1c94a5532,6fb426ae-4ab3-75ca-5f82-d3a1794c4f4f,sai-ke,b39999e9-ac87-cd22-4751-5e4d2d25ae47,2026-06-05,delivered,2026-06-07,64476.78,10316.28,74793.06,KES
SO-2063,2198fcae-b678-397a-2ebe-15c1c94a5532,6fb426ae-4ab3-75ca-5f82-d3a1794c4f4f,sai-ke,b39999e9-ac87-cd22-4751-5e4d2d25ae47,2026-05-07,delivered,2026-05-09,95508.08,15281.29,110789.37,KES
SO-2064,2198fcae-b678-397a-2ebe-15c1c94a5532,6fb426ae-4ab3-75ca-5f82-d3a1794c4f4f,sai-ke,b39999e9-ac87-cd22-4751-5e4d2d25ae47,2026-04-08,delivered,2026-04-10,48531.56,7765.05,56296.61,KES
SO-2065,2198fcae-b678-397a-2ebe-15c1c94a5532,6fb426ae-4ab3-75ca-5f82-d3a1794c4f4f,sai-ke,b39999e9-ac87-cd22-4751-5e4d2d25ae47,2026-03-10,delivered,2026-03-12,100093.44,16014.95,116108.39,KES
SO-2066,2198fcae-b678-397a-2ebe-15c1c94a5532,6fb426ae-4ab3-75ca-5f82-d3a1794c4f4f,sai-ke,b39999e9-ac87-cd22-4751-5e4d2d25ae47,2026-02-09,delivered,2026-02-11,118322.06,18931.53,137253.59,KES
SO-2067,2198fcae-b678-397a-2ebe-15c1c94a5532,6fb426ae-4ab3-75ca-5f82-d3a1794c4f4f,sai-ke,b39999e9-ac87-cd22-4751-5e4d2d25ae47,2026-01-11,delivered,2026-01-13,61498.47,9839.76,71338.23,KES
SO-2068,2198fcae-b678-397a-2ebe-15c1c94a5532,6fb426ae-4ab3-75ca-5f82-d3a1794c4f4f,sai-ke,b39999e9-ac87-cd22-4751-5e4d2d25ae47,2025-12-13,delivered,2025-12-15,123393.98,19743.04,143137.02,KES
SO-2069,2198fcae-b678-397a-2ebe-15c1c94a5532,6fb426ae-4ab3-75ca-5f82-d3a1794c4f4f,sai-ke,b39999e9-ac87-cd22-4751-5e4d2d25ae47,2025-11-14,delivered,2025-11-16,124979.32,19996.69,144976.01,KES
SO-2070,2198fcae-b678-397a-2ebe-15c1c94a5532,6fb426ae-4ab3-75ca-5f82-d3a1794c4f4f,sai-ke,b39999e9-ac87-cd22-4751-5e4d2d25ae47,2025-10-16,delivered,2025-10-18,40720.88,6515.34,47236.22,KES
SO-2071,2198fcae-b678-397a-2ebe-15c1c94a5532,6fb426ae-4ab3-75ca-5f82-d3a1794c4f4f,sai-ke,b39999e9-ac87-cd22-4751-5e4d2d25ae47,2025-09-17,delivered,2025-09-19,108212.51,17314.0,125526.51,KES
SO-2072,2198fcae-b678-397a-2ebe-15c1c94a5532,6fb426ae-4ab3-75ca-5f82-d3a1794c4f4f,sai-ke,b39999e9-ac87-cd22-4751-5e4d2d25ae47,2025-08-19,delivered,2025-08-21,99719.89,15955.18,115675.07,KES
SO-2073,fbadbef4-7a3d-b782-c9c7-a0778d6c0417,dfc2a245-2e43-02c2-089a-64b24b692d5b,sai-ke,bfb69fe8-1548-6f0b-3f13-f26c740f0c1f,2026-07-04,delivered,2026-07-06,133432.32,21349.17,154781.49,KES
SO-2074,fbadbef4-7a3d-b782-c9c7-a0778d6c0417,dfc2a245-2e43-02c2-089a-64b24b692d5b,sai-ke,bfb69fe8-1548-6f0b-3f13-f26c740f0c1f,2026-06-05,delivered,2026-06-07,35549.32,5687.89,41237.21,KES
SO-2075,fbadbef4-7a3d-b782-c9c7-a0778d6c0417,dfc2a245-2e43-02c2-089a-64b24b692d5b,sai-ke,bfb69fe8-1548-6f0b-3f13-f26c740f0c1f,2026-05-07,delivered,2026-05-09,82726.68,13236.27,95962.95,KES
SO-2076,fbadbef4-7a3d-b782-c9c7-a0778d6c0417,dfc2a245-2e43-02c2-089a-64b24b692d5b,sai-ke,bfb69fe8-1548-6f0b-3f13-f26c740f0c1f,2026-04-08,delivered,2026-04-10,73133.02,11701.28,84834.3,KES
SO-2077,fbadbef4-7a3d-b782-c9c7-a0778d6c0417,dfc2a245-2e43-02c2-089a-64b24b692d5b,sai-ke,bfb69fe8-1548-6f0b-3f13-f26c740f0c1f,2026-03-10,delivered,2026-03-12,142293.87,22767.02,165060.89,KES
SO-2078,fbadbef4-7a3d-b782-c9c7-a0778d6c0417,dfc2a245-2e43-02c2-089a-64b24b692d5b,sai-ke,bfb69fe8-1548-6f0b-3f13-f26c740f0c1f,2026-02-09,delivered,2026-02-11,108249.63,17319.94,125569.57,KES
SO-2079,fbadbef4-7a3d-b782-c9c7-a0778d6c0417,dfc2a245-2e43-02c2-089a-64b24b692d5b,sai-ke,bfb69fe8-1548-6f0b-3f13-f26c740f0c1f,2026-01-11,delivered,2026-01-13,68473.99,10955.84,79429.83,KES
SO-2080,fbadbef4-7a3d-b782-c9c7-a0778d6c0417,dfc2a245-2e43-02c2-089a-64b24b692d5b,sai-ke,bfb69fe8-1548-6f0b-3f13-f26c740f0c1f,2025-12-13,delivered,2025-12-15,102714.79,16434.37,119149.16,KES
SO-2081,fbadbef4-7a3d-b782-c9c7-a0778d6c0417,dfc2a245-2e43-02c2-089a-64b24b692d5b,sai-ke,bfb69fe8-1548-6f0b-3f13-f26c740f0c1f,2025-11-14,delivered,2025-11-16,126245.3,20199.25,146444.55,KES
SO-2082,fbadbef4-7a3d-b782-c9c7-a0778d6c0417,dfc2a245-2e43-02c2-089a-64b24b692d5b,sai-ke,bfb69fe8-1548-6f0b-3f13-f26c740f0c1f,2025-10-16,delivered,2025-10-18,63488.4,10158.14,73646.54,KES
SO-2083,fbadbef4-7a3d-b782-c9c7-a0778d6c0417,dfc2a245-2e43-02c2-089a-64b24b692d5b,sai-ke,bfb69fe8-1548-6f0b-3f13-f26c740f0c1f,2025-09-17,delivered,2025-09-19,170493.16,27278.91,197772.07,KES
SO-2084,fbadbef4-7a3d-b782-c9c7-a0778d6c0417,dfc2a245-2e43-02c2-089a-64b24b692d5b,sai-ke,bfb69fe8-1548-6f0b-3f13-f26c740f0c1f,2025-08-19,delivered,2025-08-21,111407.02,17825.12,129232.14,KES
SO-2085,70274f14-b261-bd97-100c-a3de0bddc6c2,055de868-31c4-e16a-f7de-d00178f72b98,sai-ke,4e87eafa-e937-ff84-ae92-fc9068abf480,2026-07-01,delivered,2026-07-03,112762.39,18041.98,130804.37,KES
SO-2086,70274f14-b261-bd97-100c-a3de0bddc6c2,055de868-31c4-e16a-f7de-d00178f72b98,sai-ke,4e87eafa-e937-ff84-ae92-fc9068abf480,2026-05-30,delivered,2026-06-01,122846.63,19655.46,142502.09,KES
SO-2087,70274f14-b261-bd97-100c-a3de0bddc6c2,055de868-31c4-e16a-f7de-d00178f72b98,sai-ke,4e87eafa-e937-ff84-ae92-fc9068abf480,2026-04-28,delivered,2026-04-30,52078.72,8332.6,60411.32,KES
SO-2088,70274f14-b261-bd97-100c-a3de0bddc6c2,055de868-31c4-e16a-f7de-d00178f72b98,sai-ke,4e87eafa-e937-ff84-ae92-fc9068abf480,2026-03-27,delivered,2026-03-29,137146.42,21943.43,159089.85,KES
SO-2089,70274f14-b261-bd97-100c-a3de0bddc6c2,055de868-31c4-e16a-f7de-d00178f72b98,sai-ke,4e87eafa-e937-ff84-ae92-fc9068abf480,2026-02-23,delivered,2026-02-25,112879.89,18060.78,130940.67,KES
SO-2090,70274f14-b261-bd97-100c-a3de0bddc6c2,055de868-31c4-e16a-f7de-d00178f72b98,sai-ke,4e87eafa-e937-ff84-ae92-fc9068abf480,2026-01-22,delivered,2026-01-24,99786.65,15965.86,115752.51,KES
SO-2091,70274f14-b261-bd97-100c-a3de0bddc6c2,055de868-31c4-e16a-f7de-d00178f72b98,sai-ke,4e87eafa-e937-ff84-ae92-fc9068abf480,2025-12-21,delivered,2025-12-23,172610.71,27617.71,200228.42,KES
SO-2092,70274f14-b261-bd97-100c-a3de0bddc6c2,055de868-31c4-e16a-f7de-d00178f72b98,sai-ke,4e87eafa-e937-ff84-ae92-fc9068abf480,2025-11-19,delivered,2025-11-21,80120.82,12819.33,92940.15,KES
SO-2093,70274f14-b261-bd97-100c-a3de0bddc6c2,055de868-31c4-e16a-f7de-d00178f72b98,sai-ke,4e87eafa-e937-ff84-ae92-fc9068abf480,2025-10-18,delivered,2025-10-20,90841.88,14534.7,105376.58,KES
SO-2094,70274f14-b261-bd97-100c-a3de0bddc6c2,055de868-31c4-e16a-f7de-d00178f72b98,sai-ke,4e87eafa-e937-ff84-ae92-fc9068abf480,2025-09-16,delivered,2025-09-18,109880.05,17580.81,127460.86,KES
SO-2095,d1799e4c-d526-50cb-a3ed-18dbd6b1a22f,de5550e6-e029-4c9b-5d94-b2efd3504761,sai-ke,1e401c64-aea5-9092-c7c7-11e1e0c79b36,2026-07-09,delivered,2026-07-11,170158.73,27225.4,197384.13,KES
SO-2096,d1799e4c-d526-50cb-a3ed-18dbd6b1a22f,de5550e6-e029-4c9b-5d94-b2efd3504761,sai-ke,1e401c64-aea5-9092-c7c7-11e1e0c79b36,2026-06-15,delivered,2026-06-17,13605.57,2176.89,15782.46,KES
SO-2097,d1799e4c-d526-50cb-a3ed-18dbd6b1a22f,de5550e6-e029-4c9b-5d94-b2efd3504761,sai-ke,1e401c64-aea5-9092-c7c7-11e1e0c79b36,2026-05-22,delivered,2026-05-24,26824.43,4291.91,31116.34,KES
SO-2098,d1799e4c-d526-50cb-a3ed-18dbd6b1a22f,de5550e6-e029-4c9b-5d94-b2efd3504761,sai-ke,1e401c64-aea5-9092-c7c7-11e1e0c79b36,2026-04-28,delivered,2026-04-30,39713.47,6354.16,46067.63,KES
SO-2099,d1799e4c-d526-50cb-a3ed-18dbd6b1a22f,de5550e6-e029-4c9b-5d94-b2efd3504761,sai-ke,1e401c64-aea5-9092-c7c7-11e1e0c79b36,2026-04-04,delivered,2026-04-06,76845.93,12295.35,89141.28,KES
SO-2100,d1799e4c-d526-50cb-a3ed-18dbd6b1a22f,de5550e6-e029-4c9b-5d94-b2efd3504761,sai-ke,1e401c64-aea5-9092-c7c7-11e1e0c79b36,2026-03-11,delivered,2026-03-13,54681.23,8749.0,63430.23,KES
SO-2101,d1799e4c-d526-50cb-a3ed-18dbd6b1a22f,de5550e6-e029-4c9b-5d94-b2efd3504761,sai-ke,1e401c64-aea5-9092-c7c7-11e1e0c79b36,2026-02-15,delivered,2026-02-17,48004.78,7680.76,55685.54,KES
SO-2102,d1799e4c-d526-50cb-a3ed-18dbd6b1a22f,de5550e6-e029-4c9b-5d94-b2efd3504761,sai-ke,1e401c64-aea5-9092-c7c7-11e1e0c79b36,2026-01-22,delivered,2026-01-24,10867.06,1738.73,12605.79,KES
SO-2103,d1799e4c-d526-50cb-a3ed-18dbd6b1a22f,de5550e6-e029-4c9b-5d94-b2efd3504761,sai-ke,1e401c64-aea5-9092-c7c7-11e1e0c79b36,2025-12-29,delivered,2025-12-31,119264.58,19082.33,138346.91,KES
SO-2104,d1799e4c-d526-50cb-a3ed-18dbd6b1a22f,de5550e6-e029-4c9b-5d94-b2efd3504761,sai-ke,1e401c64-aea5-9092-c7c7-11e1e0c79b36,2025-12-05,delivered,2025-12-07,67195.52,10751.28,77946.8,KES
SO-2105,d1799e4c-d526-50cb-a3ed-18dbd6b1a22f,de5550e6-e029-4c9b-5d94-b2efd3504761,sai-ke,1e401c64-aea5-9092-c7c7-11e1e0c79b36,2025-11-11,delivered,2025-11-13,100480.78,16076.92,116557.7,KES
SO-2106,d1799e4c-d526-50cb-a3ed-18dbd6b1a22f,de5550e6-e029-4c9b-5d94-b2efd3504761,sai-ke,1e401c64-aea5-9092-c7c7-11e1e0c79b36,2025-10-18,delivered,2025-10-20,57691.95,9230.71,66922.66,KES
SO-2107,a9d0b8b9-076f-71ce-2bc7-1816d9834567,38ba2c55-4cf7-47af-6f9f-f0271452f842,sai-tz,c4ce17fe-ee69-e939-ed3c-f7adf6ef4b89,2026-07-25,delivered,2026-07-27,42251.12,6760.18,49011.3,TZS
SO-2108,a9d0b8b9-076f-71ce-2bc7-1816d9834567,38ba2c55-4cf7-47af-6f9f-f0271452f842,sai-tz,c4ce17fe-ee69-e939-ed3c-f7adf6ef4b89,2026-06-26,delivered,2026-06-28,60645.28,9703.24,70348.52,TZS
SO-2109,a9d0b8b9-076f-71ce-2bc7-1816d9834567,38ba2c55-4cf7-47af-6f9f-f0271452f842,sai-tz,c4ce17fe-ee69-e939-ed3c-f7adf6ef4b89,2026-05-28,delivered,2026-05-30,71429.1,11428.66,82857.76,TZS
SO-2110,a9d0b8b9-076f-71ce-2bc7-1816d9834567,38ba2c55-4cf7-47af-6f9f-f0271452f842,sai-tz,c4ce17fe-ee69-e939-ed3c-f7adf6ef4b89,2026-04-29,delivered,2026-05-01,94851.68,15176.27,110027.95,TZS
SO-2111,a9d0b8b9-076f-71ce-2bc7-1816d9834567,38ba2c55-4cf7-47af-6f9f-f0271452f842,sai-tz,c4ce17fe-ee69-e939-ed3c-f7adf6ef4b89,2026-03-31,delivered,2026-04-02,78002.21,12480.35,90482.56,TZS
SO-2112,a9d0b8b9-076f-71ce-2bc7-1816d9834567,38ba2c55-4cf7-47af-6f9f-f0271452f842,sai-tz,c4ce17fe-ee69-e939-ed3c-f7adf6ef4b89,2026-03-02,delivered,2026-03-04,127173.35,20347.74,147521.09,TZS
SO-2113,a9d0b8b9-076f-71ce-2bc7-1816d9834567,38ba2c55-4cf7-47af-6f9f-f0271452f842,sai-tz,c4ce17fe-ee69-e939-ed3c-f7adf6ef4b89,2026-02-01,delivered,2026-02-03,22338.74,3574.2,25912.94,TZS
SO-2114,a9d0b8b9-076f-71ce-2bc7-1816d9834567,38ba2c55-4cf7-47af-6f9f-f0271452f842,sai-tz,c4ce17fe-ee69-e939-ed3c-f7adf6ef4b89,2026-01-03,delivered,2026-01-05,14511.35,2321.82,16833.17,TZS
SO-2115,a9d0b8b9-076f-71ce-2bc7-1816d9834567,38ba2c55-4cf7-47af-6f9f-f0271452f842,sai-tz,c4ce17fe-ee69-e939-ed3c-f7adf6ef4b89,2025-12-05,delivered,2025-12-07,77487.68,12398.03,89885.71,TZS
SO-2116,a9d0b8b9-076f-71ce-2bc7-1816d9834567,38ba2c55-4cf7-47af-6f9f-f0271452f842,sai-tz,c4ce17fe-ee69-e939-ed3c-f7adf6ef4b89,2025-11-06,delivered,2025-11-08,105234.36,16837.5,122071.86,TZS
SO-2117,a9d0b8b9-076f-71ce-2bc7-1816d9834567,38ba2c55-4cf7-47af-6f9f-f0271452f842,sai-tz,c4ce17fe-ee69-e939-ed3c-f7adf6ef4b89,2025-10-08,delivered,2025-10-10,24577.0,3932.32,28509.32,TZS
SO-2118,a9d0b8b9-076f-71ce-2bc7-1816d9834567,38ba2c55-4cf7-47af-6f9f-f0271452f842,sai-tz,c4ce17fe-ee69-e939-ed3c-f7adf6ef4b89,2025-09-09,delivered,2025-09-11,175077.36,28012.38,203089.74,TZS
SO-2119,94fe56f4-73dc-9f8d-0db4-a784e97fedc4,6744b6de-dee4-492e-125d-ec7124f182ad,sai-ke,8efa6771-e1d6-8ea8-08d8-13c5a1acffce,2026-08-10,picking,2026-08-12,64650.91,10344.15,74995.06,KES
SO-2120,94fe56f4-73dc-9f8d-0db4-a784e97fedc4,6744b6de-dee4-492e-125d-ec7124f182ad,sai-ke,8efa6771-e1d6-8ea8-08d8-13c5a1acffce,2026-07-16,delivered,2026-07-18,73735.06,11797.61,85532.67,KES
SO-2121,94fe56f4-73dc-9f8d-0db4-a784e97fedc4,6744b6de-dee4-492e-125d-ec7124f182ad,sai-ke,8efa6771-e1d6-8ea8-08d8-13c5a1acffce,2026-06-21,delivered,2026-06-23,44975.46,7196.07,52171.53,KES
SO-2122,94fe56f4-73dc-9f8d-0db4-a784e97fedc4,6744b6de-dee4-492e-125d-ec7124f182ad,sai-ke,8efa6771-e1d6-8ea8-08d8-13c5a1acffce,2026-05-27,delivered,2026-05-29,139458.64,22313.38,161772.02,KES
SO-2123,94fe56f4-73dc-9f8d-0db4-a784e97fedc4,6744b6de-dee4-492e-125d-ec7124f182ad,sai-ke,8efa6771-e1d6-8ea8-08d8-13c5a1acffce,2026-05-02,delivered,2026-05-04,54682.92,8749.27,63432.19,KES
SO-2124,94fe56f4-73dc-9f8d-0db4-a784e97fedc4,6744b6de-dee4-492e-125d-ec7124f182ad,sai-ke,8efa6771-e1d6-8ea8-08d8-13c5a1acffce,2026-04-07,delivered,2026-04-09,124145.92,19863.35,144009.27,KES
SO-2125,94fe56f4-73dc-9f8d-0db4-a784e97fedc4,6744b6de-dee4-492e-125d-ec7124f182ad,sai-ke,8efa6771-e1d6-8ea8-08d8-13c5a1acffce,2026-03-13,delivered,2026-03-15,101666.79,16266.69,117933.48,KES
SO-2126,94fe56f4-73dc-9f8d-0db4-a784e97fedc4,6744b6de-dee4-492e-125d-ec7124f182ad,sai-ke,8efa6771-e1d6-8ea8-08d8-13c5a1acffce,2026-02-16,delivered,2026-02-18,65090.21,10414.43,75504.64,KES
SO-2127,94fe56f4-73dc-9f8d-0db4-a784e97fedc4,6744b6de-dee4-492e-125d-ec7124f182ad,sai-ke,8efa6771-e1d6-8ea8-08d8-13c5a1acffce,2026-01-22,delivered,2026-01-24,120746.59,19319.45,140066.04,KES
SO-2128,94fe56f4-73dc-9f8d-0db4-a784e97fedc4,6744b6de-dee4-492e-125d-ec7124f182ad,sai-ke,8efa6771-e1d6-8ea8-08d8-13c5a1acffce,2025-12-28,delivered,2025-12-30,155290.62,24846.5,180137.12,KES
SO-2129,94fe56f4-73dc-9f8d-0db4-a784e97fedc4,6744b6de-dee4-492e-125d-ec7124f182ad,sai-ke,8efa6771-e1d6-8ea8-08d8-13c5a1acffce,2025-12-03,delivered,2025-12-05,19107.25,3057.16,22164.41,KES
SO-2130,94fe56f4-73dc-9f8d-0db4-a784e97fedc4,6744b6de-dee4-492e-125d-ec7124f182ad,sai-ke,8efa6771-e1d6-8ea8-08d8-13c5a1acffce,2025-11-08,delivered,2025-11-10,148447.16,23751.55,172198.71,KES
SO-2131,c331d694-9eab-fac3-010e-df895fb6c6c3,0a19ad6e-6628-8099-0a7c-415e45ecf47c,sai-ke,1e401c64-aea5-9092-c7c7-11e1e0c79b36,2026-08-07,delivered,2026-08-09,98345.33,15735.25,114080.58,KES
SO-2132,c331d694-9eab-fac3-010e-df895fb6c6c3,0a19ad6e-6628-8099-0a7c-415e45ecf47c,sai-ke,1e401c64-aea5-9092-c7c7-11e1e0c79b36,2026-07-06,delivered,2026-07-08,94592.12,15134.74,109726.86,KES
SO-2133,c331d694-9eab-fac3-010e-df895fb6c6c3,0a19ad6e-6628-8099-0a7c-415e45ecf47c,sai-ke,1e401c64-aea5-9092-c7c7-11e1e0c79b36,2026-06-04,delivered,2026-06-06,135186.14,21629.78,156815.92,KES
SO-2134,c331d694-9eab-fac3-010e-df895fb6c6c3,0a19ad6e-6628-8099-0a7c-415e45ecf47c,sai-ke,1e401c64-aea5-9092-c7c7-11e1e0c79b36,2026-05-03,delivered,2026-05-05,117088.97,18734.24,135823.21,KES
SO-2135,c331d694-9eab-fac3-010e-df895fb6c6c3,0a19ad6e-6628-8099-0a7c-415e45ecf47c,sai-ke,1e401c64-aea5-9092-c7c7-11e1e0c79b36,2026-04-01,delivered,2026-04-03,95989.33,15358.29,111347.62,KES
SO-2136,c331d694-9eab-fac3-010e-df895fb6c6c3,0a19ad6e-6628-8099-0a7c-415e45ecf47c,sai-ke,1e401c64-aea5-9092-c7c7-11e1e0c79b36,2026-02-28,delivered,2026-03-02,107587.09,17213.93,124801.02,KES
SO-2137,c331d694-9eab-fac3-010e-df895fb6c6c3,0a19ad6e-6628-8099-0a7c-415e45ecf47c,sai-ke,1e401c64-aea5-9092-c7c7-11e1e0c79b36,2026-01-27,delivered,2026-01-29,13487.03,2157.92,15644.95,KES
SO-2138,c331d694-9eab-fac3-010e-df895fb6c6c3,0a19ad6e-6628-8099-0a7c-415e45ecf47c,sai-ke,1e401c64-aea5-9092-c7c7-11e1e0c79b36,2025-12-26,delivered,2025-12-28,25458.41,4073.35,29531.76,KES
SO-2139,c331d694-9eab-fac3-010e-df895fb6c6c3,0a19ad6e-6628-8099-0a7c-415e45ecf47c,sai-ke,1e401c64-aea5-9092-c7c7-11e1e0c79b36,2025-11-24,delivered,2025-11-26,82538.22,13206.12,95744.34,KES
SO-2140,c331d694-9eab-fac3-010e-df895fb6c6c3,0a19ad6e-6628-8099-0a7c-415e45ecf47c,sai-ke,1e401c64-aea5-9092-c7c7-11e1e0c79b36,2025-10-23,delivered,2025-10-25,53035.76,8485.72,61521.48,KES
SO-2141,c331d694-9eab-fac3-010e-df895fb6c6c3,0a19ad6e-6628-8099-0a7c-415e45ecf47c,sai-ke,1e401c64-aea5-9092-c7c7-11e1e0c79b36,2025-09-21,delivered,2025-09-23,46749.56,7479.93,54229.49,KES
SO-2142,c331d694-9eab-fac3-010e-df895fb6c6c3,0a19ad6e-6628-8099-0a7c-415e45ecf47c,sai-ke,1e401c64-aea5-9092-c7c7-11e1e0c79b36,2025-08-20,delivered,2025-08-22,94240.16,15078.43,109318.59,KES
SO-2143,07ea7ec8-6b78-953f-0b66-ad7cd3b3ba4d,7b5a4dd0-2572-e9ef-8052-cadcb331adf8,sai-ke,bfb69fe8-1548-6f0b-3f13-f26c740f0c1f,2026-08-01,delivered,2026-08-03,119089.03,19054.24,138143.27,KES
SO-2144,07ea7ec8-6b78-953f-0b66-ad7cd3b3ba4d,7b5a4dd0-2572-e9ef-8052-cadcb331adf8,sai-ke,bfb69fe8-1548-6f0b-3f13-f26c740f0c1f,2026-07-03,delivered,2026-07-05,114984.9,18397.58,133382.48,KES
SO-2145,07ea7ec8-6b78-953f-0b66-ad7cd3b3ba4d,7b5a4dd0-2572-e9ef-8052-cadcb331adf8,sai-ke,bfb69fe8-1548-6f0b-3f13-f26c740f0c1f,2026-06-04,delivered,2026-06-06,79419.39,12707.1,92126.49,KES
SO-2146,07ea7ec8-6b78-953f-0b66-ad7cd3b3ba4d,7b5a4dd0-2572-e9ef-8052-cadcb331adf8,sai-ke,bfb69fe8-1548-6f0b-3f13-f26c740f0c1f,2026-05-06,delivered,2026-05-08,64049.79,10247.97,74297.76,KES
SO-2147,07ea7ec8-6b78-953f-0b66-ad7cd3b3ba4d,7b5a4dd0-2572-e9ef-8052-cadcb331adf8,sai-ke,bfb69fe8-1548-6f0b-3f13-f26c740f0c1f,2026-04-07,delivered,2026-04-09,129421.23,20707.4,150128.63,KES
SO-2148,07ea7ec8-6b78-953f-0b66-ad7cd3b3ba4d,7b5a4dd0-2572-e9ef-8052-cadcb331adf8,sai-ke,bfb69fe8-1548-6f0b-3f13-f26c740f0c1f,2026-03-09,delivered,2026-03-11,26049.35,4167.9,30217.25,KES
SO-2149,07ea7ec8-6b78-953f-0b66-ad7cd3b3ba4d,7b5a4dd0-2572-e9ef-8052-cadcb331adf8,sai-ke,bfb69fe8-1548-6f0b-3f13-f26c740f0c1f,2026-02-08,delivered,2026-02-10,71882.38,11501.18,83383.56,KES
SO-2150,07ea7ec8-6b78-953f-0b66-ad7cd3b3ba4d,7b5a4dd0-2572-e9ef-8052-cadcb331adf8,sai-ke,bfb69fe8-1548-6f0b-3f13-f26c740f0c1f,2026-01-10,delivered,2026-01-12,59979.74,9596.76,69576.5,KES
SO-2151,07ea7ec8-6b78-953f-0b66-ad7cd3b3ba4d,7b5a4dd0-2572-e9ef-8052-cadcb331adf8,sai-ke,bfb69fe8-1548-6f0b-3f13-f26c740f0c1f,2025-12-12,delivered,2025-12-14,61741.55,9878.65,71620.2,KES
SO-2152,07ea7ec8-6b78-953f-0b66-ad7cd3b3ba4d,7b5a4dd0-2572-e9ef-8052-cadcb331adf8,sai-ke,bfb69fe8-1548-6f0b-3f13-f26c740f0c1f,2025-11-13,delivered,2025-11-15,103796.63,16607.46,120404.09,KES
SO-2153,07ea7ec8-6b78-953f-0b66-ad7cd3b3ba4d,7b5a4dd0-2572-e9ef-8052-cadcb331adf8,sai-ke,bfb69fe8-1548-6f0b-3f13-f26c740f0c1f,2025-10-15,delivered,2025-10-17,79813.95,12770.23,92584.18,KES
SO-2154,07ea7ec8-6b78-953f-0b66-ad7cd3b3ba4d,7b5a4dd0-2572-e9ef-8052-cadcb331adf8,sai-ke,bfb69fe8-1548-6f0b-3f13-f26c740f0c1f,2025-09-16,delivered,2025-09-18,77757.6,12441.22,90198.82,KES
SO-2155,767c0c6f-9fe5-eed6-6962-a4952889f486,1440d33c-a7df-b5ed-7b95-4c9eae780266,sai-ke,0f9aa6b8-15cc-0d9b-56c3-61f5f86544f9,2026-08-01,delivered,2026-08-03,133874.16,21419.87,155294.03,KES
SO-2156,767c0c6f-9fe5-eed6-6962-a4952889f486,1440d33c-a7df-b5ed-7b95-4c9eae780266,sai-ke,0f9aa6b8-15cc-0d9b-56c3-61f5f86544f9,2026-07-06,delivered,2026-07-08,70342.48,11254.8,81597.28,KES
SO-2157,767c0c6f-9fe5-eed6-6962-a4952889f486,1440d33c-a7df-b5ed-7b95-4c9eae780266,sai-ke,0f9aa6b8-15cc-0d9b-56c3-61f5f86544f9,2026-06-10,delivered,2026-06-12,182604.92,29216.79,211821.71,KES
SO-2158,767c0c6f-9fe5-eed6-6962-a4952889f486,1440d33c-a7df-b5ed-7b95-4c9eae780266,sai-ke,0f9aa6b8-15cc-0d9b-56c3-61f5f86544f9,2026-05-15,delivered,2026-05-17,46283.28,7405.32,53688.6,KES
SO-2159,767c0c6f-9fe5-eed6-6962-a4952889f486,1440d33c-a7df-b5ed-7b95-4c9eae780266,sai-ke,0f9aa6b8-15cc-0d9b-56c3-61f5f86544f9,2026-04-19,delivered,2026-04-21,52695.5,8431.28,61126.78,KES
SO-2160,767c0c6f-9fe5-eed6-6962-a4952889f486,1440d33c-a7df-b5ed-7b95-4c9eae780266,sai-ke,0f9aa6b8-15cc-0d9b-56c3-61f5f86544f9,2026-03-24,delivered,2026-03-26,149574.86,23931.98,173506.84,KES
SO-2161,767c0c6f-9fe5-eed6-6962-a4952889f486,1440d33c-a7df-b5ed-7b95-4c9eae780266,sai-ke,0f9aa6b8-15cc-0d9b-56c3-61f5f86544f9,2026-02-26,delivered,2026-02-28,48453.14,7752.5,56205.64,KES
SO-2162,767c0c6f-9fe5-eed6-6962-a4952889f486,1440d33c-a7df-b5ed-7b95-4c9eae780266,sai-ke,0f9aa6b8-15cc-0d9b-56c3-61f5f86544f9,2026-01-31,delivered,2026-02-02,81137.32,12981.97,94119.29,KES
SO-2163,767c0c6f-9fe5-eed6-6962-a4952889f486,1440d33c-a7df-b5ed-7b95-4c9eae780266,sai-ke,0f9aa6b8-15cc-0d9b-56c3-61f5f86544f9,2026-01-05,delivered,2026-01-07,93280.04,14924.81,108204.85,KES
SO-2164,767c0c6f-9fe5-eed6-6962-a4952889f486,1440d33c-a7df-b5ed-7b95-4c9eae780266,sai-ke,0f9aa6b8-15cc-0d9b-56c3-61f5f86544f9,2025-12-10,delivered,2025-12-12,71021.3,11363.41,82384.71,KES
SO-2165,767c0c6f-9fe5-eed6-6962-a4952889f486,1440d33c-a7df-b5ed-7b95-4c9eae780266,sai-ke,0f9aa6b8-15cc-0d9b-56c3-61f5f86544f9,2025-11-14,delivered,2025-11-16,92992.68,14878.83,107871.51,KES
SO-2166,767c0c6f-9fe5-eed6-6962-a4952889f486,1440d33c-a7df-b5ed-7b95-4c9eae780266,sai-ke,0f9aa6b8-15cc-0d9b-56c3-61f5f86544f9,2025-10-19,delivered,2025-10-21,44486.26,7117.8,51604.06,KES
SO-2167,2d88b186-a85b-af34-53ba-732eee247387,513e6e94-8ca7-8a74-88ab-bfec36f3df83,sai-ke,bfb69fe8-1548-6f0b-3f13-f26c740f0c1f,2026-08-07,delivered,2026-08-09,95679.47,15308.72,110988.19,KES
SO-2168,2d88b186-a85b-af34-53ba-732eee247387,513e6e94-8ca7-8a74-88ab-bfec36f3df83,sai-ke,bfb69fe8-1548-6f0b-3f13-f26c740f0c1f,2026-07-07,delivered,2026-07-09,53612.68,8578.03,62190.71,KES
SO-2169,2d88b186-a85b-af34-53ba-732eee247387,513e6e94-8ca7-8a74-88ab-bfec36f3df83,sai-ke,bfb69fe8-1548-6f0b-3f13-f26c740f0c1f,2026-06-06,delivered,2026-06-08,102312.86,16370.06,118682.92,KES
SO-2170,2d88b186-a85b-af34-53ba-732eee247387,513e6e94-8ca7-8a74-88ab-bfec36f3df83,sai-ke,bfb69fe8-1548-6f0b-3f13-f26c740f0c1f,2026-05-06,delivered,2026-05-08,37858.36,6057.34,43915.7,KES
SO-2171,2d88b186-a85b-af34-53ba-732eee247387,513e6e94-8ca7-8a74-88ab-bfec36f3df83,sai-ke,bfb69fe8-1548-6f0b-3f13-f26c740f0c1f,2026-04-05,delivered,2026-04-07,82566.16,13210.59,95776.75,KES
SO-2172,2d88b186-a85b-af34-53ba-732eee247387,513e6e94-8ca7-8a74-88ab-bfec36f3df83,sai-ke,bfb69fe8-1548-6f0b-3f13-f26c740f0c1f,2026-03-05,delivered,2026-03-07,48328.35,7732.54,56060.89,KES
SO-2173,2d88b186-a85b-af34-53ba-732eee247387,513e6e94-8ca7-8a74-88ab-bfec36f3df83,sai-ke,bfb69fe8-1548-6f0b-3f13-f26c740f0c1f,2026-02-02,delivered,2026-02-04,43869.84,7019.17,50889.01,KES
SO-2174,2d88b186-a85b-af34-53ba-732eee247387,513e6e94-8ca7-8a74-88ab-bfec36f3df83,sai-ke,bfb69fe8-1548-6f0b-3f13-f26c740f0c1f,2026-01-02,delivered,2026-01-04,67442.78,10790.84,78233.62,KES
SO-2175,2d88b186-a85b-af34-53ba-732eee247387,513e6e94-8ca7-8a74-88ab-bfec36f3df83,sai-ke,bfb69fe8-1548-6f0b-3f13-f26c740f0c1f,2025-12-02,delivered,2025-12-04,17156.46,2745.03,19901.49,KES
SO-2176,2d88b186-a85b-af34-53ba-732eee247387,513e6e94-8ca7-8a74-88ab-bfec36f3df83,sai-ke,bfb69fe8-1548-6f0b-3f13-f26c740f0c1f,2025-11-01,delivered,2025-11-03,73984.69,11837.55,85822.24,KES
SO-2177,2d88b186-a85b-af34-53ba-732eee247387,513e6e94-8ca7-8a74-88ab-bfec36f3df83,sai-ke,bfb69fe8-1548-6f0b-3f13-f26c740f0c1f,2025-10-01,delivered,2025-10-03,121076.71,19372.27,140448.98,KES
SO-2178,2d88b186-a85b-af34-53ba-732eee247387,513e6e94-8ca7-8a74-88ab-bfec36f3df83,sai-ke,bfb69fe8-1548-6f0b-3f13-f26c740f0c1f,2025-08-31,delivered,2025-09-02,61027.16,9764.35,70791.51,KES
SO-2179,04c823b4-adac-2af1-e7ad-31e0930ab83a,1b5b6cfd-e39e-d63f-ab83-0b9561ed94b4,sai-ke,1e401c64-aea5-9092-c7c7-11e1e0c79b36,2026-07-22,delivered,2026-07-24,96292.15,15406.74,111698.89,KES
SO-2180,04c823b4-adac-2af1-e7ad-31e0930ab83a,1b5b6cfd-e39e-d63f-ab83-0b9561ed94b4,sai-ke,1e401c64-aea5-9092-c7c7-11e1e0c79b36,2026-06-21,delivered,2026-06-23,75778.37,12124.54,87902.91,KES
SO-2181,04c823b4-adac-2af1-e7ad-31e0930ab83a,1b5b6cfd-e39e-d63f-ab83-0b9561ed94b4,sai-ke,1e401c64-aea5-9092-c7c7-11e1e0c79b36,2026-05-21,delivered,2026-05-23,74282.23,11885.16,86167.39,KES
SO-2182,04c823b4-adac-2af1-e7ad-31e0930ab83a,1b5b6cfd-e39e-d63f-ab83-0b9561ed94b4,sai-ke,1e401c64-aea5-9092-c7c7-11e1e0c79b36,2026-04-20,delivered,2026-04-22,148188.94,23710.23,171899.17,KES
SO-2183,04c823b4-adac-2af1-e7ad-31e0930ab83a,1b5b6cfd-e39e-d63f-ab83-0b9561ed94b4,sai-ke,1e401c64-aea5-9092-c7c7-11e1e0c79b36,2026-03-20,delivered,2026-03-22,56618.69,9058.99,65677.68,KES
SO-2184,04c823b4-adac-2af1-e7ad-31e0930ab83a,1b5b6cfd-e39e-d63f-ab83-0b9561ed94b4,sai-ke,1e401c64-aea5-9092-c7c7-11e1e0c79b36,2026-02-17,delivered,2026-02-19,64410.44,10305.67,74716.11,KES
SO-2185,04c823b4-adac-2af1-e7ad-31e0930ab83a,1b5b6cfd-e39e-d63f-ab83-0b9561ed94b4,sai-ke,1e401c64-aea5-9092-c7c7-11e1e0c79b36,2026-01-17,delivered,2026-01-19,110958.92,17753.43,128712.35,KES
SO-2186,04c823b4-adac-2af1-e7ad-31e0930ab83a,1b5b6cfd-e39e-d63f-ab83-0b9561ed94b4,sai-ke,1e401c64-aea5-9092-c7c7-11e1e0c79b36,2025-12-17,delivered,2025-12-19,158452.65,25352.42,183805.07,KES
SO-2187,04c823b4-adac-2af1-e7ad-31e0930ab83a,1b5b6cfd-e39e-d63f-ab83-0b9561ed94b4,sai-ke,1e401c64-aea5-9092-c7c7-11e1e0c79b36,2025-11-16,delivered,2025-11-18,134913.28,21586.12,156499.4,KES
SO-2188,04c823b4-adac-2af1-e7ad-31e0930ab83a,1b5b6cfd-e39e-d63f-ab83-0b9561ed94b4,sai-ke,1e401c64-aea5-9092-c7c7-11e1e0c79b36,2025-10-16,delivered,2025-10-18,40411.21,6465.79,46877.0,KES
SO-2189,04c823b4-adac-2af1-e7ad-31e0930ab83a,1b5b6cfd-e39e-d63f-ab83-0b9561ed94b4,sai-ke,1e401c64-aea5-9092-c7c7-11e1e0c79b36,2025-09-15,delivered,2025-09-17,148460.68,23753.71,172214.39,KES
SO-2190,7cda934e-9aab-cb6f-4cd4-abd78f657ab9,c058919d-4db0-1616-5f53-a888024a6519,sai-tz,c4ce17fe-ee69-e939-ed3c-f7adf6ef4b89,2026-07-28,delivered,2026-07-30,54648.8,8743.81,63392.61,TZS
SO-2191,7cda934e-9aab-cb6f-4cd4-abd78f657ab9,c058919d-4db0-1616-5f53-a888024a6519,sai-tz,c4ce17fe-ee69-e939-ed3c-f7adf6ef4b89,2026-07-04,delivered,2026-07-06,103393.8,16543.01,119936.81,TZS
SO-2192,7cda934e-9aab-cb6f-4cd4-abd78f657ab9,c058919d-4db0-1616-5f53-a888024a6519,sai-tz,c4ce17fe-ee69-e939-ed3c-f7adf6ef4b89,2026-06-10,delivered,2026-06-12,100791.72,16126.68,116918.4,TZS
SO-2193,7cda934e-9aab-cb6f-4cd4-abd78f657ab9,c058919d-4db0-1616-5f53-a888024a6519,sai-tz,c4ce17fe-ee69-e939-ed3c-f7adf6ef4b89,2026-05-17,delivered,2026-05-19,45753.96,7320.63,53074.59,TZS
SO-2194,7cda934e-9aab-cb6f-4cd4-abd78f657ab9,c058919d-4db0-1616-5f53-a888024a6519,sai-tz,c4ce17fe-ee69-e939-ed3c-f7adf6ef4b89,2026-04-23,delivered,2026-04-25,59128.48,9460.56,68589.04,TZS
SO-2195,7cda934e-9aab-cb6f-4cd4-abd78f657ab9,c058919d-4db0-1616-5f53-a888024a6519,sai-tz,c4ce17fe-ee69-e939-ed3c-f7adf6ef4b89,2026-03-30,delivered,2026-04-01,40780.41,6524.87,47305.28,TZS
SO-2196,7cda934e-9aab-cb6f-4cd4-abd78f657ab9,c058919d-4db0-1616-5f53-a888024a6519,sai-tz,c4ce17fe-ee69-e939-ed3c-f7adf6ef4b89,2026-03-06,delivered,2026-03-08,30480.18,4876.83,35357.01,TZS
SO-2197,7cda934e-9aab-cb6f-4cd4-abd78f657ab9,c058919d-4db0-1616-5f53-a888024a6519,sai-tz,c4ce17fe-ee69-e939-ed3c-f7adf6ef4b89,2026-02-10,delivered,2026-02-12,97308.75,15569.4,112878.15,TZS
SO-2198,7cda934e-9aab-cb6f-4cd4-abd78f657ab9,c058919d-4db0-1616-5f53-a888024a6519,sai-tz,c4ce17fe-ee69-e939-ed3c-f7adf6ef4b89,2026-01-17,delivered,2026-01-19,46221.98,7395.52,53617.5,TZS
SO-2199,7cda934e-9aab-cb6f-4cd4-abd78f657ab9,c058919d-4db0-1616-5f53-a888024a6519,sai-tz,c4ce17fe-ee69-e939-ed3c-f7adf6ef4b89,2025-12-24,delivered,2025-12-26,61564.3,9850.29,71414.59,TZS
SO-2200,7cda934e-9aab-cb6f-4cd4-abd78f657ab9,c058919d-4db0-1616-5f53-a888024a6519,sai-tz,c4ce17fe-ee69-e939-ed3c-f7adf6ef4b89,2025-11-30,delivered,2025-12-02,135424.58,21667.93,157092.51,TZS
SO-2201,7cda934e-9aab-cb6f-4cd4-abd78f657ab9,c058919d-4db0-1616-5f53-a888024a6519,sai-tz,c4ce17fe-ee69-e939-ed3c-f7adf6ef4b89,2025-11-06,delivered,2025-11-08,110617.16,17698.75,128315.91,TZS
SO-2202,75891ee8-ff77-b7cc-3ab3-5af3772f7f5a,b4d7b2e7-9fd5-5436-a4e5-edf8e2a60e39,sai-ke,b39999e9-ac87-cd22-4751-5e4d2d25ae47,2026-08-05,delivered,2026-08-07,64396.05,10303.37,74699.42,KES
SO-2203,75891ee8-ff77-b7cc-3ab3-5af3772f7f5a,b4d7b2e7-9fd5-5436-a4e5-edf8e2a60e39,sai-ke,b39999e9-ac87-cd22-4751-5e4d2d25ae47,2026-07-05,delivered,2026-07-07,25806.83,4129.09,29935.92,KES
SO-2204,75891ee8-ff77-b7cc-3ab3-5af3772f7f5a,b4d7b2e7-9fd5-5436-a4e5-edf8e2a60e39,sai-ke,b39999e9-ac87-cd22-4751-5e4d2d25ae47,2026-06-04,delivered,2026-06-06,101616.63,16258.66,117875.29,KES
SO-2205,75891ee8-ff77-b7cc-3ab3-5af3772f7f5a,b4d7b2e7-9fd5-5436-a4e5-edf8e2a60e39,sai-ke,b39999e9-ac87-cd22-4751-5e4d2d25ae47,2026-05-04,delivered,2026-05-06,57360.25,9177.64,66537.89,KES
SO-2206,75891ee8-ff77-b7cc-3ab3-5af3772f7f5a,b4d7b2e7-9fd5-5436-a4e5-edf8e2a60e39,sai-ke,b39999e9-ac87-cd22-4751-5e4d2d25ae47,2026-04-03,delivered,2026-04-05,58321.15,9331.38,67652.53,KES
SO-2207,75891ee8-ff77-b7cc-3ab3-5af3772f7f5a,b4d7b2e7-9fd5-5436-a4e5-edf8e2a60e39,sai-ke,b39999e9-ac87-cd22-4751-5e4d2d25ae47,2026-03-03,delivered,2026-03-05,283836.32,45413.81,329250.13,KES
SO-2208,75891ee8-ff77-b7cc-3ab3-5af3772f7f5a,b4d7b2e7-9fd5-5436-a4e5-edf8e2a60e39,sai-ke,b39999e9-ac87-cd22-4751-5e4d2d25ae47,2026-01-31,delivered,2026-02-02,123437.95,19750.07,143188.02,KES
SO-2209,75891ee8-ff77-b7cc-3ab3-5af3772f7f5a,b4d7b2e7-9fd5-5436-a4e5-edf8e2a60e39,sai-ke,b39999e9-ac87-cd22-4751-5e4d2d25ae47,2025-12-31,delivered,2026-01-02,182759.58,29241.53,212001.11,KES
SO-2210,75891ee8-ff77-b7cc-3ab3-5af3772f7f5a,b4d7b2e7-9fd5-5436-a4e5-edf8e2a60e39,sai-ke,b39999e9-ac87-cd22-4751-5e4d2d25ae47,2025-11-30,delivered,2025-12-02,86354.01,13816.64,100170.65,KES
SO-2211,75891ee8-ff77-b7cc-3ab3-5af3772f7f5a,b4d7b2e7-9fd5-5436-a4e5-edf8e2a60e39,sai-ke,b39999e9-ac87-cd22-4751-5e4d2d25ae47,2025-10-30,delivered,2025-11-01,66245.65,10599.3,76844.95,KES
SO-2212,75891ee8-ff77-b7cc-3ab3-5af3772f7f5a,b4d7b2e7-9fd5-5436-a4e5-edf8e2a60e39,sai-ke,b39999e9-ac87-cd22-4751-5e4d2d25ae47,2025-09-29,delivered,2025-10-01,155898.56,24943.77,180842.33,KES
SO-2213,75891ee8-ff77-b7cc-3ab3-5af3772f7f5a,b4d7b2e7-9fd5-5436-a4e5-edf8e2a60e39,sai-ke,b39999e9-ac87-cd22-4751-5e4d2d25ae47,2025-08-29,delivered,2025-08-31,83500.78,13360.12,96860.9,KES
SO-2214,9d8ade04-d1b3-022b-a213-db5ef2c0b831,95a78e07-d62b-b9a7-b255-34ed5be13b09,sai-ke,0f9aa6b8-15cc-0d9b-56c3-61f5f86544f9,2026-07-28,delivered,2026-07-30,65628.37,10500.54,76128.91,KES
SO-2215,9d8ade04-d1b3-022b-a213-db5ef2c0b831,95a78e07-d62b-b9a7-b255-34ed5be13b09,sai-ke,0f9aa6b8-15cc-0d9b-56c3-61f5f86544f9,2026-07-02,delivered,2026-07-04,86050.27,13768.04,99818.31,KES
SO-2216,9d8ade04-d1b3-022b-a213-db5ef2c0b831,95a78e07-d62b-b9a7-b255-34ed5be13b09,sai-ke,0f9aa6b8-15cc-0d9b-56c3-61f5f86544f9,2026-06-06,delivered,2026-06-08,116265.86,18602.54,134868.4,KES
SO-2217,9d8ade04-d1b3-022b-a213-db5ef2c0b831,95a78e07-d62b-b9a7-b255-34ed5be13b09,sai-ke,0f9aa6b8-15cc-0d9b-56c3-61f5f86544f9,2026-05-11,delivered,2026-05-13,188751.87,30200.3,218952.17,KES
SO-2218,9d8ade04-d1b3-022b-a213-db5ef2c0b831,95a78e07-d62b-b9a7-b255-34ed5be13b09,sai-ke,0f9aa6b8-15cc-0d9b-56c3-61f5f86544f9,2026-04-15,delivered,2026-04-17,123370.23,19739.24,143109.47,KES
SO-2219,9d8ade04-d1b3-022b-a213-db5ef2c0b831,95a78e07-d62b-b9a7-b255-34ed5be13b09,sai-ke,0f9aa6b8-15cc-0d9b-56c3-61f5f86544f9,2026-03-20,delivered,2026-03-22,108828.7,17412.59,126241.29,KES
SO-2220,9d8ade04-d1b3-022b-a213-db5ef2c0b831,95a78e07-d62b-b9a7-b255-34ed5be13b09,sai-ke,0f9aa6b8-15cc-0d9b-56c3-61f5f86544f9,2026-02-22,delivered,2026-02-24,37818.88,6051.02,43869.9,KES
SO-2221,9d8ade04-d1b3-022b-a213-db5ef2c0b831,95a78e07-d62b-b9a7-b255-34ed5be13b09,sai-ke,0f9aa6b8-15cc-0d9b-56c3-61f5f86544f9,2026-01-27,delivered,2026-01-29,128378.56,20540.57,148919.13,KES
SO-2222,9d8ade04-d1b3-022b-a213-db5ef2c0b831,95a78e07-d62b-b9a7-b255-34ed5be13b09,sai-ke,0f9aa6b8-15cc-0d9b-56c3-61f5f86544f9,2026-01-01,delivered,2026-01-03,227734.07,36437.45,264171.52,KES
SO-2223,9d8ade04-d1b3-022b-a213-db5ef2c0b831,95a78e07-d62b-b9a7-b255-34ed5be13b09,sai-ke,0f9aa6b8-15cc-0d9b-56c3-61f5f86544f9,2025-12-06,delivered,2025-12-08,98767.32,15802.77,114570.09,KES
SO-2224,9d8ade04-d1b3-022b-a213-db5ef2c0b831,95a78e07-d62b-b9a7-b255-34ed5be13b09,sai-ke,0f9aa6b8-15cc-0d9b-56c3-61f5f86544f9,2025-11-10,delivered,2025-11-12,86821.32,13891.41,100712.73,KES
SO-2225,9d8ade04-d1b3-022b-a213-db5ef2c0b831,95a78e07-d62b-b9a7-b255-34ed5be13b09,sai-ke,0f9aa6b8-15cc-0d9b-56c3-61f5f86544f9,2025-10-15,delivered,2025-10-17,114996.63,18399.46,133396.09,KES
SO-2226,49b3cfd6-582c-702c-b9ae-bd7911f87156,d8413a8f-e988-7014-92dd-f0e4b48b5224,sai-ke,0f9aa6b8-15cc-0d9b-56c3-61f5f86544f9,2026-08-04,delivered,2026-08-06,40049.98,6408.0,46457.98,KES
SO-2227,49b3cfd6-582c-702c-b9ae-bd7911f87156,d8413a8f-e988-7014-92dd-f0e4b48b5224,sai-ke,0f9aa6b8-15cc-0d9b-56c3-61f5f86544f9,2026-07-08,delivered,2026-07-10,130141.52,20822.64,150964.16,KES
SO-2228,49b3cfd6-582c-702c-b9ae-bd7911f87156,d8413a8f-e988-7014-92dd-f0e4b48b5224,sai-ke,0f9aa6b8-15cc-0d9b-56c3-61f5f86544f9,2026-06-11,delivered,2026-06-13,141328.72,22612.6,163941.32,KES
SO-2229,49b3cfd6-582c-702c-b9ae-bd7911f87156,d8413a8f-e988-7014-92dd-f0e4b48b5224,sai-ke,0f9aa6b8-15cc-0d9b-56c3-61f5f86544f9,2026-05-15,delivered,2026-05-17,56125.97,8980.16,65106.13,KES
SO-2230,49b3cfd6-582c-702c-b9ae-bd7911f87156,d8413a8f-e988-7014-92dd-f0e4b48b5224,sai-ke,0f9aa6b8-15cc-0d9b-56c3-61f5f86544f9,2026-04-18,delivered,2026-04-20,62777.28,10044.36,72821.64,KES
SO-2231,49b3cfd6-582c-702c-b9ae-bd7911f87156,d8413a8f-e988-7014-92dd-f0e4b48b5224,sai-ke,0f9aa6b8-15cc-0d9b-56c3-61f5f86544f9,2026-03-22,delivered,2026-03-24,72230.24,11556.84,83787.08,KES
SO-2232,49b3cfd6-582c-702c-b9ae-bd7911f87156,d8413a8f-e988-7014-92dd-f0e4b48b5224,sai-ke,0f9aa6b8-15cc-0d9b-56c3-61f5f86544f9,2026-02-23,delivered,2026-02-25,80615.48,12898.48,93513.96,KES
SO-2233,49b3cfd6-582c-702c-b9ae-bd7911f87156,d8413a8f-e988-7014-92dd-f0e4b48b5224,sai-ke,0f9aa6b8-15cc-0d9b-56c3-61f5f86544f9,2026-01-27,delivered,2026-01-29,48920.36,7827.26,56747.62,KES
SO-2234,49b3cfd6-582c-702c-b9ae-bd7911f87156,d8413a8f-e988-7014-92dd-f0e4b48b5224,sai-ke,0f9aa6b8-15cc-0d9b-56c3-61f5f86544f9,2025-12-31,delivered,2026-01-02,94695.44,15151.27,109846.71,KES
SO-2235,49b3cfd6-582c-702c-b9ae-bd7911f87156,d8413a8f-e988-7014-92dd-f0e4b48b5224,sai-ke,0f9aa6b8-15cc-0d9b-56c3-61f5f86544f9,2025-12-04,delivered,2025-12-06,146135.03,23381.6,169516.63,KES
SO-2236,49b3cfd6-582c-702c-b9ae-bd7911f87156,d8413a8f-e988-7014-92dd-f0e4b48b5224,sai-ke,0f9aa6b8-15cc-0d9b-56c3-61f5f86544f9,2025-11-07,delivered,2025-11-09,70312.65,11250.02,81562.67,KES
SO-2237,49b3cfd6-582c-702c-b9ae-bd7911f87156,d8413a8f-e988-7014-92dd-f0e4b48b5224,sai-ke,0f9aa6b8-15cc-0d9b-56c3-61f5f86544f9,2025-10-11,delivered,2025-10-13,135953.33,21752.53,157705.86,KES
SO-2238,73a024ee-4954-3236-9f12-654a9e4b07f8,017228fb-554f-2447-43eb-6f9babf6345d,sai-ke,4e87eafa-e937-ff84-ae92-fc9068abf480,2026-07-24,delivered,2026-07-26,24838.81,3974.21,28813.02,KES
SO-2239,73a024ee-4954-3236-9f12-654a9e4b07f8,017228fb-554f-2447-43eb-6f9babf6345d,sai-ke,4e87eafa-e937-ff84-ae92-fc9068abf480,2026-06-23,delivered,2026-06-25,30507.48,4881.2,35388.68,KES
SO-2240,73a024ee-4954-3236-9f12-654a9e4b07f8,017228fb-554f-2447-43eb-6f9babf6345d,sai-ke,4e87eafa-e937-ff84-ae92-fc9068abf480,2026-05-23,delivered,2026-05-25,99107.34,15857.17,114964.51,KES
SO-2241,73a024ee-4954-3236-9f12-654a9e4b07f8,017228fb-554f-2447-43eb-6f9babf6345d,sai-ke,4e87eafa-e937-ff84-ae92-fc9068abf480,2026-04-22,delivered,2026-04-24,88461.4,14153.82,102615.22,KES
SO-2242,73a024ee-4954-3236-9f12-654a9e4b07f8,017228fb-554f-2447-43eb-6f9babf6345d,sai-ke,4e87eafa-e937-ff84-ae92-fc9068abf480,2026-03-22,delivered,2026-03-24,145454.32,23272.69,168727.01,KES
SO-2243,73a024ee-4954-3236-9f12-654a9e4b07f8,017228fb-554f-2447-43eb-6f9babf6345d,sai-ke,4e87eafa-e937-ff84-ae92-fc9068abf480,2026-02-19,delivered,2026-02-21,62753.09,10040.49,72793.58,KES
SO-2244,73a024ee-4954-3236-9f12-654a9e4b07f8,017228fb-554f-2447-43eb-6f9babf6345d,sai-ke,4e87eafa-e937-ff84-ae92-fc9068abf480,2026-01-19,delivered,2026-01-21,77177.18,12348.35,89525.53,KES
SO-2245,73a024ee-4954-3236-9f12-654a9e4b07f8,017228fb-554f-2447-43eb-6f9babf6345d,sai-ke,4e87eafa-e937-ff84-ae92-fc9068abf480,2025-12-19,delivered,2025-12-21,91132.34,14581.17,105713.51,KES
SO-2246,73a024ee-4954-3236-9f12-654a9e4b07f8,017228fb-554f-2447-43eb-6f9babf6345d,sai-ke,4e87eafa-e937-ff84-ae92-fc9068abf480,2025-11-18,delivered,2025-11-20,69475.56,11116.09,80591.65,KES
SO-2247,73a024ee-4954-3236-9f12-654a9e4b07f8,017228fb-554f-2447-43eb-6f9babf6345d,sai-ke,4e87eafa-e937-ff84-ae92-fc9068abf480,2025-10-18,delivered,2025-10-20,57569.59,9211.13,66780.72,KES
SO-2248,73a024ee-4954-3236-9f12-654a9e4b07f8,017228fb-554f-2447-43eb-6f9babf6345d,sai-ke,4e87eafa-e937-ff84-ae92-fc9068abf480,2025-09-17,delivered,2025-09-19,22060.22,3529.64,25589.86,KES
SO-2249,73a024ee-4954-3236-9f12-654a9e4b07f8,017228fb-554f-2447-43eb-6f9babf6345d,sai-ke,4e87eafa-e937-ff84-ae92-fc9068abf480,2025-08-17,delivered,2025-08-19,44693.6,7150.98,51844.58,KES
SO-2250,aac19ab6-a142-9f98-39ea-dcc7c5e38c9d,fd39dfda-6b60-31d5-c7f0-9286b33b89b8,sai-tz,b16b1b8d-a80e-28c7-6981-24e0c0c890ea,2026-08-02,delivered,2026-08-04,72321.24,11571.4,83892.64,TZS
SO-2251,aac19ab6-a142-9f98-39ea-dcc7c5e38c9d,fd39dfda-6b60-31d5-c7f0-9286b33b89b8,sai-tz,b16b1b8d-a80e-28c7-6981-24e0c0c890ea,2026-07-04,delivered,2026-07-06,49986.59,7997.85,57984.44,TZS
SO-2252,aac19ab6-a142-9f98-39ea-dcc7c5e38c9d,fd39dfda-6b60-31d5-c7f0-9286b33b89b8,sai-tz,b16b1b8d-a80e-28c7-6981-24e0c0c890ea,2026-06-05,delivered,2026-06-07,153792.39,24606.78,178399.17,TZS
SO-2253,aac19ab6-a142-9f98-39ea-dcc7c5e38c9d,fd39dfda-6b60-31d5-c7f0-9286b33b89b8,sai-tz,b16b1b8d-a80e-28c7-6981-24e0c0c890ea,2026-05-07,delivered,2026-05-09,48714.24,7794.28,56508.52,TZS
SO-2254,aac19ab6-a142-9f98-39ea-dcc7c5e38c9d,fd39dfda-6b60-31d5-c7f0-9286b33b89b8,sai-tz,b16b1b8d-a80e-28c7-6981-24e0c0c890ea,2026-04-08,delivered,2026-04-10,98525.84,15764.13,114289.97,TZS
SO-2255,aac19ab6-a142-9f98-39ea-dcc7c5e38c9d,fd39dfda-6b60-31d5-c7f0-9286b33b89b8,sai-tz,b16b1b8d-a80e-28c7-6981-24e0c0c890ea,2026-03-10,delivered,2026-03-12,5976.19,956.19,6932.38,TZS
SO-2256,aac19ab6-a142-9f98-39ea-dcc7c5e38c9d,fd39dfda-6b60-31d5-c7f0-9286b33b89b8,sai-tz,b16b1b8d-a80e-28c7-6981-24e0c0c890ea,2026-02-09,delivered,2026-02-11,91390.69,14622.51,106013.2,TZS
SO-2257,aac19ab6-a142-9f98-39ea-dcc7c5e38c9d,fd39dfda-6b60-31d5-c7f0-9286b33b89b8,sai-tz,b16b1b8d-a80e-28c7-6981-24e0c0c890ea,2026-01-11,delivered,2026-01-13,129710.44,20753.67,150464.11,TZS
SO-2258,aac19ab6-a142-9f98-39ea-dcc7c5e38c9d,fd39dfda-6b60-31d5-c7f0-9286b33b89b8,sai-tz,b16b1b8d-a80e-28c7-6981-24e0c0c890ea,2025-12-13,delivered,2025-12-15,99028.76,15844.6,114873.36,TZS
SO-2259,aac19ab6-a142-9f98-39ea-dcc7c5e38c9d,fd39dfda-6b60-31d5-c7f0-9286b33b89b8,sai-tz,b16b1b8d-a80e-28c7-6981-24e0c0c890ea,2025-11-14,delivered,2025-11-16,74901.76,11984.28,86886.04,TZS
SO-2260,aac19ab6-a142-9f98-39ea-dcc7c5e38c9d,fd39dfda-6b60-31d5-c7f0-9286b33b89b8,sai-tz,b16b1b8d-a80e-28c7-6981-24e0c0c890ea,2025-10-16,delivered,2025-10-18,12910.91,2065.75,14976.66,TZS
SO-2261,aac19ab6-a142-9f98-39ea-dcc7c5e38c9d,fd39dfda-6b60-31d5-c7f0-9286b33b89b8,sai-tz,b16b1b8d-a80e-28c7-6981-24e0c0c890ea,2025-09-17,delivered,2025-09-19,73865.99,11818.56,85684.55,TZS
SO-2262,15cdfa54-0dd4-f1ab-e9dc-2169d092207a,0bc7f186-2f34-1187-e643-9fc9c7342c47,sai-ke,1e401c64-aea5-9092-c7c7-11e1e0c79b36,2026-08-04,delivered,2026-08-06,131037.22,20965.96,152003.18,KES
SO-2263,15cdfa54-0dd4-f1ab-e9dc-2169d092207a,0bc7f186-2f34-1187-e643-9fc9c7342c47,sai-ke,1e401c64-aea5-9092-c7c7-11e1e0c79b36,2026-07-10,delivered,2026-07-12,124107.64,19857.22,143964.86,KES
SO-2264,15cdfa54-0dd4-f1ab-e9dc-2169d092207a,0bc7f186-2f34-1187-e643-9fc9c7342c47,sai-ke,1e401c64-aea5-9092-c7c7-11e1e0c79b36,2026-06-15,delivered,2026-06-17,75790.82,12126.53,87917.35,KES
SO-2265,15cdfa54-0dd4-f1ab-e9dc-2169d092207a,0bc7f186-2f34-1187-e643-9fc9c7342c47,sai-ke,1e401c64-aea5-9092-c7c7-11e1e0c79b36,2026-05-21,delivered,2026-05-23,68419.6,10947.14,79366.74,KES
SO-2266,15cdfa54-0dd4-f1ab-e9dc-2169d092207a,0bc7f186-2f34-1187-e643-9fc9c7342c47,sai-ke,1e401c64-aea5-9092-c7c7-11e1e0c79b36,2026-04-26,delivered,2026-04-28,118315.73,18930.52,137246.25,KES
SO-2267,15cdfa54-0dd4-f1ab-e9dc-2169d092207a,0bc7f186-2f34-1187-e643-9fc9c7342c47,sai-ke,1e401c64-aea5-9092-c7c7-11e1e0c79b36,2026-04-01,delivered,2026-04-03,64626.29,10340.21,74966.5,KES
SO-2268,15cdfa54-0dd4-f1ab-e9dc-2169d092207a,0bc7f186-2f34-1187-e643-9fc9c7342c47,sai-ke,1e401c64-aea5-9092-c7c7-11e1e0c79b36,2026-03-07,delivered,2026-03-09,45478.08,7276.49,52754.57,KES
SO-2269,15cdfa54-0dd4-f1ab-e9dc-2169d092207a,0bc7f186-2f34-1187-e643-9fc9c7342c47,sai-ke,1e401c64-aea5-9092-c7c7-11e1e0c79b36,2026-02-10,delivered,2026-02-12,92419.44,14787.11,107206.55,KES
SO-2270,15cdfa54-0dd4-f1ab-e9dc-2169d092207a,0bc7f186-2f34-1187-e643-9fc9c7342c47,sai-ke,1e401c64-aea5-9092-c7c7-11e1e0c79b36,2026-01-16,delivered,2026-01-18,95472.14,15275.54,110747.68,KES
SO-2271,15cdfa54-0dd4-f1ab-e9dc-2169d092207a,0bc7f186-2f34-1187-e643-9fc9c7342c47,sai-ke,1e401c64-aea5-9092-c7c7-11e1e0c79b36,2025-12-22,delivered,2025-12-24,131006.01,20960.96,151966.97,KES
SO-2272,15cdfa54-0dd4-f1ab-e9dc-2169d092207a,0bc7f186-2f34-1187-e643-9fc9c7342c47,sai-ke,1e401c64-aea5-9092-c7c7-11e1e0c79b36,2025-11-27,delivered,2025-11-29,112674.71,18027.95,130702.66,KES
SO-2273,15cdfa54-0dd4-f1ab-e9dc-2169d092207a,0bc7f186-2f34-1187-e643-9fc9c7342c47,sai-ke,1e401c64-aea5-9092-c7c7-11e1e0c79b36,2025-11-02,delivered,2025-11-04,156911.74,25105.88,182017.62,KES
SO-2274,07adceca-7f95-305b-444a-82b96276faf2,4e510eb1-02aa-dae5-942e-1c00bab8ca9a,sai-tz,b16b1b8d-a80e-28c7-6981-24e0c0c890ea,2026-08-03,delivered,2026-08-05,83356.26,13337.0,96693.26,TZS
SO-2275,07adceca-7f95-305b-444a-82b96276faf2,4e510eb1-02aa-dae5-942e-1c00bab8ca9a,sai-tz,b16b1b8d-a80e-28c7-6981-24e0c0c890ea,2026-07-02,delivered,2026-07-04,42211.83,6753.89,48965.72,TZS
SO-2276,07adceca-7f95-305b-444a-82b96276faf2,4e510eb1-02aa-dae5-942e-1c00bab8ca9a,sai-tz,b16b1b8d-a80e-28c7-6981-24e0c0c890ea,2026-05-31,delivered,2026-06-02,38081.21,6092.99,44174.2,TZS
SO-2277,07adceca-7f95-305b-444a-82b96276faf2,4e510eb1-02aa-dae5-942e-1c00bab8ca9a,sai-tz,b16b1b8d-a80e-28c7-6981-24e0c0c890ea,2026-04-29,delivered,2026-05-01,10572.25,1691.56,12263.81,TZS
SO-2278,07adceca-7f95-305b-444a-82b96276faf2,4e510eb1-02aa-dae5-942e-1c00bab8ca9a,sai-tz,b16b1b8d-a80e-28c7-6981-24e0c0c890ea,2026-03-28,delivered,2026-03-30,5861.44,937.83,6799.27,TZS
SO-2279,07adceca-7f95-305b-444a-82b96276faf2,4e510eb1-02aa-dae5-942e-1c00bab8ca9a,sai-tz,b16b1b8d-a80e-28c7-6981-24e0c0c890ea,2026-02-24,delivered,2026-02-26,151917.9,24306.86,176224.76,TZS
SO-2280,07adceca-7f95-305b-444a-82b96276faf2,4e510eb1-02aa-dae5-942e-1c00bab8ca9a,sai-tz,b16b1b8d-a80e-28c7-6981-24e0c0c890ea,2026-01-23,delivered,2026-01-25,15687.59,2510.01,18197.6,TZS
SO-2281,07adceca-7f95-305b-444a-82b96276faf2,4e510eb1-02aa-dae5-942e-1c00bab8ca9a,sai-tz,b16b1b8d-a80e-28c7-6981-24e0c0c890ea,2025-12-22,delivered,2025-12-24,82190.18,13150.43,95340.61,TZS
SO-2282,07adceca-7f95-305b-444a-82b96276faf2,4e510eb1-02aa-dae5-942e-1c00bab8ca9a,sai-tz,b16b1b8d-a80e-28c7-6981-24e0c0c890ea,2025-11-20,delivered,2025-11-22,31514.11,5042.26,36556.37,TZS
SO-2283,07adceca-7f95-305b-444a-82b96276faf2,4e510eb1-02aa-dae5-942e-1c00bab8ca9a,sai-tz,b16b1b8d-a80e-28c7-6981-24e0c0c890ea,2025-10-19,delivered,2025-10-21,71549.51,11447.92,82997.43,TZS
SO-2284,07adceca-7f95-305b-444a-82b96276faf2,4e510eb1-02aa-dae5-942e-1c00bab8ca9a,sai-tz,b16b1b8d-a80e-28c7-6981-24e0c0c890ea,2025-09-17,delivered,2025-09-19,39247.02,6279.52,45526.54,TZS
SO-2285,07adceca-7f95-305b-444a-82b96276faf2,4e510eb1-02aa-dae5-942e-1c00bab8ca9a,sai-tz,b16b1b8d-a80e-28c7-6981-24e0c0c890ea,2025-08-16,delivered,2025-08-18,96250.55,15400.09,111650.64,TZS
SO-2286,33729b60-8b0b-ac69-5da0-6057f4a19148,1ce9988d-ae7e-a81a-64fb-61438ba6e1a4,sai-ke,1e401c64-aea5-9092-c7c7-11e1e0c79b36,2026-07-31,delivered,2026-08-02,63763.52,10202.16,73965.68,KES
SO-2287,33729b60-8b0b-ac69-5da0-6057f4a19148,1ce9988d-ae7e-a81a-64fb-61438ba6e1a4,sai-ke,1e401c64-aea5-9092-c7c7-11e1e0c79b36,2026-06-29,delivered,2026-07-01,35980.55,5756.89,41737.44,KES
SO-2288,33729b60-8b0b-ac69-5da0-6057f4a19148,1ce9988d-ae7e-a81a-64fb-61438ba6e1a4,sai-ke,1e401c64-aea5-9092-c7c7-11e1e0c79b36,2026-05-28,delivered,2026-05-30,109046.93,17447.51,126494.44,KES
SO-2289,33729b60-8b0b-ac69-5da0-6057f4a19148,1ce9988d-ae7e-a81a-64fb-61438ba6e1a4,sai-ke,1e401c64-aea5-9092-c7c7-11e1e0c79b36,2026-04-26,delivered,2026-04-28,65248.0,10439.68,75687.68,KES
SO-2290,33729b60-8b0b-ac69-5da0-6057f4a19148,1ce9988d-ae7e-a81a-64fb-61438ba6e1a4,sai-ke,1e401c64-aea5-9092-c7c7-11e1e0c79b36,2026-03-25,delivered,2026-03-27,46846.33,7495.41,54341.74,KES
SO-2291,33729b60-8b0b-ac69-5da0-6057f4a19148,1ce9988d-ae7e-a81a-64fb-61438ba6e1a4,sai-ke,1e401c64-aea5-9092-c7c7-11e1e0c79b36,2026-02-21,delivered,2026-02-23,86771.42,13883.43,100654.85,KES
SO-2292,33729b60-8b0b-ac69-5da0-6057f4a19148,1ce9988d-ae7e-a81a-64fb-61438ba6e1a4,sai-ke,1e401c64-aea5-9092-c7c7-11e1e0c79b36,2026-01-20,delivered,2026-01-22,55238.43,8838.15,64076.58,KES
SO-2293,33729b60-8b0b-ac69-5da0-6057f4a19148,1ce9988d-ae7e-a81a-64fb-61438ba6e1a4,sai-ke,1e401c64-aea5-9092-c7c7-11e1e0c79b36,2025-12-19,delivered,2025-12-21,98883.8,15821.41,114705.21,KES
SO-2294,33729b60-8b0b-ac69-5da0-6057f4a19148,1ce9988d-ae7e-a81a-64fb-61438ba6e1a4,sai-ke,1e401c64-aea5-9092-c7c7-11e1e0c79b36,2025-11-17,delivered,2025-11-19,47754.93,7640.79,55395.72,KES
SO-2295,33729b60-8b0b-ac69-5da0-6057f4a19148,1ce9988d-ae7e-a81a-64fb-61438ba6e1a4,sai-ke,1e401c64-aea5-9092-c7c7-11e1e0c79b36,2025-10-16,delivered,2025-10-18,92333.69,14773.39,107107.08,KES
SO-2296,33729b60-8b0b-ac69-5da0-6057f4a19148,1ce9988d-ae7e-a81a-64fb-61438ba6e1a4,sai-ke,1e401c64-aea5-9092-c7c7-11e1e0c79b36,2025-09-14,delivered,2025-09-16,19062.22,3049.96,22112.18,KES
SO-2297,e55f68bc-a73a-e9a3-7089-c1b02e0e0e94,0c8127d3-5b30-a64f-6d9d-a500019b8853,sai-tz,c4ce17fe-ee69-e939-ed3c-f7adf6ef4b89,2026-08-07,delivered,2026-08-09,16407.37,2625.18,19032.55,TZS
SO-2298,e55f68bc-a73a-e9a3-7089-c1b02e0e0e94,0c8127d3-5b30-a64f-6d9d-a500019b8853,sai-tz,c4ce17fe-ee69-e939-ed3c-f7adf6ef4b89,2026-07-11,delivered,2026-07-13,17703.91,2832.63,20536.54,TZS
SO-2299,e55f68bc-a73a-e9a3-7089-c1b02e0e0e94,0c8127d3-5b30-a64f-6d9d-a500019b8853,sai-tz,c4ce17fe-ee69-e939-ed3c-f7adf6ef4b89,2026-06-14,delivered,2026-06-16,21045.13,3367.22,24412.35,TZS
SO-2300,e55f68bc-a73a-e9a3-7089-c1b02e0e0e94,0c8127d3-5b30-a64f-6d9d-a500019b8853,sai-tz,c4ce17fe-ee69-e939-ed3c-f7adf6ef4b89,2026-05-18,delivered,2026-05-20,18297.73,2927.64,21225.37,TZS
SO-2301,e55f68bc-a73a-e9a3-7089-c1b02e0e0e94,0c8127d3-5b30-a64f-6d9d-a500019b8853,sai-tz,c4ce17fe-ee69-e939-ed3c-f7adf6ef4b89,2026-04-21,delivered,2026-04-23,9696.06,1551.37,11247.43,TZS
SO-2302,e55f68bc-a73a-e9a3-7089-c1b02e0e0e94,0c8127d3-5b30-a64f-6d9d-a500019b8853,sai-tz,c4ce17fe-ee69-e939-ed3c-f7adf6ef4b89,2026-03-25,delivered,2026-03-27,77491.39,12398.62,89890.01,TZS
SO-2303,e55f68bc-a73a-e9a3-7089-c1b02e0e0e94,0c8127d3-5b30-a64f-6d9d-a500019b8853,sai-tz,c4ce17fe-ee69-e939-ed3c-f7adf6ef4b89,2026-02-26,delivered,2026-02-28,54037.1,8645.94,62683.04,TZS
SO-2304,e55f68bc-a73a-e9a3-7089-c1b02e0e0e94,0c8127d3-5b30-a64f-6d9d-a500019b8853,sai-tz,c4ce17fe-ee69-e939-ed3c-f7adf6ef4b89,2026-01-30,delivered,2026-02-01,49779.11,7964.66,57743.77,TZS
SO-2305,e55f68bc-a73a-e9a3-7089-c1b02e0e0e94,0c8127d3-5b30-a64f-6d9d-a500019b8853,sai-tz,c4ce17fe-ee69-e939-ed3c-f7adf6ef4b89,2026-01-03,delivered,2026-01-05,107649.99,17224.0,124873.99,TZS
SO-2306,e55f68bc-a73a-e9a3-7089-c1b02e0e0e94,0c8127d3-5b30-a64f-6d9d-a500019b8853,sai-tz,c4ce17fe-ee69-e939-ed3c-f7adf6ef4b89,2025-12-07,delivered,2025-12-09,95685.96,15309.75,110995.71,TZS
SO-2307,e55f68bc-a73a-e9a3-7089-c1b02e0e0e94,0c8127d3-5b30-a64f-6d9d-a500019b8853,sai-tz,c4ce17fe-ee69-e939-ed3c-f7adf6ef4b89,2025-11-10,delivered,2025-11-12,53179.28,8508.68,61687.96,TZS
SO-2308,e55f68bc-a73a-e9a3-7089-c1b02e0e0e94,0c8127d3-5b30-a64f-6d9d-a500019b8853,sai-tz,c4ce17fe-ee69-e939-ed3c-f7adf6ef4b89,2025-10-14,delivered,2025-10-16,55475.32,8876.05,64351.37,TZS
SO-2309,26e918e8-5d7f-2dd9-b7d4-f81e963d9690,055e8953-3ef6-9f7b-8394-461070840e77,sai-ke,8efa6771-e1d6-8ea8-08d8-13c5a1acffce,2026-08-09,picking,2026-08-11,48937.81,7830.05,56767.86,KES
SO-2310,26e918e8-5d7f-2dd9-b7d4-f81e963d9690,055e8953-3ef6-9f7b-8394-461070840e77,sai-ke,8efa6771-e1d6-8ea8-08d8-13c5a1acffce,2026-07-09,delivered,2026-07-11,161178.44,25788.55,186966.99,KES
SO-2311,26e918e8-5d7f-2dd9-b7d4-f81e963d9690,055e8953-3ef6-9f7b-8394-461070840e77,sai-ke,8efa6771-e1d6-8ea8-08d8-13c5a1acffce,2026-06-08,delivered,2026-06-10,82066.26,13130.6,95196.86,KES
SO-2312,26e918e8-5d7f-2dd9-b7d4-f81e963d9690,055e8953-3ef6-9f7b-8394-461070840e77,sai-ke,8efa6771-e1d6-8ea8-08d8-13c5a1acffce,2026-05-08,delivered,2026-05-10,168449.11,26951.86,195400.97,KES
SO-2313,26e918e8-5d7f-2dd9-b7d4-f81e963d9690,055e8953-3ef6-9f7b-8394-461070840e77,sai-ke,8efa6771-e1d6-8ea8-08d8-13c5a1acffce,2026-04-07,delivered,2026-04-09,95114.15,15218.26,110332.41,KES
SO-2314,26e918e8-5d7f-2dd9-b7d4-f81e963d9690,055e8953-3ef6-9f7b-8394-461070840e77,sai-ke,8efa6771-e1d6-8ea8-08d8-13c5a1acffce,2026-03-07,delivered,2026-03-09,35978.65,5756.58,41735.23,KES
SO-2315,26e918e8-5d7f-2dd9-b7d4-f81e963d9690,055e8953-3ef6-9f7b-8394-461070840e77,sai-ke,8efa6771-e1d6-8ea8-08d8-13c5a1acffce,2026-02-04,delivered,2026-02-06,96137.09,15381.93,111519.02,KES
SO-2316,26e918e8-5d7f-2dd9-b7d4-f81e963d9690,055e8953-3ef6-9f7b-8394-461070840e77,sai-ke,8efa6771-e1d6-8ea8-08d8-13c5a1acffce,2026-01-04,delivered,2026-01-06,116138.66,18582.19,134720.85,KES
SO-2317,26e918e8-5d7f-2dd9-b7d4-f81e963d9690,055e8953-3ef6-9f7b-8394-461070840e77,sai-ke,8efa6771-e1d6-8ea8-08d8-13c5a1acffce,2025-12-04,delivered,2025-12-06,56324.61,9011.94,65336.55,KES
SO-2318,26e918e8-5d7f-2dd9-b7d4-f81e963d9690,055e8953-3ef6-9f7b-8394-461070840e77,sai-ke,8efa6771-e1d6-8ea8-08d8-13c5a1acffce,2025-11-03,delivered,2025-11-05,77806.26,12449.0,90255.26,KES
SO-2319,26e918e8-5d7f-2dd9-b7d4-f81e963d9690,055e8953-3ef6-9f7b-8394-461070840e77,sai-ke,8efa6771-e1d6-8ea8-08d8-13c5a1acffce,2025-10-03,delivered,2025-10-05,86422.08,13827.53,100249.61,KES
SO-2320,26e918e8-5d7f-2dd9-b7d4-f81e963d9690,055e8953-3ef6-9f7b-8394-461070840e77,sai-ke,8efa6771-e1d6-8ea8-08d8-13c5a1acffce,2025-09-02,delivered,2025-09-04,73423.66,11747.79,85171.45,KES
SO-2321,279e0f97-abdc-f275-6a39-ad4f0903cc4f,12d1062c-a3ce-8b35-006b-d5a6400d7e34,sai-ke,0f9aa6b8-15cc-0d9b-56c3-61f5f86544f9,2026-07-24,delivered,2026-07-26,100276.85,16044.3,116321.15,KES
SO-2322,279e0f97-abdc-f275-6a39-ad4f0903cc4f,12d1062c-a3ce-8b35-006b-d5a6400d7e34,sai-ke,0f9aa6b8-15cc-0d9b-56c3-61f5f86544f9,2026-06-24,delivered,2026-06-26,136281.01,21804.96,158085.97,KES
SO-2323,279e0f97-abdc-f275-6a39-ad4f0903cc4f,12d1062c-a3ce-8b35-006b-d5a6400d7e34,sai-ke,0f9aa6b8-15cc-0d9b-56c3-61f5f86544f9,2026-05-25,delivered,2026-05-27,89070.0,14251.2,103321.2,KES
SO-2324,279e0f97-abdc-f275-6a39-ad4f0903cc4f,12d1062c-a3ce-8b35-006b-d5a6400d7e34,sai-ke,0f9aa6b8-15cc-0d9b-56c3-61f5f86544f9,2026-04-25,delivered,2026-04-27,142260.76,22761.72,165022.48,KES
SO-2325,279e0f97-abdc-f275-6a39-ad4f0903cc4f,12d1062c-a3ce-8b35-006b-d5a6400d7e34,sai-ke,0f9aa6b8-15cc-0d9b-56c3-61f5f86544f9,2026-03-26,delivered,2026-03-28,128103.91,20496.63,148600.54,KES
SO-2326,279e0f97-abdc-f275-6a39-ad4f0903cc4f,12d1062c-a3ce-8b35-006b-d5a6400d7e34,sai-ke,0f9aa6b8-15cc-0d9b-56c3-61f5f86544f9,2026-02-24,delivered,2026-02-26,104486.49,16717.84,121204.33,KES
SO-2327,279e0f97-abdc-f275-6a39-ad4f0903cc4f,12d1062c-a3ce-8b35-006b-d5a6400d7e34,sai-ke,0f9aa6b8-15cc-0d9b-56c3-61f5f86544f9,2026-01-25,delivered,2026-01-27,160690.3,25710.45,186400.75,KES
SO-2328,279e0f97-abdc-f275-6a39-ad4f0903cc4f,12d1062c-a3ce-8b35-006b-d5a6400d7e34,sai-ke,0f9aa6b8-15cc-0d9b-56c3-61f5f86544f9,2025-12-26,delivered,2025-12-28,109658.8,17545.41,127204.21,KES
SO-2329,279e0f97-abdc-f275-6a39-ad4f0903cc4f,12d1062c-a3ce-8b35-006b-d5a6400d7e34,sai-ke,0f9aa6b8-15cc-0d9b-56c3-61f5f86544f9,2025-11-26,delivered,2025-11-28,51881.32,8301.01,60182.33,KES
SO-2330,279e0f97-abdc-f275-6a39-ad4f0903cc4f,12d1062c-a3ce-8b35-006b-d5a6400d7e34,sai-ke,0f9aa6b8-15cc-0d9b-56c3-61f5f86544f9,2025-10-27,delivered,2025-10-29,21287.78,3406.04,24693.82,KES
SO-2331,279e0f97-abdc-f275-6a39-ad4f0903cc4f,12d1062c-a3ce-8b35-006b-d5a6400d7e34,sai-ke,0f9aa6b8-15cc-0d9b-56c3-61f5f86544f9,2025-09-27,delivered,2025-09-29,35136.3,5621.81,40758.11,KES
SO-2332,279e0f97-abdc-f275-6a39-ad4f0903cc4f,12d1062c-a3ce-8b35-006b-d5a6400d7e34,sai-ke,0f9aa6b8-15cc-0d9b-56c3-61f5f86544f9,2025-08-28,delivered,2025-08-30,83175.98,13308.16,96484.14,KES
SO-2333,749a986b-fac7-0a30-9406-0ffa15f00b5f,96cd5282-186d-97ad-84a9-9bc64a0e53b3,sai-ke,b39999e9-ac87-cd22-4751-5e4d2d25ae47,2026-08-05,delivered,2026-08-07,90400.67,14464.11,104864.78,KES
SO-2334,749a986b-fac7-0a30-9406-0ffa15f00b5f,96cd5282-186d-97ad-84a9-9bc64a0e53b3,sai-ke,b39999e9-ac87-cd22-4751-5e4d2d25ae47,2026-07-08,delivered,2026-07-10,159874.69,25579.95,185454.64,KES
SO-2335,749a986b-fac7-0a30-9406-0ffa15f00b5f,96cd5282-186d-97ad-84a9-9bc64a0e53b3,sai-ke,b39999e9-ac87-cd22-4751-5e4d2d25ae47,2026-06-10,delivered,2026-06-12,88460.51,14153.68,102614.19,KES
SO-2336,749a986b-fac7-0a30-9406-0ffa15f00b5f,96cd5282-186d-97ad-84a9-9bc64a0e53b3,sai-ke,b39999e9-ac87-cd22-4751-5e4d2d25ae47,2026-05-13,delivered,2026-05-15,36593.65,5854.98,42448.63,KES
SO-2337,749a986b-fac7-0a30-9406-0ffa15f00b5f,96cd5282-186d-97ad-84a9-9bc64a0e53b3,sai-ke,b39999e9-ac87-cd22-4751-5e4d2d25ae47,2026-04-15,delivered,2026-04-17,179749.72,28759.96,208509.68,KES
SO-2338,749a986b-fac7-0a30-9406-0ffa15f00b5f,96cd5282-186d-97ad-84a9-9bc64a0e53b3,sai-ke,b39999e9-ac87-cd22-4751-5e4d2d25ae47,2026-03-18,delivered,2026-03-20,186439.69,29830.35,216270.04,KES
SO-2339,749a986b-fac7-0a30-9406-0ffa15f00b5f,96cd5282-186d-97ad-84a9-9bc64a0e53b3,sai-ke,b39999e9-ac87-cd22-4751-5e4d2d25ae47,2026-02-18,delivered,2026-02-20,63289.2,10126.27,73415.47,KES
SO-2340,749a986b-fac7-0a30-9406-0ffa15f00b5f,96cd5282-186d-97ad-84a9-9bc64a0e53b3,sai-ke,b39999e9-ac87-cd22-4751-5e4d2d25ae47,2026-01-21,delivered,2026-01-23,93193.25,14910.92,108104.17,KES
SO-2341,749a986b-fac7-0a30-9406-0ffa15f00b5f,96cd5282-186d-97ad-84a9-9bc64a0e53b3,sai-ke,b39999e9-ac87-cd22-4751-5e4d2d25ae47,2025-12-24,delivered,2025-12-26,48018.18,7682.91,55701.09,KES
SO-2342,749a986b-fac7-0a30-9406-0ffa15f00b5f,96cd5282-186d-97ad-84a9-9bc64a0e53b3,sai-ke,b39999e9-ac87-cd22-4751-5e4d2d25ae47,2025-11-26,delivered,2025-11-28,146549.7,23447.95,169997.65,KES
SO-2343,749a986b-fac7-0a30-9406-0ffa15f00b5f,96cd5282-186d-97ad-84a9-9bc64a0e53b3,sai-ke,b39999e9-ac87-cd22-4751-5e4d2d25ae47,2025-10-29,delivered,2025-10-31,83492.83,13358.85,96851.68,KES
SO-2344,749a986b-fac7-0a30-9406-0ffa15f00b5f,96cd5282-186d-97ad-84a9-9bc64a0e53b3,sai-ke,b39999e9-ac87-cd22-4751-5e4d2d25ae47,2025-10-01,delivered,2025-10-03,172289.18,27566.27,199855.45,KES
SO-2345,2c23a856-3538-fbd6-1db5-7ec38bda420f,7474125f-9a3d-f57c-1bfa-96b736551f16,sai-tz,b16b1b8d-a80e-28c7-6981-24e0c0c890ea,2026-08-05,delivered,2026-08-07,111640.23,17862.44,129502.67,TZS
SO-2346,2c23a856-3538-fbd6-1db5-7ec38bda420f,7474125f-9a3d-f57c-1bfa-96b736551f16,sai-tz,b16b1b8d-a80e-28c7-6981-24e0c0c890ea,2026-07-10,delivered,2026-07-12,73791.85,11806.7,85598.55,TZS
SO-2347,2c23a856-3538-fbd6-1db5-7ec38bda420f,7474125f-9a3d-f57c-1bfa-96b736551f16,sai-tz,b16b1b8d-a80e-28c7-6981-24e0c0c890ea,2026-06-14,delivered,2026-06-16,60446.84,9671.49,70118.33,TZS
SO-2348,2c23a856-3538-fbd6-1db5-7ec38bda420f,7474125f-9a3d-f57c-1bfa-96b736551f16,sai-tz,b16b1b8d-a80e-28c7-6981-24e0c0c890ea,2026-05-19,delivered,2026-05-21,75994.09,12159.05,88153.14,TZS
SO-2349,2c23a856-3538-fbd6-1db5-7ec38bda420f,7474125f-9a3d-f57c-1bfa-96b736551f16,sai-tz,b16b1b8d-a80e-28c7-6981-24e0c0c890ea,2026-04-23,delivered,2026-04-25,76566.03,12250.56,88816.59,TZS
SO-2350,2c23a856-3538-fbd6-1db5-7ec38bda420f,7474125f-9a3d-f57c-1bfa-96b736551f16,sai-tz,b16b1b8d-a80e-28c7-6981-24e0c0c890ea,2026-03-28,delivered,2026-03-30,26349.54,4215.93,30565.47,TZS
SO-2351,2c23a856-3538-fbd6-1db5-7ec38bda420f,7474125f-9a3d-f57c-1bfa-96b736551f16,sai-tz,b16b1b8d-a80e-28c7-6981-24e0c0c890ea,2026-03-02,delivered,2026-03-04,117495.82,18799.33,136295.15,TZS
SO-2352,2c23a856-3538-fbd6-1db5-7ec38bda420f,7474125f-9a3d-f57c-1bfa-96b736551f16,sai-tz,b16b1b8d-a80e-28c7-6981-24e0c0c890ea,2026-02-04,delivered,2026-02-06,47531.04,7604.97,55136.01,TZS
SO-2353,2c23a856-3538-fbd6-1db5-7ec38bda420f,7474125f-9a3d-f57c-1bfa-96b736551f16,sai-tz,b16b1b8d-a80e-28c7-6981-24e0c0c890ea,2026-01-09,delivered,2026-01-11,79111.14,12657.78,91768.92,TZS
SO-2354,2c23a856-3538-fbd6-1db5-7ec38bda420f,7474125f-9a3d-f57c-1bfa-96b736551f16,sai-tz,b16b1b8d-a80e-28c7-6981-24e0c0c890ea,2025-12-14,delivered,2025-12-16,47156.79,7545.09,54701.88,TZS
SO-2355,2c23a856-3538-fbd6-1db5-7ec38bda420f,7474125f-9a3d-f57c-1bfa-96b736551f16,sai-tz,b16b1b8d-a80e-28c7-6981-24e0c0c890ea,2025-11-18,delivered,2025-11-20,66496.99,10639.52,77136.51,TZS
SO-2356,2c23a856-3538-fbd6-1db5-7ec38bda420f,7474125f-9a3d-f57c-1bfa-96b736551f16,sai-tz,b16b1b8d-a80e-28c7-6981-24e0c0c890ea,2025-10-23,delivered,2025-10-25,112887.02,18061.92,130948.94,TZS
SO-2357,9fa38338-87f1-32ce-9c34-465c521dbb7a,43005775-ddf4-beab-037f-7331744272c1,sai-ke,1e401c64-aea5-9092-c7c7-11e1e0c79b36,2026-08-07,delivered,2026-08-09,107172.5,17147.6,124320.1,KES
SO-2358,9fa38338-87f1-32ce-9c34-465c521dbb7a,43005775-ddf4-beab-037f-7331744272c1,sai-ke,1e401c64-aea5-9092-c7c7-11e1e0c79b36,2026-07-09,delivered,2026-07-11,145512.87,23282.06,168794.93,KES
SO-2359,9fa38338-87f1-32ce-9c34-465c521dbb7a,43005775-ddf4-beab-037f-7331744272c1,sai-ke,1e401c64-aea5-9092-c7c7-11e1e0c79b36,2026-06-10,delivered,2026-06-12,85655.43,13704.87,99360.3,KES
SO-2360,9fa38338-87f1-32ce-9c34-465c521dbb7a,43005775-ddf4-beab-037f-7331744272c1,sai-ke,1e401c64-aea5-9092-c7c7-11e1e0c79b36,2026-05-12,delivered,2026-05-14,168209.42,26913.51,195122.93,KES
SO-2361,9fa38338-87f1-32ce-9c34-465c521dbb7a,43005775-ddf4-beab-037f-7331744272c1,sai-ke,1e401c64-aea5-9092-c7c7-11e1e0c79b36,2026-04-13,delivered,2026-04-15,41270.86,6603.34,47874.2,KES
SO-2362,9fa38338-87f1-32ce-9c34-465c521dbb7a,43005775-ddf4-beab-037f-7331744272c1,sai-ke,1e401c64-aea5-9092-c7c7-11e1e0c79b36,2026-03-15,delivered,2026-03-17,205512.76,32882.04,238394.8,KES
SO-2363,9fa38338-87f1-32ce-9c34-465c521dbb7a,43005775-ddf4-beab-037f-7331744272c1,sai-ke,1e401c64-aea5-9092-c7c7-11e1e0c79b36,2026-02-14,delivered,2026-02-16,163602.57,26176.41,189778.98,KES
SO-2364,9fa38338-87f1-32ce-9c34-465c521dbb7a,43005775-ddf4-beab-037f-7331744272c1,sai-ke,1e401c64-aea5-9092-c7c7-11e1e0c79b36,2026-01-16,delivered,2026-01-18,46634.54,7461.53,54096.07,KES
SO-2365,9fa38338-87f1-32ce-9c34-465c521dbb7a,43005775-ddf4-beab-037f-7331744272c1,sai-ke,1e401c64-aea5-9092-c7c7-11e1e0c79b36,2025-12-18,delivered,2025-12-20,103422.76,16547.64,119970.4,KES
SO-2366,9fa38338-87f1-32ce-9c34-465c521dbb7a,43005775-ddf4-beab-037f-7331744272c1,sai-ke,1e401c64-aea5-9092-c7c7-11e1e0c79b36,2025-11-19,delivered,2025-11-21,96058.11,15369.3,111427.41,KES
SO-2367,9fa38338-87f1-32ce-9c34-465c521dbb7a,43005775-ddf4-beab-037f-7331744272c1,sai-ke,1e401c64-aea5-9092-c7c7-11e1e0c79b36,2025-10-21,delivered,2025-10-23,75154.46,12024.71,87179.17,KES
SO-2368,9fa38338-87f1-32ce-9c34-465c521dbb7a,43005775-ddf4-beab-037f-7331744272c1,sai-ke,1e401c64-aea5-9092-c7c7-11e1e0c79b36,2025-09-22,delivered,2025-09-24,62358.5,9977.36,72335.86,KES
SO-2369,936cdb97-44f2-e321-63ee-ca2307d8efd1,e8b0bc07-e915-98a9-4494-e302b08f09d9,sai-tz,ff88541a-8c54-5afd-bec8-f2112874cd5d,2026-08-10,picking,2026-08-12,140460.29,22473.65,162933.94,TZS
SO-2370,936cdb97-44f2-e321-63ee-ca2307d8efd1,e8b0bc07-e915-98a9-4494-e302b08f09d9,sai-tz,ff88541a-8c54-5afd-bec8-f2112874cd5d,2026-07-13,delivered,2026-07-15,140384.28,22461.48,162845.76,TZS
SO-2371,936cdb97-44f2-e321-63ee-ca2307d8efd1,e8b0bc07-e915-98a9-4494-e302b08f09d9,sai-tz,ff88541a-8c54-5afd-bec8-f2112874cd5d,2026-06-15,delivered,2026-06-17,48731.56,7797.05,56528.61,TZS
SO-2372,936cdb97-44f2-e321-63ee-ca2307d8efd1,e8b0bc07-e915-98a9-4494-e302b08f09d9,sai-tz,ff88541a-8c54-5afd-bec8-f2112874cd5d,2026-05-18,delivered,2026-05-20,63594.45,10175.11,73769.56,TZS
SO-2373,936cdb97-44f2-e321-63ee-ca2307d8efd1,e8b0bc07-e915-98a9-4494-e302b08f09d9,sai-tz,ff88541a-8c54-5afd-bec8-f2112874cd5d,2026-04-20,delivered,2026-04-22,85819.13,13731.06,99550.19,TZS
SO-2374,936cdb97-44f2-e321-63ee-ca2307d8efd1,e8b0bc07-e915-98a9-4494-e302b08f09d9,sai-tz,ff88541a-8c54-5afd-bec8-f2112874cd5d,2026-03-23,delivered,2026-03-25,151016.23,24162.6,175178.83,TZS
SO-2375,936cdb97-44f2-e321-63ee-ca2307d8efd1,e8b0bc07-e915-98a9-4494-e302b08f09d9,sai-tz,ff88541a-8c54-5afd-bec8-f2112874cd5d,2026-02-23,delivered,2026-02-25,81127.58,12980.41,94107.99,TZS
SO-2376,936cdb97-44f2-e321-63ee-ca2307d8efd1,e8b0bc07-e915-98a9-4494-e302b08f09d9,sai-tz,ff88541a-8c54-5afd-bec8-f2112874cd5d,2026-01-26,delivered,2026-01-28,63175.66,10108.11,73283.77,TZS
SO-2377,936cdb97-44f2-e321-63ee-ca2307d8efd1,e8b0bc07-e915-98a9-4494-e302b08f09d9,sai-tz,ff88541a-8c54-5afd-bec8-f2112874cd5d,2025-12-29,delivered,2025-12-31,7230.27,1156.84,8387.11,TZS
SO-2378,936cdb97-44f2-e321-63ee-ca2307d8efd1,e8b0bc07-e915-98a9-4494-e302b08f09d9,sai-tz,ff88541a-8c54-5afd-bec8-f2112874cd5d,2025-12-01,delivered,2025-12-03,107002.42,17120.39,124122.81,TZS
SO-2379,936cdb97-44f2-e321-63ee-ca2307d8efd1,e8b0bc07-e915-98a9-4494-e302b08f09d9,sai-tz,ff88541a-8c54-5afd-bec8-f2112874cd5d,2025-11-03,delivered,2025-11-05,62352.31,9976.37,72328.68,TZS
SO-2380,936cdb97-44f2-e321-63ee-ca2307d8efd1,e8b0bc07-e915-98a9-4494-e302b08f09d9,sai-tz,ff88541a-8c54-5afd-bec8-f2112874cd5d,2025-10-06,delivered,2025-10-08,40334.24,6453.48,46787.72,TZS
SO-2381,582d92d4-ad2a-1d55-12bb-547d1f333a42,775829df-e122-e956-ceb7-5798d4482407,sai-tz,b16b1b8d-a80e-28c7-6981-24e0c0c890ea,2026-08-03,delivered,2026-08-05,56622.19,9059.55,65681.74,TZS
SO-2382,582d92d4-ad2a-1d55-12bb-547d1f333a42,775829df-e122-e956-ceb7-5798d4482407,sai-tz,b16b1b8d-a80e-28c7-6981-24e0c0c890ea,2026-07-09,delivered,2026-07-11,62154.64,9944.74,72099.38,TZS
SO-2383,582d92d4-ad2a-1d55-12bb-547d1f333a42,775829df-e122-e956-ceb7-5798d4482407,sai-tz,b16b1b8d-a80e-28c7-6981-24e0c0c890ea,2026-06-14,delivered,2026-06-16,72499.46,11599.91,84099.37,TZS
SO-2384,582d92d4-ad2a-1d55-12bb-547d1f333a42,775829df-e122-e956-ceb7-5798d4482407,sai-tz,b16b1b8d-a80e-28c7-6981-24e0c0c890ea,2026-05-20,delivered,2026-05-22,51877.41,8300.39,60177.8,TZS
SO-2385,582d92d4-ad2a-1d55-12bb-547d1f333a42,775829df-e122-e956-ceb7-5798d4482407,sai-tz,b16b1b8d-a80e-28c7-6981-24e0c0c890ea,2026-04-25,delivered,2026-04-27,183501.36,29360.22,212861.58,TZS
SO-2386,582d92d4-ad2a-1d55-12bb-547d1f333a42,775829df-e122-e956-ceb7-5798d4482407,sai-tz,b16b1b8d-a80e-28c7-6981-24e0c0c890ea,2026-03-31,delivered,2026-04-02,52960.61,8473.7,61434.31,TZS
SO-2387,582d92d4-ad2a-1d55-12bb-547d1f333a42,775829df-e122-e956-ceb7-5798d4482407,sai-tz,b16b1b8d-a80e-28c7-6981-24e0c0c890ea,2026-03-06,delivered,2026-03-08,87878.76,14060.6,101939.36,TZS
SO-2388,582d92d4-ad2a-1d55-12bb-547d1f333a42,775829df-e122-e956-ceb7-5798d4482407,sai-tz,b16b1b8d-a80e-28c7-6981-24e0c0c890ea,2026-02-09,delivered,2026-02-11,15414.01,2466.24,17880.25,TZS
SO-2389,582d92d4-ad2a-1d55-12bb-547d1f333a42,775829df-e122-e956-ceb7-5798d4482407,sai-tz,b16b1b8d-a80e-28c7-6981-24e0c0c890ea,2026-01-15,delivered,2026-01-17,52144.87,8343.18,60488.05,TZS
SO-2390,582d92d4-ad2a-1d55-12bb-547d1f333a42,775829df-e122-e956-ceb7-5798d4482407,sai-tz,b16b1b8d-a80e-28c7-6981-24e0c0c890ea,2025-12-21,delivered,2025-12-23,70667.87,11306.86,81974.73,TZS
SO-2391,582d92d4-ad2a-1d55-12bb-547d1f333a42,775829df-e122-e956-ceb7-5798d4482407,sai-tz,b16b1b8d-a80e-28c7-6981-24e0c0c890ea,2025-11-26,delivered,2025-11-28,104687.94,16750.07,121438.01,TZS
SO-2392,582d92d4-ad2a-1d55-12bb-547d1f333a42,775829df-e122-e956-ceb7-5798d4482407,sai-tz,b16b1b8d-a80e-28c7-6981-24e0c0c890ea,2025-11-01,delivered,2025-11-03,28227.5,4516.4,32743.9,TZS
SO-2393,1315321f-4004-8a33-cbaa-9bc193174212,930baecc-d0eb-3b1b-76a8-03f6484242b9,sai-ke,4e87eafa-e937-ff84-ae92-fc9068abf480,2026-07-27,delivered,2026-07-29,136570.57,21851.29,158421.86,KES
SO-2394,1315321f-4004-8a33-cbaa-9bc193174212,930baecc-d0eb-3b1b-76a8-03f6484242b9,sai-ke,4e87eafa-e937-ff84-ae92-fc9068abf480,2026-06-30,delivered,2026-07-02,120936.2,19349.79,140285.99,KES
SO-2395,1315321f-4004-8a33-cbaa-9bc193174212,930baecc-d0eb-3b1b-76a8-03f6484242b9,sai-ke,4e87eafa-e937-ff84-ae92-fc9068abf480,2026-06-03,delivered,2026-06-05,86776.2,13884.19,100660.39,KES
SO-2396,1315321f-4004-8a33-cbaa-9bc193174212,930baecc-d0eb-3b1b-76a8-03f6484242b9,sai-ke,4e87eafa-e937-ff84-ae92-fc9068abf480,2026-05-07,delivered,2026-05-09,123004.08,19680.65,142684.73,KES
SO-2397,1315321f-4004-8a33-cbaa-9bc193174212,930baecc-d0eb-3b1b-76a8-03f6484242b9,sai-ke,4e87eafa-e937-ff84-ae92-fc9068abf480,2026-04-10,delivered,2026-04-12,119064.54,19050.33,138114.87,KES
SO-2398,1315321f-4004-8a33-cbaa-9bc193174212,930baecc-d0eb-3b1b-76a8-03f6484242b9,sai-ke,4e87eafa-e937-ff84-ae92-fc9068abf480,2026-03-14,delivered,2026-03-16,112810.41,18049.67,130860.08,KES
SO-2399,1315321f-4004-8a33-cbaa-9bc193174212,930baecc-d0eb-3b1b-76a8-03f6484242b9,sai-ke,4e87eafa-e937-ff84-ae92-fc9068abf480,2026-02-15,delivered,2026-02-17,112848.8,18055.81,130904.61,KES
SO-2400,1315321f-4004-8a33-cbaa-9bc193174212,930baecc-d0eb-3b1b-76a8-03f6484242b9,sai-ke,4e87eafa-e937-ff84-ae92-fc9068abf480,2026-01-19,delivered,2026-01-21,53189.68,8510.35,61700.03,KES
SO-2401,1315321f-4004-8a33-cbaa-9bc193174212,930baecc-d0eb-3b1b-76a8-03f6484242b9,sai-ke,4e87eafa-e937-ff84-ae92-fc9068abf480,2025-12-23,delivered,2025-12-25,239664.15,38346.26,278010.41,KES
SO-2402,1315321f-4004-8a33-cbaa-9bc193174212,930baecc-d0eb-3b1b-76a8-03f6484242b9,sai-ke,4e87eafa-e937-ff84-ae92-fc9068abf480,2025-11-26,delivered,2025-11-28,54643.61,8742.98,63386.59,KES
SO-2403,1315321f-4004-8a33-cbaa-9bc193174212,930baecc-d0eb-3b1b-76a8-03f6484242b9,sai-ke,4e87eafa-e937-ff84-ae92-fc9068abf480,2025-10-30,delivered,2025-11-01,97767.17,15642.75,113409.92,KES
SO-2404,1315321f-4004-8a33-cbaa-9bc193174212,930baecc-d0eb-3b1b-76a8-03f6484242b9,sai-ke,4e87eafa-e937-ff84-ae92-fc9068abf480,2025-10-03,delivered,2025-10-05,84397.53,13503.6,97901.13,KES
SO-2405,fb46e631-53ee-c623-c4d2-c4d0ffb7b162,911e5327-c97b-f75d-950a-255d3e61a361,sai-ke,1e401c64-aea5-9092-c7c7-11e1e0c79b36,2026-08-04,delivered,2026-08-06,113484.61,18157.54,131642.15,KES
SO-2406,fb46e631-53ee-c623-c4d2-c4d0ffb7b162,911e5327-c97b-f75d-950a-255d3e61a361,sai-ke,1e401c64-aea5-9092-c7c7-11e1e0c79b36,2026-07-06,delivered,2026-07-08,122389.18,19582.27,141971.45,KES
SO-2407,fb46e631-53ee-c623-c4d2-c4d0ffb7b162,911e5327-c97b-f75d-950a-255d3e61a361,sai-ke,1e401c64-aea5-9092-c7c7-11e1e0c79b36,2026-06-07,delivered,2026-06-09,157450.61,25192.1,182642.71,KES
SO-2408,fb46e631-53ee-c623-c4d2-c4d0ffb7b162,911e5327-c97b-f75d-950a-255d3e61a361,sai-ke,1e401c64-aea5-9092-c7c7-11e1e0c79b36,2026-05-09,delivered,2026-05-11,188795.77,30207.32,219003.09,KES
SO-2409,fb46e631-53ee-c623-c4d2-c4d0ffb7b162,911e5327-c97b-f75d-950a-255d3e61a361,sai-ke,1e401c64-aea5-9092-c7c7-11e1e0c79b36,2026-04-10,delivered,2026-04-12,40353.04,6456.49,46809.53,KES
SO-2410,fb46e631-53ee-c623-c4d2-c4d0ffb7b162,911e5327-c97b-f75d-950a-255d3e61a361,sai-ke,1e401c64-aea5-9092-c7c7-11e1e0c79b36,2026-03-12,delivered,2026-03-14,30567.4,4890.78,35458.18,KES
SO-2411,fb46e631-53ee-c623-c4d2-c4d0ffb7b162,911e5327-c97b-f75d-950a-255d3e61a361,sai-ke,1e401c64-aea5-9092-c7c7-11e1e0c79b36,2026-02-11,delivered,2026-02-13,95383.8,15261.41,110645.21,KES
SO-2412,fb46e631-53ee-c623-c4d2-c4d0ffb7b162,911e5327-c97b-f75d-950a-255d3e61a361,sai-ke,1e401c64-aea5-9092-c7c7-11e1e0c79b36,2026-01-13,delivered,2026-01-15,86595.8,13855.33,100451.13,KES
SO-2413,fb46e631-53ee-c623-c4d2-c4d0ffb7b162,911e5327-c97b-f75d-950a-255d3e61a361,sai-ke,1e401c64-aea5-9092-c7c7-11e1e0c79b36,2025-12-15,delivered,2025-12-17,89554.05,14328.65,103882.7,KES
SO-2414,fb46e631-53ee-c623-c4d2-c4d0ffb7b162,911e5327-c97b-f75d-950a-255d3e61a361,sai-ke,1e401c64-aea5-9092-c7c7-11e1e0c79b36,2025-11-16,delivered,2025-11-18,58459.36,9353.5,67812.86,KES
SO-2415,fb46e631-53ee-c623-c4d2-c4d0ffb7b162,911e5327-c97b-f75d-950a-255d3e61a361,sai-ke,1e401c64-aea5-9092-c7c7-11e1e0c79b36,2025-10-18,delivered,2025-10-20,13985.05,2237.61,16222.66,KES
SO-2416,fb46e631-53ee-c623-c4d2-c4d0ffb7b162,911e5327-c97b-f75d-950a-255d3e61a361,sai-ke,1e401c64-aea5-9092-c7c7-11e1e0c79b36,2025-09-19,delivered,2025-09-21,179074.88,28651.98,207726.86,KES
SO-2417,3da496f2-6c68-6255-d3b3-12e2087ce75e,c8a2b4aa-942a-c492-f8f4-3e6a162a8e9d,sai-ke,bfb69fe8-1548-6f0b-3f13-f26c740f0c1f,2026-08-06,delivered,2026-08-08,50104.61,8016.74,58121.35,KES
SO-2418,3da496f2-6c68-6255-d3b3-12e2087ce75e,c8a2b4aa-942a-c492-f8f4-3e6a162a8e9d,sai-ke,bfb69fe8-1548-6f0b-3f13-f26c740f0c1f,2026-07-05,delivered,2026-07-07,127198.76,20351.8,147550.56,KES
SO-2419,3da496f2-6c68-6255-d3b3-12e2087ce75e,c8a2b4aa-942a-c492-f8f4-3e6a162a8e9d,sai-ke,bfb69fe8-1548-6f0b-3f13-f26c740f0c1f,2026-06-03,delivered,2026-06-05,65227.02,10436.32,75663.34,KES
SO-2420,3da496f2-6c68-6255-d3b3-12e2087ce75e,c8a2b4aa-942a-c492-f8f4-3e6a162a8e9d,sai-ke,bfb69fe8-1548-6f0b-3f13-f26c740f0c1f,2026-05-02,delivered,2026-05-04,18529.12,2964.66,21493.78,KES
SO-2421,3da496f2-6c68-6255-d3b3-12e2087ce75e,c8a2b4aa-942a-c492-f8f4-3e6a162a8e9d,sai-ke,bfb69fe8-1548-6f0b-3f13-f26c740f0c1f,2026-03-31,delivered,2026-04-02,94754.97,15160.8,109915.77,KES
SO-2422,3da496f2-6c68-6255-d3b3-12e2087ce75e,c8a2b4aa-942a-c492-f8f4-3e6a162a8e9d,sai-ke,bfb69fe8-1548-6f0b-3f13-f26c740f0c1f,2026-02-27,delivered,2026-03-01,105816.78,16930.68,122747.46,KES
SO-2423,3da496f2-6c68-6255-d3b3-12e2087ce75e,c8a2b4aa-942a-c492-f8f4-3e6a162a8e9d,sai-ke,bfb69fe8-1548-6f0b-3f13-f26c740f0c1f,2026-01-26,delivered,2026-01-28,99403.95,15904.63,115308.58,KES
SO-2424,3da496f2-6c68-6255-d3b3-12e2087ce75e,c8a2b4aa-942a-c492-f8f4-3e6a162a8e9d,sai-ke,bfb69fe8-1548-6f0b-3f13-f26c740f0c1f,2025-12-25,delivered,2025-12-27,72518.59,11602.97,84121.56,KES
SO-2425,3da496f2-6c68-6255-d3b3-12e2087ce75e,c8a2b4aa-942a-c492-f8f4-3e6a162a8e9d,sai-ke,bfb69fe8-1548-6f0b-3f13-f26c740f0c1f,2025-11-23,delivered,2025-11-25,64245.03,10279.2,74524.23,KES
SO-2426,3da496f2-6c68-6255-d3b3-12e2087ce75e,c8a2b4aa-942a-c492-f8f4-3e6a162a8e9d,sai-ke,bfb69fe8-1548-6f0b-3f13-f26c740f0c1f,2025-10-22,delivered,2025-10-24,57405.89,9184.94,66590.83,KES
SO-2427,3da496f2-6c68-6255-d3b3-12e2087ce75e,c8a2b4aa-942a-c492-f8f4-3e6a162a8e9d,sai-ke,bfb69fe8-1548-6f0b-3f13-f26c740f0c1f,2025-09-20,delivered,2025-09-22,85517.54,13682.81,99200.35,KES
SO-2428,3da496f2-6c68-6255-d3b3-12e2087ce75e,c8a2b4aa-942a-c492-f8f4-3e6a162a8e9d,sai-ke,bfb69fe8-1548-6f0b-3f13-f26c740f0c1f,2025-08-19,delivered,2025-08-21,157377.13,25180.34,182557.47,KES
SO-2429,8af13860-9fc0-2d32-e476-bd13a289d846,b47776ce-1153-3be0-6118-511933c53def,sai-ke,1e401c64-aea5-9092-c7c7-11e1e0c79b36,2026-07-27,delivered,2026-07-29,114318.0,18290.88,132608.88,KES
SO-2430,8af13860-9fc0-2d32-e476-bd13a289d846,b47776ce-1153-3be0-6118-511933c53def,sai-ke,1e401c64-aea5-9092-c7c7-11e1e0c79b36,2026-06-30,delivered,2026-07-02,147389.09,23582.25,170971.34,KES
SO-2431,8af13860-9fc0-2d32-e476-bd13a289d846,b47776ce-1153-3be0-6118-511933c53def,sai-ke,1e401c64-aea5-9092-c7c7-11e1e0c79b36,2026-06-03,delivered,2026-06-05,109468.08,17514.89,126982.97,KES
SO-2432,8af13860-9fc0-2d32-e476-bd13a289d846,b47776ce-1153-3be0-6118-511933c53def,sai-ke,1e401c64-aea5-9092-c7c7-11e1e0c79b36,2026-05-07,delivered,2026-05-09,132943.4,21270.94,154214.34,KES
SO-2433,8af13860-9fc0-2d32-e476-bd13a289d846,b47776ce-1153-3be0-6118-511933c53def,sai-ke,1e401c64-aea5-9092-c7c7-11e1e0c79b36,2026-04-10,delivered,2026-04-12,86416.78,13826.68,100243.46,KES
SO-2434,8af13860-9fc0-2d32-e476-bd13a289d846,b47776ce-1153-3be0-6118-511933c53def,sai-ke,1e401c64-aea5-9092-c7c7-11e1e0c79b36,2026-03-14,delivered,2026-03-16,84479.46,13516.71,97996.17,KES
SO-2435,8af13860-9fc0-2d32-e476-bd13a289d846,b47776ce-1153-3be0-6118-511933c53def,sai-ke,1e401c64-aea5-9092-c7c7-11e1e0c79b36,2026-02-15,delivered,2026-02-17,149911.84,23985.89,173897.73,KES
SO-2436,8af13860-9fc0-2d32-e476-bd13a289d846,b47776ce-1153-3be0-6118-511933c53def,sai-ke,1e401c64-aea5-9092-c7c7-11e1e0c79b36,2026-01-19,delivered,2026-01-21,50432.74,8069.24,58501.98,KES
SO-2437,8af13860-9fc0-2d32-e476-bd13a289d846,b47776ce-1153-3be0-6118-511933c53def,sai-ke,1e401c64-aea5-9092-c7c7-11e1e0c79b36,2025-12-23,delivered,2025-12-25,98995.86,15839.34,114835.2,KES
SO-2438,8af13860-9fc0-2d32-e476-bd13a289d846,b47776ce-1153-3be0-6118-511933c53def,sai-ke,1e401c64-aea5-9092-c7c7-11e1e0c79b36,2025-11-26,delivered,2025-11-28,48899.28,7823.88,56723.16,KES
SO-2439,8af13860-9fc0-2d32-e476-bd13a289d846,b47776ce-1153-3be0-6118-511933c53def,sai-ke,1e401c64-aea5-9092-c7c7-11e1e0c79b36,2025-10-30,delivered,2025-11-01,130987.89,20958.06,151945.95,KES
SO-2440,8af13860-9fc0-2d32-e476-bd13a289d846,b47776ce-1153-3be0-6118-511933c53def,sai-ke,1e401c64-aea5-9092-c7c7-11e1e0c79b36,2025-10-03,delivered,2025-10-05,141499.08,22639.85,164138.93,KES
SO-2441,368f908c-6cf2-b82d-fbca-fd0bbd84b4df,a1c595f3-bb88-d88d-4225-1d39e4e3bee3,sai-ke,4e87eafa-e937-ff84-ae92-fc9068abf480,2026-08-02,delivered,2026-08-04,85442.68,13670.83,99113.51,KES
SO-2442,368f908c-6cf2-b82d-fbca-fd0bbd84b4df,a1c595f3-bb88-d88d-4225-1d39e4e3bee3,sai-ke,4e87eafa-e937-ff84-ae92-fc9068abf480,2026-07-04,delivered,2026-07-06,48760.95,7801.75,56562.7,KES
SO-2443,368f908c-6cf2-b82d-fbca-fd0bbd84b4df,a1c595f3-bb88-d88d-4225-1d39e4e3bee3,sai-ke,4e87eafa-e937-ff84-ae92-fc9068abf480,2026-06-05,delivered,2026-06-07,70039.5,11206.32,81245.82,KES
SO-2444,368f908c-6cf2-b82d-fbca-fd0bbd84b4df,a1c595f3-bb88-d88d-4225-1d39e4e3bee3,sai-ke,4e87eafa-e937-ff84-ae92-fc9068abf480,2026-05-07,delivered,2026-05-09,102683.91,16429.43,119113.34,KES
SO-2445,368f908c-6cf2-b82d-fbca-fd0bbd84b4df,a1c595f3-bb88-d88d-4225-1d39e4e3bee3,sai-ke,4e87eafa-e937-ff84-ae92-fc9068abf480,2026-04-08,delivered,2026-04-10,131098.94,20975.83,152074.77,KES
SO-2446,368f908c-6cf2-b82d-fbca-fd0bbd84b4df,a1c595f3-bb88-d88d-4225-1d39e4e3bee3,sai-ke,4e87eafa-e937-ff84-ae92-fc9068abf480,2026-03-10,delivered,2026-03-12,90920.58,14547.29,105467.87,KES
SO-2447,368f908c-6cf2-b82d-fbca-fd0bbd84b4df,a1c595f3-bb88-d88d-4225-1d39e4e3bee3,sai-ke,4e87eafa-e937-ff84-ae92-fc9068abf480,2026-02-09,delivered,2026-02-11,45965.55,7354.49,53320.04,KES
SO-2448,368f908c-6cf2-b82d-fbca-fd0bbd84b4df,a1c595f3-bb88-d88d-4225-1d39e4e3bee3,sai-ke,4e87eafa-e937-ff84-ae92-fc9068abf480,2026-01-11,delivered,2026-01-13,48260.69,7721.71,55982.4,KES
SO-2449,368f908c-6cf2-b82d-fbca-fd0bbd84b4df,a1c595f3-bb88-d88d-4225-1d39e4e3bee3,sai-ke,4e87eafa-e937-ff84-ae92-fc9068abf480,2025-12-13,delivered,2025-12-15,76129.71,12180.75,88310.46,KES
SO-2450,368f908c-6cf2-b82d-fbca-fd0bbd84b4df,a1c595f3-bb88-d88d-4225-1d39e4e3bee3,sai-ke,4e87eafa-e937-ff84-ae92-fc9068abf480,2025-11-14,delivered,2025-11-16,29178.79,4668.61,33847.4,KES
SO-2451,368f908c-6cf2-b82d-fbca-fd0bbd84b4df,a1c595f3-bb88-d88d-4225-1d39e4e3bee3,sai-ke,4e87eafa-e937-ff84-ae92-fc9068abf480,2025-10-16,delivered,2025-10-18,60633.65,9701.38,70335.03,KES
SO-2452,368f908c-6cf2-b82d-fbca-fd0bbd84b4df,a1c595f3-bb88-d88d-4225-1d39e4e3bee3,sai-ke,4e87eafa-e937-ff84-ae92-fc9068abf480,2025-09-17,delivered,2025-09-19,137267.92,21962.87,159230.79,KES
SO-2453,53faa3a3-625b-b313-c8e1-3e82e5703f89,9bed7792-2017-0ffd-1ed6-8d4b49fd994e,sai-ke,bfb69fe8-1548-6f0b-3f13-f26c740f0c1f,2026-08-07,delivered,2026-08-09,71844.52,11495.12,83339.64,KES
SO-2454,53faa3a3-625b-b313-c8e1-3e82e5703f89,9bed7792-2017-0ffd-1ed6-8d4b49fd994e,sai-ke,bfb69fe8-1548-6f0b-3f13-f26c740f0c1f,2026-07-10,delivered,2026-07-12,207730.64,33236.9,240967.54,KES
SO-2455,53faa3a3-625b-b313-c8e1-3e82e5703f89,9bed7792-2017-0ffd-1ed6-8d4b49fd994e,sai-ke,bfb69fe8-1548-6f0b-3f13-f26c740f0c1f,2026-06-12,delivered,2026-06-14,94522.38,15123.58,109645.96,KES
SO-2456,53faa3a3-625b-b313-c8e1-3e82e5703f89,9bed7792-2017-0ffd-1ed6-8d4b49fd994e,sai-ke,bfb69fe8-1548-6f0b-3f13-f26c740f0c1f,2026-05-15,delivered,2026-05-17,58546.46,9367.43,67913.89,KES
SO-2457,53faa3a3-625b-b313-c8e1-3e82e5703f89,9bed7792-2017-0ffd-1ed6-8d4b49fd994e,sai-ke,bfb69fe8-1548-6f0b-3f13-f26c740f0c1f,2026-04-17,delivered,2026-04-19,125838.6,20134.18,145972.78,KES
SO-2458,53faa3a3-625b-b313-c8e1-3e82e5703f89,9bed7792-2017-0ffd-1ed6-8d4b49fd994e,sai-ke,bfb69fe8-1548-6f0b-3f13-f26c740f0c1f,2026-03-20,delivered,2026-03-22,49454.52,7912.72,57367.24,KES
SO-2459,53faa3a3-625b-b313-c8e1-3e82e5703f89,9bed7792-2017-0ffd-1ed6-8d4b49fd994e,sai-ke,bfb69fe8-1548-6f0b-3f13-f26c740f0c1f,2026-02-20,delivered,2026-02-22,147818.28,23650.92,171469.2,KES
SO-2460,53faa3a3-625b-b313-c8e1-3e82e5703f89,9bed7792-2017-0ffd-1ed6-8d4b49fd994e,sai-ke,bfb69fe8-1548-6f0b-3f13-f26c740f0c1f,2026-01-23,delivered,2026-01-25,126747.36,20279.58,147026.94,KES
SO-2461,53faa3a3-625b-b313-c8e1-3e82e5703f89,9bed7792-2017-0ffd-1ed6-8d4b49fd994e,sai-ke,bfb69fe8-1548-6f0b-3f13-f26c740f0c1f,2025-12-26,delivered,2025-12-28,144875.72,23180.12,168055.84,KES
SO-2462,53faa3a3-625b-b313-c8e1-3e82e5703f89,9bed7792-2017-0ffd-1ed6-8d4b49fd994e,sai-ke,bfb69fe8-1548-6f0b-3f13-f26c740f0c1f,2025-11-28,delivered,2025-11-30,100852.12,16136.34,116988.46,KES
SO-2463,53faa3a3-625b-b313-c8e1-3e82e5703f89,9bed7792-2017-0ffd-1ed6-8d4b49fd994e,sai-ke,bfb69fe8-1548-6f0b-3f13-f26c740f0c1f,2025-10-31,delivered,2025-11-02,44952.73,7192.44,52145.17,KES
SO-2464,53faa3a3-625b-b313-c8e1-3e82e5703f89,9bed7792-2017-0ffd-1ed6-8d4b49fd994e,sai-ke,bfb69fe8-1548-6f0b-3f13-f26c740f0c1f,2025-10-03,delivered,2025-10-05,235014.37,37602.3,272616.67,KES
SO-2465,465e4f1a-6a37-d3dc-465b-196715bda2f2,704342d7-7ad3-43ef-0dcd-c690449e0600,sai-ke,8efa6771-e1d6-8ea8-08d8-13c5a1acffce,2026-08-09,picking,2026-08-11,84066.22,13450.6,97516.82,KES
SO-2466,465e4f1a-6a37-d3dc-465b-196715bda2f2,704342d7-7ad3-43ef-0dcd-c690449e0600,sai-ke,8efa6771-e1d6-8ea8-08d8-13c5a1acffce,2026-07-12,delivered,2026-07-14,145781.97,23325.12,169107.09,KES
SO-2467,465e4f1a-6a37-d3dc-465b-196715bda2f2,704342d7-7ad3-43ef-0dcd-c690449e0600,sai-ke,8efa6771-e1d6-8ea8-08d8-13c5a1acffce,2026-06-14,delivered,2026-06-16,63507.66,10161.23,73668.89,KES
SO-2468,465e4f1a-6a37-d3dc-465b-196715bda2f2,704342d7-7ad3-43ef-0dcd-c690449e0600,sai-ke,8efa6771-e1d6-8ea8-08d8-13c5a1acffce,2026-05-17,delivered,2026-05-19,27583.1,4413.3,31996.4,KES
SO-2469,465e4f1a-6a37-d3dc-465b-196715bda2f2,704342d7-7ad3-43ef-0dcd-c690449e0600,sai-ke,8efa6771-e1d6-8ea8-08d8-13c5a1acffce,2026-04-19,delivered,2026-04-21,171361.99,27417.92,198779.91,KES
SO-2470,465e4f1a-6a37-d3dc-465b-196715bda2f2,704342d7-7ad3-43ef-0dcd-c690449e0600,sai-ke,8efa6771-e1d6-8ea8-08d8-13c5a1acffce,2026-03-22,delivered,2026-03-24,201868.75,32299.0,234167.75,KES
SO-2471,465e4f1a-6a37-d3dc-465b-196715bda2f2,704342d7-7ad3-43ef-0dcd-c690449e0600,sai-ke,8efa6771-e1d6-8ea8-08d8-13c5a1acffce,2026-02-22,delivered,2026-02-24,152147.65,24343.62,176491.27,KES
SO-2472,465e4f1a-6a37-d3dc-465b-196715bda2f2,704342d7-7ad3-43ef-0dcd-c690449e0600,sai-ke,8efa6771-e1d6-8ea8-08d8-13c5a1acffce,2026-01-25,delivered,2026-01-27,107895.2,17263.23,125158.43,KES
SO-2473,465e4f1a-6a37-d3dc-465b-196715bda2f2,704342d7-7ad3-43ef-0dcd-c690449e0600,sai-ke,8efa6771-e1d6-8ea8-08d8-13c5a1acffce,2025-12-28,delivered,2025-12-30,114136.8,18261.89,132398.69,KES
SO-2474,465e4f1a-6a37-d3dc-465b-196715bda2f2,704342d7-7ad3-43ef-0dcd-c690449e0600,sai-ke,8efa6771-e1d6-8ea8-08d8-13c5a1acffce,2025-11-30,delivered,2025-12-02,83338.06,13334.09,96672.15,KES
SO-2475,465e4f1a-6a37-d3dc-465b-196715bda2f2,704342d7-7ad3-43ef-0dcd-c690449e0600,sai-ke,8efa6771-e1d6-8ea8-08d8-13c5a1acffce,2025-11-02,delivered,2025-11-04,78004.99,12480.8,90485.79,KES
SO-2476,465e4f1a-6a37-d3dc-465b-196715bda2f2,704342d7-7ad3-43ef-0dcd-c690449e0600,sai-ke,8efa6771-e1d6-8ea8-08d8-13c5a1acffce,2025-10-05,delivered,2025-10-07,106478.85,17036.62,123515.47,KES
