proof_id,job_no,version,sent_at,status,approved_at,approved_by_contact_id,proof_url
1cfa26bb-a0d1-8983-aaed-7a973a59c7e4,4471,1,2026-08-08 00:00:00,sent,,,https://proofs.ramcoprinting.example/4471-v1.pdf
261c4db2-859f-cd86-bd7c-3d2d19b59a9f,4301,1,2026-05-05 07:25:41.578709,approved,2026-05-06 09:20:13.005793,2c995d46-5713-ab8f-9d1a-1c594a8a812d,https://proofs.ramcoprinting.example/4301-v1.pdf
42bf8d19-625f-4a15-4bc4-3caf515e33a5,4302,1,2026-06-06 10:19:21.310816,approved,2026-06-07 23:52:17.356033,7ab62628-711f-3b4f-a641-93f0eee77be0,https://proofs.ramcoprinting.example/4302-v1.pdf
1a9d5baa-3473-71ef-8631-673cfa6b27de,4303,1,2026-03-02 01:25:02.761604,approved,2026-03-04 13:04:54.396939,22ea34e6-8e07-f76d-1702-91d1ba5c03b1,https://proofs.ramcoprinting.example/4303-v1.pdf
2853768d-09b0-2b31-cb19-b7198019f146,4304,1,2026-06-08 13:56:25.818196,approved,2026-06-09 17:25:31.183086,d52d6b71-af68-8d69-44eb-89baadef9f17,https://proofs.ramcoprinting.example/4304-v1.pdf
b7896659-5bd7-5b41-1f0d-3d2696c1bfb6,4305,1,2026-01-26 14:54:05.446193,approved,2026-01-28 06:24:38.238838,3c156eb4-18f9-4428-6c5d-64c8c26b19a1,https://proofs.ramcoprinting.example/4305-v1.pdf
d7c4d269-6a0e-eae1-37cf-864fcf7f7f1b,4306,1,2026-07-01 21:08:02.946340,approved,2026-07-02 01:13:10.763442,97452430-fe70-61a6-3bde-a150ce983640,https://proofs.ramcoprinting.example/4306-v1.pdf
22fe57ae-683e-89cf-834a-1070f6c4e40b,4307,1,2025-12-11 09:33:49.182214,approved,2025-12-13 15:21:36.226948,2f03c25f-fe75-f120-6346-1fb694fcd7a0,https://proofs.ramcoprinting.example/4307-v1.pdf
2df29020-6d01-1e52-15d6-47f62725413d,4308,1,2026-05-18 21:32:22.628764,approved,2026-05-20 00:34:53.031443,0d06d344-8393-6f82-5dab-a938201166ed,https://proofs.ramcoprinting.example/4308-v1.pdf
a336635b-8a70-5803-2060-237f5d2b84be,4309,1,2026-02-27 15:37:17.601998,approved,2026-02-28 18:41:38.614405,38979c95-6fbf-b1fe-8679-04df08b6f2fa,https://proofs.ramcoprinting.example/4309-v1.pdf
398eff2b-fff5-727f-1129-810754ed2226,4310,1,2026-01-08 05:41:50.382070,approved,2026-01-13 09:30:00.751017,16a93772-4fc4-4963-16f2-2f40bba41006,https://proofs.ramcoprinting.example/4310-v1.pdf
dd11c6ac-a5c7-ffb9-a70c-b5c3938628ec,4311,1,2026-04-19 12:00:18.935409,approved,2026-04-22 14:16:52.179937,59f52611-304b-429a-3991-6cfa1991d51c,https://proofs.ramcoprinting.example/4311-v1.pdf
e1d414ac-a4f7-5761-10f0-f5551c2bf1bc,4312,1,2025-12-02 04:27:32.149329,approved,2025-12-03 09:38:18.531419,2f03c25f-fe75-f120-6346-1fb694fcd7a0,https://proofs.ramcoprinting.example/4312-v1.pdf
b7008c8c-6354-9166-2798-101ae1497a6c,4313,1,2026-05-03 08:48:06.516075,approved,2026-05-06 14:03:32.111096,91bc18f7-c9a7-df36-290a-1d75df00ec35,https://proofs.ramcoprinting.example/4313-v1.pdf
6b5ee65f-49de-f16c-f026-df24212ae480,4314,1,2026-03-13 19:54:08.712665,approved,2026-03-17 00:22:25.285767,5faee57e-5c1f-e2ff-1a10-8a11189b8a22,https://proofs.ramcoprinting.example/4314-v1.pdf
dbeae808-7abd-ea18-7067-9a6d0754c2a0,4315,1,2026-06-06 12:53:32.308042,approved,2026-06-09 05:29:41.582791,3c156eb4-18f9-4428-6c5d-64c8c26b19a1,https://proofs.ramcoprinting.example/4315-v1.pdf
51a278f2-1699-b67c-18b8-5a94f29dc069,4316,1,2026-06-25 20:31:11.071522,approved,2026-06-27 01:59:59.314444,ff084025-060b-5b7b-af58-dc658925bc47,https://proofs.ramcoprinting.example/4316-v1.pdf
06afab79-8001-beb4-6f68-c161b3fc5541,4317,1,2026-03-18 07:02:09.328106,approved,2026-03-22 16:20:28.758727,eb478952-4ede-17a1-2259-372593df4dbe,https://proofs.ramcoprinting.example/4317-v1.pdf
27c2f31b-5ebc-393d-7ef7-eb2d0a591eb3,4318,1,2026-03-02 01:06:01.868727,approved,2026-03-04 14:00:59.769241,584b3241-c9ee-a154-e860-4048b9bdf1a3,https://proofs.ramcoprinting.example/4318-v1.pdf
e51fcc17-482b-5cf2-cdde-8afdca3afae6,4319,1,2026-07-03 02:50:37.015790,approved,2026-07-04 22:47:10.457770,3126df68-f4be-8288-3dd0-d076fadc6c2a,https://proofs.ramcoprinting.example/4319-v1.pdf
c7e68f7c-5e4e-d2b8-e05f-51b382db9d99,4320,1,2026-06-30 00:20:49.739297,approved,2026-07-01 12:44:39.401153,719ef3d0-bc06-fe91-31cc-feada22a96c3,https://proofs.ramcoprinting.example/4320-v1.pdf
f2787e1c-f351-ad1f-80a8-0c8d888c6495,4321,1,2026-04-18 19:24:14.012423,approved,2026-04-22 19:01:02.348002,e7611437-9d00-66f8-bc94-cc3aa3e2ad45,https://proofs.ramcoprinting.example/4321-v1.pdf
0c827db8-7c80-a7bc-98cc-27d7f4d027d3,4322,1,2026-06-17 06:56:55.525886,approved,2026-06-21 23:17:45.549240,59f52611-304b-429a-3991-6cfa1991d51c,https://proofs.ramcoprinting.example/4322-v1.pdf
2647cf83-f6c9-cc44-ccbe-513fd9576e1b,4323,1,2026-06-17 01:02:36.787055,approved,2026-06-19 10:19:51.612752,16a93772-4fc4-4963-16f2-2f40bba41006,https://proofs.ramcoprinting.example/4323-v1.pdf
a0dfb69b-9623-f587-a164-2d3dd06dce6c,4324,1,2026-06-11 11:23:50.269076,approved,2026-06-12 22:45:49.648861,7f224e32-28b6-8045-4c63-712e8ba17415,https://proofs.ramcoprinting.example/4324-v1.pdf
af9c48be-a90c-0fd5-7073-c591e57576cd,4325,1,2026-02-14 01:22:45.730904,approved,2026-02-15 19:24:49.560562,59944213-0ced-0c48-86a5-240a169f361f,https://proofs.ramcoprinting.example/4325-v1.pdf
36242994-aa97-57e4-3dad-7b789d536722,4326,1,2026-05-12 18:36:39.056717,approved,2026-05-14 03:48:05.104334,537fcc50-2254-2faf-eba6-a04bff065500,https://proofs.ramcoprinting.example/4326-v1.pdf
a585def1-5ea5-7fa5-5068-2f29a80aa768,4327,1,2026-07-20 21:41:34.188951,approved,2026-07-23 11:48:39.776628,7ab62628-711f-3b4f-a641-93f0eee77be0,https://proofs.ramcoprinting.example/4327-v1.pdf
4b190aae-c279-53c7-9b57-20bf9d0d87b1,4328,1,2025-12-09 19:09:47.914469,approved,2025-12-11 04:05:48.600771,ca320f44-32ef-0807-48a1-028f7a308ec3,https://proofs.ramcoprinting.example/4328-v1.pdf
4ef55ad3-5c5e-cecf-ef5a-ddcb650be1ac,4329,1,2026-07-17 20:22:00.180314,approved,2026-07-19 06:33:51.351063,b09d19e5-010d-4b02-8260-aab968ca19c4,https://proofs.ramcoprinting.example/4329-v1.pdf
1a96daef-a729-448e-5cda-1d8f14b4c64a,4330,1,2026-01-22 01:04:56.280341,approved,2026-01-23 13:49:02.820539,dc71eebd-0fbb-7cd6-4b00-31c6d96567e9,https://proofs.ramcoprinting.example/4330-v1.pdf
9498f660-46f3-fa02-357f-ff774e90679e,4331,1,2026-02-21 06:42:53.457780,approved,2026-02-28 06:02:18.660408,01c4f432-629f-34fb-0349-aaed0409d7d5,https://proofs.ramcoprinting.example/4331-v1.pdf
01fb137a-ab8b-4060-e8c9-8462da61ead0,4332,1,2026-03-30 06:37:14.663983,approved,2026-04-02 18:56:52.839416,ff084025-060b-5b7b-af58-dc658925bc47,https://proofs.ramcoprinting.example/4332-v1.pdf
aa105ca0-1d38-063e-0b85-49a62b1d6d96,4333,1,2026-07-02 13:26:04.534996,approved,2026-07-05 09:52:14.132744,9a2ad290-88ba-54aa-6f88-b9f37ff3f1c6,https://proofs.ramcoprinting.example/4333-v1.pdf
7c10a9f5-d9a2-8df0-4471-4c68ef672696,4334,1,2026-01-04 14:29:16.145047,approved,2026-01-09 09:39:20.155336,4291c571-c4fa-5036-e9bd-38c5528ee0cc,https://proofs.ramcoprinting.example/4334-v1.pdf
c162c568-0296-c1fc-fc14-05ed77ce416a,4335,1,2026-02-03 05:05:54.998520,approved,2026-02-06 20:46:21.037704,a0934c7e-ae91-95c0-06b6-532e43e53b57,https://proofs.ramcoprinting.example/4335-v1.pdf
529834f9-516b-34e5-559c-d6d89b9f6fa5,4336,1,2026-01-14 21:13:45.491103,approved,2026-01-16 11:19:58.325456,3c156eb4-18f9-4428-6c5d-64c8c26b19a1,https://proofs.ramcoprinting.example/4336-v1.pdf
b66a3a89-664a-b9d3-933f-d39a63270636,4337,1,2026-01-02 14:28:52.341445,approved,2026-01-04 02:51:42.964952,e7611437-9d00-66f8-bc94-cc3aa3e2ad45,https://proofs.ramcoprinting.example/4337-v1.pdf
7f03f584-85f8-55a1-1ec7-2fcbd194b430,4338,1,2026-06-01 17:48:12.931902,approved,2026-06-03 20:50:11.294746,c231304b-d8b6-2822-ec28-bd04fed209ea,https://proofs.ramcoprinting.example/4338-v1.pdf
61394aed-82fb-27d0-ea7c-4bb79d0375d0,4339,1,2026-06-20 19:35:35.720550,approved,2026-06-25 03:42:41.438174,dc71eebd-0fbb-7cd6-4b00-31c6d96567e9,https://proofs.ramcoprinting.example/4339-v1.pdf
9a300908-c467-4b55-d2da-80eb20c174e6,4340,1,2025-12-08 10:23:27.992863,approved,2025-12-12 00:00:01.468815,a0934c7e-ae91-95c0-06b6-532e43e53b57,https://proofs.ramcoprinting.example/4340-v1.pdf
2b3333b1-57cd-0ade-1a72-d611278a7c69,4341,1,2026-06-12 10:27:49.467460,approved,2026-06-14 05:09:42.898062,e49442d0-dccc-078a-807c-fd9ad5a12999,https://proofs.ramcoprinting.example/4341-v1.pdf
e91a2fef-2677-2303-0ec8-17fa8ed71cba,4342,1,2026-03-15 06:37:10.266323,approved,2026-03-16 09:55:09.667865,dc71eebd-0fbb-7cd6-4b00-31c6d96567e9,https://proofs.ramcoprinting.example/4342-v1.pdf
c795220d-a917-73d8-34ea-44f576f1adab,4343,1,2026-01-18 18:16:04.945701,approved,2026-01-19 22:33:21.608405,38979c95-6fbf-b1fe-8679-04df08b6f2fa,https://proofs.ramcoprinting.example/4343-v1.pdf
56bb7c71-128a-590e-8d30-e5a9741d272b,4344,1,2026-08-01 00:30:38.694652,approved,2026-08-03 13:05:25.529936,2bf3e9fe-1913-608e-8147-3b4564b45b91,https://proofs.ramcoprinting.example/4344-v1.pdf
6b609bda-0440-f48a-baa5-bac5844f5a1c,4345,1,2026-03-13 07:33:15.937200,approved,2026-03-19 11:21:02.082904,584b3241-c9ee-a154-e860-4048b9bdf1a3,https://proofs.ramcoprinting.example/4345-v1.pdf
b54f0185-12dd-f574-2ffa-b7bb3142b401,4346,1,2026-06-18 08:39:33.956394,approved,2026-06-19 18:47:02.692787,34710e36-9dd6-55be-0e49-909910e22277,https://proofs.ramcoprinting.example/4346-v1.pdf
bf7bd32f-a9e4-1000-2790-e59e6a27e2c7,4347,1,2026-07-23 05:11:31.005706,approved,2026-07-28 11:08:58.905018,3db7a10e-4777-589d-050b-92248c1f6235,https://proofs.ramcoprinting.example/4347-v1.pdf
1e011cb6-68cb-4e13-cc80-d082c2f10137,4348,1,2026-02-09 02:05:12.325594,approved,2026-02-14 18:19:26.712941,5faee57e-5c1f-e2ff-1a10-8a11189b8a22,https://proofs.ramcoprinting.example/4348-v1.pdf
b7587b87-31a1-9e7f-8f05-52b6a3472c40,4349,1,2026-03-06 10:58:39.554426,approved,2026-03-07 18:09:20.806795,3c156eb4-18f9-4428-6c5d-64c8c26b19a1,https://proofs.ramcoprinting.example/4349-v1.pdf
64417d70-703e-66a7-2be7-d6955ddeead2,4350,1,2025-12-11 07:18:08.490612,approved,2025-12-12 21:16:16.312341,a0934c7e-ae91-95c0-06b6-532e43e53b57,https://proofs.ramcoprinting.example/4350-v1.pdf
3b742b2a-163c-dba8-1352-35e5d8234031,4351,1,2025-12-31 08:35:18.358198,approved,2026-01-01 15:02:16.291436,22ea34e6-8e07-f76d-1702-91d1ba5c03b1,https://proofs.ramcoprinting.example/4351-v1.pdf
5757d865-04f2-ebf5-bb57-3c55341516bb,4352,1,2026-01-19 12:57:25.156949,approved,2026-01-21 10:25:55.818562,34710e36-9dd6-55be-0e49-909910e22277,https://proofs.ramcoprinting.example/4352-v1.pdf
aeb665ba-be47-92fd-0cb0-6db138b2d1de,4353,1,2026-01-19 08:56:10.366521,approved,2026-01-24 06:49:51.782510,e7611437-9d00-66f8-bc94-cc3aa3e2ad45,https://proofs.ramcoprinting.example/4353-v1.pdf
8df2d795-0a5f-9e04-b956-668ac06d8a79,4354,1,2025-12-03 03:41:21.514544,approved,2025-12-05 11:40:36.794972,7ab62628-711f-3b4f-a641-93f0eee77be0,https://proofs.ramcoprinting.example/4354-v1.pdf
ad7c484d-50f0-89e4-2e06-9fc545a78025,4355,1,2026-03-20 11:47:04.746973,approved,2026-03-21 14:34:53.963210,dc2254cf-5a5e-592b-3ab6-d4f483210d81,https://proofs.ramcoprinting.example/4355-v1.pdf
7af06af8-aead-b931-f4f0-a1dd29fb3a67,4356,1,2026-07-28 22:03:21.729357,approved,2026-07-30 20:28:00.738136,e49442d0-dccc-078a-807c-fd9ad5a12999,https://proofs.ramcoprinting.example/4356-v1.pdf
7939038b-6303-7b1c-551a-806e82e3d108,4357,1,2026-02-13 10:08:36.042125,approved,2026-02-19 09:54:00.883373,2c995d46-5713-ab8f-9d1a-1c594a8a812d,https://proofs.ramcoprinting.example/4357-v1.pdf
167cdb8b-b71a-361c-8d7d-8d51f4c00284,4358,1,2026-02-03 19:10:38.620928,approved,2026-02-05 02:08:34.650628,f89a46b6-7c1c-b426-62f3-8215dc07d6eb,https://proofs.ramcoprinting.example/4358-v1.pdf
30854b59-d755-d9ee-ea23-ed993157278a,4359,1,2026-01-26 05:18:51.949755,approved,2026-01-28 15:57:01.824677,dc2254cf-5a5e-592b-3ab6-d4f483210d81,https://proofs.ramcoprinting.example/4359-v1.pdf
810b7e2b-486b-2513-9385-2abfb65d6ddd,4360,1,2025-11-22 12:12:34.359520,approved,2025-11-24 00:29:59.624215,59944213-0ced-0c48-86a5-240a169f361f,https://proofs.ramcoprinting.example/4360-v1.pdf
69e87f9a-9705-54c9-8fb4-b32de3e42c9e,4361,1,2026-04-08 18:07:37.151152,approved,2026-04-10 17:28:19.962177,2ab534a3-f438-f606-437c-af59e745e900,https://proofs.ramcoprinting.example/4361-v1.pdf
e5fed153-7cc4-4947-0fcf-9be7d388512c,4362,1,2025-12-06 02:38:18.495025,approved,2025-12-07 11:48:39.729870,3c156eb4-18f9-4428-6c5d-64c8c26b19a1,https://proofs.ramcoprinting.example/4362-v1.pdf
a1dc0802-549a-72b5-4ad8-9dba1896b6eb,4363,1,2025-12-13 09:10:23.924713,approved,2025-12-14 16:42:32.885692,ff084025-060b-5b7b-af58-dc658925bc47,https://proofs.ramcoprinting.example/4363-v1.pdf
1ca55757-1e60-ffc6-0b90-689755b865b3,4364,1,2026-04-29 14:53:49.516387,approved,2026-05-02 03:53:02.346390,219cc90c-4bdc-b03c-9b49-6226149148ae,https://proofs.ramcoprinting.example/4364-v1.pdf
863b2579-5eae-c82d-2b63-47ce8b50dac8,4365,1,2026-07-21 06:56:20.312868,approved,2026-07-23 03:36:33.627591,59944213-0ced-0c48-86a5-240a169f361f,https://proofs.ramcoprinting.example/4365-v1.pdf
04445e81-489d-907c-5301-12aae303e07d,4366,1,2026-05-30 07:51:51.520465,approved,2026-06-02 17:28:32.618158,91bc18f7-c9a7-df36-290a-1d75df00ec35,https://proofs.ramcoprinting.example/4366-v1.pdf
cd0bceeb-577a-dfec-392c-1004768572ce,4367,1,2026-07-16 07:34:01.140707,approved,2026-07-17 13:07:39.635294,b09d19e5-010d-4b02-8260-aab968ca19c4,https://proofs.ramcoprinting.example/4367-v1.pdf
86138687-45f4-215c-012d-d968a914e4e4,4368,1,2026-07-27 12:22:41.735924,approved,2026-07-28 22:23:48.156862,2f03c25f-fe75-f120-6346-1fb694fcd7a0,https://proofs.ramcoprinting.example/4368-v1.pdf
9ea1e85b-d9e0-53a0-2033-8e3dd8137306,4369,1,2025-12-19 13:47:25.428256,approved,2025-12-21 15:48:37.732258,d52d6b71-af68-8d69-44eb-89baadef9f17,https://proofs.ramcoprinting.example/4369-v1.pdf
e96b09d0-fb16-dddb-7708-d5e9a18838ca,4370,1,2025-11-15 10:39:42.982964,approved,2025-11-16 15:54:26.345207,dc71eebd-0fbb-7cd6-4b00-31c6d96567e9,https://proofs.ramcoprinting.example/4370-v1.pdf
a648352f-db15-cc10-3421-63a39de6a852,4371,1,2026-07-23 07:29:52.158766,approved,2026-07-25 10:59:17.889442,ca320f44-32ef-0807-48a1-028f7a308ec3,https://proofs.ramcoprinting.example/4371-v1.pdf
a5b2ce09-eb59-3188-f38f-d51df1dd0bc7,4372,1,2026-01-14 15:27:05.447251,approved,2026-01-18 10:40:47.212329,a589fd34-54a4-a88e-0448-fd72532b7ba8,https://proofs.ramcoprinting.example/4372-v1.pdf
d7cc69f3-b7fa-ddcc-5e56-2d64a9af9433,4373,1,2026-02-22 06:48:55.422361,approved,2026-02-22 14:52:31.463243,e49442d0-dccc-078a-807c-fd9ad5a12999,https://proofs.ramcoprinting.example/4373-v1.pdf
f0357029-2925-fc2f-ba6e-5a27615959a6,4374,1,2026-05-05 03:27:31.377616,approved,2026-05-10 01:26:58.003586,4291c571-c4fa-5036-e9bd-38c5528ee0cc,https://proofs.ramcoprinting.example/4374-v1.pdf
0b5c75ff-9066-9e6a-b1f3-0b6f130a2ff4,4375,1,2026-05-09 15:45:35.966681,approved,2026-05-12 08:17:50.040324,8f3feab8-c665-c5fb-4b7b-ef79010f06d0,https://proofs.ramcoprinting.example/4375-v1.pdf
4d320c89-e9c8-d468-e58e-21455314d38e,4376,1,2026-07-16 06:57:21.411387,approved,2026-07-17 14:59:41.213317,e49442d0-dccc-078a-807c-fd9ad5a12999,https://proofs.ramcoprinting.example/4376-v1.pdf
bc184ac8-083c-1dd6-2a89-b2d59c56577c,4377,1,2026-05-15 22:41:04.566520,approved,2026-05-17 09:02:27.368776,a2d67baf-cf49-0368-6246-39b37558304b,https://proofs.ramcoprinting.example/4377-v1.pdf
a045fe7a-5e32-a675-ec68-13c9583d3c34,4378,1,2026-04-04 06:19:11.903879,approved,2026-04-06 12:57:33.112728,ff084025-060b-5b7b-af58-dc658925bc47,https://proofs.ramcoprinting.example/4378-v1.pdf
6f958573-cf87-42a1-f8b6-1af3f52cc605,4379,1,2025-12-12 05:43:32.183474,approved,2025-12-12 07:17:41.591833,d0c40128-9bdc-e688-2df3-c8c4f7a62867,https://proofs.ramcoprinting.example/4379-v1.pdf
0bc520d7-2dc7-a830-97eb-ee10de8151c2,4380,1,2026-04-12 10:53:46.439364,approved,2026-04-13 17:56:45.502390,e49442d0-dccc-078a-807c-fd9ad5a12999,https://proofs.ramcoprinting.example/4380-v1.pdf
0307c60b-4a69-84f7-d1c2-00d5e464b20c,4381,1,2026-05-31 13:25:44.478518,approved,2026-06-02 02:23:41.499208,22ea34e6-8e07-f76d-1702-91d1ba5c03b1,https://proofs.ramcoprinting.example/4381-v1.pdf
ae149029-6157-3345-de8b-63110a09c305,4382,1,2025-12-29 01:02:32.282397,approved,2026-01-01 04:29:32.178794,59f52611-304b-429a-3991-6cfa1991d51c,https://proofs.ramcoprinting.example/4382-v1.pdf
8eb1f8be-7778-81c5-4628-16389c249747,4383,1,2026-06-22 18:49:14.445428,approved,2026-06-24 07:16:02.686946,99535b49-4cc3-9533-cd19-daf4845bcaf5,https://proofs.ramcoprinting.example/4383-v1.pdf
2c80c588-6598-f77c-a506-8ef0715274bc,4384,1,2026-06-15 03:40:37.874590,approved,2026-06-19 14:34:12.686032,dc2254cf-5a5e-592b-3ab6-d4f483210d81,https://proofs.ramcoprinting.example/4384-v1.pdf
2e776369-ee49-1d1e-998c-2b57ff95119a,4385,1,2026-05-14 13:22:08.787657,approved,2026-05-16 17:17:25.005781,219cc90c-4bdc-b03c-9b49-6226149148ae,https://proofs.ramcoprinting.example/4385-v1.pdf
380d0613-4841-6665-38a5-c5822622e447,4386,1,2026-03-24 06:22:55.666806,approved,2026-03-27 02:34:02.583466,c231304b-d8b6-2822-ec28-bd04fed209ea,https://proofs.ramcoprinting.example/4386-v1.pdf
fa6f6d10-30be-3437-ae2f-eaf7370e43be,4387,1,2026-04-18 13:17:02.827731,approved,2026-04-20 00:24:50.888832,ca320f44-32ef-0807-48a1-028f7a308ec3,https://proofs.ramcoprinting.example/4387-v1.pdf
17a8060a-4a67-7d55-2dcc-7dbe747db7d0,4388,1,2026-05-29 12:29:53.563370,approved,2026-06-03 02:15:33.564423,2ab534a3-f438-f606-437c-af59e745e900,https://proofs.ramcoprinting.example/4388-v1.pdf
13ff851f-1ff8-4585-adce-4132b5f2027f,4389,1,2026-04-27 14:18:41.161927,approved,2026-04-28 19:14:22.414835,91bc18f7-c9a7-df36-290a-1d75df00ec35,https://proofs.ramcoprinting.example/4389-v1.pdf
fe63cb2c-35ba-bc6b-1d64-3c5198227bea,4390,1,2025-12-31 01:33:26.425003,approved,2026-01-01 07:49:57.345636,63a091fe-c997-65ae-ba4b-57b2cf5f8154,https://proofs.ramcoprinting.example/4390-v1.pdf
2b375626-1a6e-744a-da5b-9666e740e72f,4391,1,2026-06-27 01:23:27.234383,approved,2026-06-29 03:58:36.191314,2bf3e9fe-1913-608e-8147-3b4564b45b91,https://proofs.ramcoprinting.example/4391-v1.pdf
77333ba9-230b-d10f-6a51-1930743ff5c0,4392,1,2026-02-01 06:28:55.451722,approved,2026-02-03 21:38:19.952722,ca320f44-32ef-0807-48a1-028f7a308ec3,https://proofs.ramcoprinting.example/4392-v1.pdf
cc664c70-7790-2c1d-d94f-2e8087b79562,4393,1,2026-02-19 06:49:48.671266,approved,2026-02-21 07:58:03.634540,219cc90c-4bdc-b03c-9b49-6226149148ae,https://proofs.ramcoprinting.example/4393-v1.pdf
14146604-6333-0ada-85d8-83193b35e5de,4394,1,2026-01-13 10:24:36.976818,approved,2026-01-15 05:04:42.474880,a5585089-bfe6-5b07-3d4b-fdbc2c1ebc94,https://proofs.ramcoprinting.example/4394-v1.pdf
3541a4e6-1de8-28a2-a086-72f259e02c7b,4395,1,2026-05-22 22:30:51.724132,approved,2026-05-25 03:59:24.472650,2f03c25f-fe75-f120-6346-1fb694fcd7a0,https://proofs.ramcoprinting.example/4395-v1.pdf
af45188b-2815-d5ad-b30a-595cccb34fc1,4396,1,2026-03-08 07:34:52.712536,approved,2026-03-13 00:44:06.797741,a2d67baf-cf49-0368-6246-39b37558304b,https://proofs.ramcoprinting.example/4396-v1.pdf
b1945401-8958-ff2a-64b9-a45d1125b017,4397,1,2026-06-30 11:48:17.639223,approved,2026-07-05 04:06:07.428839,9afd121d-b7d3-d644-bb60-8bfb6e20ba31,https://proofs.ramcoprinting.example/4397-v1.pdf
dd66d693-310e-0b64-512b-12b56c547299,4398,1,2026-01-12 15:49:53.161776,approved,2026-01-14 06:59:31.989994,a2d67baf-cf49-0368-6246-39b37558304b,https://proofs.ramcoprinting.example/4398-v1.pdf
7ccf7cf7-247e-e641-220c-36af20eefe44,4399,1,2025-12-25 12:17:20.109288,approved,2025-12-27 04:45:45.073128,d0c40128-9bdc-e688-2df3-c8c4f7a62867,https://proofs.ramcoprinting.example/4399-v1.pdf
9c6c5a62-b42f-1a43-ac14-921dec776ff7,4400,1,2025-11-15 04:10:11.105939,approved,2025-11-19 05:28:22.041257,9afd121d-b7d3-d644-bb60-8bfb6e20ba31,https://proofs.ramcoprinting.example/4400-v1.pdf
f4c3b198-b6b4-a9e2-2da7-a792f7b7ea69,4401,1,2025-12-25 11:17:01.124354,approved,2025-12-27 10:07:06.785829,01c4f432-629f-34fb-0349-aaed0409d7d5,https://proofs.ramcoprinting.example/4401-v1.pdf
e8bb7f7a-1a7f-07c1-8166-6933b63c944f,4402,1,2026-02-26 06:21:17.280607,approved,2026-02-27 18:38:38.449763,eb478952-4ede-17a1-2259-372593df4dbe,https://proofs.ramcoprinting.example/4402-v1.pdf
fc4d7ee6-d9dd-87f8-9db7-c3ea53a870be,4403,1,2026-04-27 09:36:09.505752,approved,2026-04-29 01:27:59.888192,27fd4830-cd23-5055-bb87-765dbb2a4cac,https://proofs.ramcoprinting.example/4403-v1.pdf
b9b322e3-81db-a3be-3b8c-86822330e26a,4404,1,2026-06-24 15:34:35.004226,approved,2026-06-27 15:51:13.134866,22ea34e6-8e07-f76d-1702-91d1ba5c03b1,https://proofs.ramcoprinting.example/4404-v1.pdf
ab48dfa8-927e-4d20-fe2e-4ba7132f678e,4405,1,2026-05-04 12:16:33.828727,approved,2026-05-06 16:09:34.475032,c231304b-d8b6-2822-ec28-bd04fed209ea,https://proofs.ramcoprinting.example/4405-v1.pdf
e8e9d030-fd49-173e-86d6-1bc74877b040,4406,1,2026-04-10 18:15:11.761391,approved,2026-04-17 03:40:16.875413,3126df68-f4be-8288-3dd0-d076fadc6c2a,https://proofs.ramcoprinting.example/4406-v1.pdf
7ade3d62-57f7-eb0b-238d-d695e004ebe6,4407,1,2026-08-02 15:56:46.933946,approved,2026-08-04 02:45:32.080158,2c995d46-5713-ab8f-9d1a-1c594a8a812d,https://proofs.ramcoprinting.example/4407-v1.pdf
d03b2791-5a80-70ff-18a2-a5fa1c27389f,4408,1,2026-04-07 02:36:12.473327,approved,2026-04-08 16:17:20.716876,a5585089-bfe6-5b07-3d4b-fdbc2c1ebc94,https://proofs.ramcoprinting.example/4408-v1.pdf
6c8d79bc-ad8a-27d3-b21d-01131e8b37cc,4409,1,2026-07-25 01:00:13.429509,approved,2026-07-28 08:44:29.332117,b09d19e5-010d-4b02-8260-aab968ca19c4,https://proofs.ramcoprinting.example/4409-v1.pdf
e57f86fc-689b-975f-e583-87216f46f56d,4410,1,2026-01-30 08:39:53.694354,approved,2026-01-31 18:00:28.308567,7fffbc3f-5f0c-749f-fc40-918435e979df,https://proofs.ramcoprinting.example/4410-v1.pdf
fbde5b6b-48b8-88dd-ffdd-9994b8b7bf6f,4411,1,2026-01-05 21:25:25.407597,approved,2026-01-08 11:40:33.863274,e7611437-9d00-66f8-bc94-cc3aa3e2ad45,https://proofs.ramcoprinting.example/4411-v1.pdf
d6c35d54-143e-76af-2986-5250a55dfdd1,4412,1,2026-05-29 09:11:04.568683,approved,2026-05-30 15:59:43.970562,2ab534a3-f438-f606-437c-af59e745e900,https://proofs.ramcoprinting.example/4412-v1.pdf
41706d86-8c61-f9b3-e08e-cc4b15a9fd72,4413,1,2025-12-07 11:42:38.445306,approved,2025-12-08 13:21:07.530430,91bc18f7-c9a7-df36-290a-1d75df00ec35,https://proofs.ramcoprinting.example/4413-v1.pdf
be248260-0d75-36c9-464d-71e51d8738b5,4414,1,2026-05-18 02:08:29.324400,approved,2026-05-19 08:26:50.887861,584b3241-c9ee-a154-e860-4048b9bdf1a3,https://proofs.ramcoprinting.example/4414-v1.pdf
918c3999-17cf-8201-7b21-5e17db120aed,4415,1,2026-02-02 19:50:24.224334,approved,2026-02-04 01:31:55.656638,e7611437-9d00-66f8-bc94-cc3aa3e2ad45,https://proofs.ramcoprinting.example/4415-v1.pdf
df3f49eb-74e6-23a7-9cde-faac468b42e8,4416,1,2026-07-19 10:56:10.224777,approved,2026-07-20 13:01:20.811106,2c995d46-5713-ab8f-9d1a-1c594a8a812d,https://proofs.ramcoprinting.example/4416-v1.pdf
f2811adf-a53d-6b5f-f6e4-05072dc49276,4417,1,2026-05-05 19:26:41.570246,approved,2026-05-07 09:59:03.736198,5faee57e-5c1f-e2ff-1a10-8a11189b8a22,https://proofs.ramcoprinting.example/4417-v1.pdf
e7ae4a81-e086-ae96-32a9-563ed88c620d,4418,1,2026-01-22 15:51:28.934846,approved,2026-01-23 20:42:07.905960,a2d67baf-cf49-0368-6246-39b37558304b,https://proofs.ramcoprinting.example/4418-v1.pdf
9e1b0270-35ec-060c-6bb1-f5d899f467bb,4419,1,2026-03-19 08:29:32.592684,approved,2026-03-22 15:21:47.267290,7f03a13a-c22b-3530-2ef9-09b2f947b8f7,https://proofs.ramcoprinting.example/4419-v1.pdf
45f0702a-cf35-4f77-dfc9-4c0f219e927b,4420,1,2026-04-30 00:48:27.101529,approved,2026-04-30 05:29:26.347111,4291c571-c4fa-5036-e9bd-38c5528ee0cc,https://proofs.ramcoprinting.example/4420-v1.pdf
db904172-0acc-537c-00c5-dbff8b336c85,4421,1,2026-05-23 09:08:16.803799,approved,2026-05-26 02:01:27.335988,91bc18f7-c9a7-df36-290a-1d75df00ec35,https://proofs.ramcoprinting.example/4421-v1.pdf
93ca3755-f50f-d967-383a-15f23b22c8f6,4422,1,2025-12-20 16:56:58.737199,approved,2025-12-21 02:10:22.466482,a2d67baf-cf49-0368-6246-39b37558304b,https://proofs.ramcoprinting.example/4422-v1.pdf
d6c87538-7e45-be97-5ee7-8d32ce2eecb3,4423,1,2026-05-18 14:03:16.004903,approved,2026-05-18 19:05:01.219388,8f3feab8-c665-c5fb-4b7b-ef79010f06d0,https://proofs.ramcoprinting.example/4423-v1.pdf
4812e170-d916-990a-8ce1-49bf6449a60e,4424,1,2025-12-01 22:48:55.888487,approved,2025-12-06 00:38:17.653891,2ab534a3-f438-f606-437c-af59e745e900,https://proofs.ramcoprinting.example/4424-v1.pdf
4fb80c4f-21a2-ddc1-a960-a8f618cfee19,4425,1,2026-04-09 19:25:34.665242,approved,2026-04-10 23:10:26.455967,63a091fe-c997-65ae-ba4b-57b2cf5f8154,https://proofs.ramcoprinting.example/4425-v1.pdf
8aa0952c-8f74-a12c-810a-affd3584760a,4426,1,2025-12-03 03:42:13.542725,approved,2025-12-06 11:39:58.737947,d52d6b71-af68-8d69-44eb-89baadef9f17,https://proofs.ramcoprinting.example/4426-v1.pdf
96d7360a-dc7b-ce9b-7d40-78ba887c55aa,4427,1,2026-02-21 10:40:13.817331,approved,2026-02-23 10:37:30.949078,e49442d0-dccc-078a-807c-fd9ad5a12999,https://proofs.ramcoprinting.example/4427-v1.pdf
fedfe781-0c24-90fd-3ba1-b80dc3ef750c,4428,1,2026-06-19 04:13:57.004756,approved,2026-06-20 16:21:49.379544,4e1c14e0-80a8-6d8a-bb9b-f9bd57fb2c1e,https://proofs.ramcoprinting.example/4428-v1.pdf
07597e11-f590-5bff-3ab6-46e2a0ab3e55,4429,1,2026-05-18 08:15:54.558760,approved,2026-05-21 03:01:15.619427,63a091fe-c997-65ae-ba4b-57b2cf5f8154,https://proofs.ramcoprinting.example/4429-v1.pdf
0695df59-f391-61fa-be04-1663b3bf80cb,4430,1,2025-12-09 15:16:03.421105,approved,2025-12-11 06:29:46.902067,a589fd34-54a4-a88e-0448-fd72532b7ba8,https://proofs.ramcoprinting.example/4430-v1.pdf
a15878d2-85a7-e8bf-bd20-68acfe10a86c,4431,1,2026-07-11 10:02:18.561871,approved,2026-07-12 12:59:31.589725,e49442d0-dccc-078a-807c-fd9ad5a12999,https://proofs.ramcoprinting.example/4431-v1.pdf
2fec81fc-c6b5-1c86-cee2-34bb12e6d8e7,4432,1,2026-07-17 23:31:23.952863,approved,2026-07-19 11:59:14.155938,3126df68-f4be-8288-3dd0-d076fadc6c2a,https://proofs.ramcoprinting.example/4432-v1.pdf
ff12f9bf-556d-b196-9735-e17a559970fa,4433,1,2026-01-01 16:57:15.456363,approved,2026-01-02 20:44:22.357138,ca320f44-32ef-0807-48a1-028f7a308ec3,https://proofs.ramcoprinting.example/4433-v1.pdf
efea2859-b4cd-8fd9-908e-22aca33c6ac3,4434,1,2026-02-20 20:03:24.773165,approved,2026-02-20 22:42:58.394662,7f224e32-28b6-8045-4c63-712e8ba17415,https://proofs.ramcoprinting.example/4434-v1.pdf
46859436-573d-f0f8-9f11-6e44058b0a6d,4435,1,2025-12-27 07:56:00.802270,approved,2025-12-31 11:01:17.224724,eb478952-4ede-17a1-2259-372593df4dbe,https://proofs.ramcoprinting.example/4435-v1.pdf
b9d85322-4b48-6b3b-d855-42b822c81070,4436,1,2026-04-21 08:11:21.612931,approved,2026-04-22 16:39:29.569388,7f03a13a-c22b-3530-2ef9-09b2f947b8f7,https://proofs.ramcoprinting.example/4436-v1.pdf
baba9e70-ae78-68b6-b41c-9f9588c19043,4437,1,2026-04-06 07:33:20.345220,approved,2026-04-11 04:57:32.756675,e7611437-9d00-66f8-bc94-cc3aa3e2ad45,https://proofs.ramcoprinting.example/4437-v1.pdf
64ffa413-38dc-c4fd-11e9-67fe950dd48f,4438,1,2026-03-21 06:14:25.294978,approved,2026-03-22 19:13:53.118719,219cc90c-4bdc-b03c-9b49-6226149148ae,https://proofs.ramcoprinting.example/4438-v1.pdf
03230e63-4105-0208-6e0b-67448d10f047,4439,1,2026-02-11 13:35:35.584075,approved,2026-02-12 20:48:55.247052,63a091fe-c997-65ae-ba4b-57b2cf5f8154,https://proofs.ramcoprinting.example/4439-v1.pdf
d6b2053c-15f3-7931-dbfa-314bf59ca394,4440,1,2026-04-10 02:56:57.428926,approved,2026-04-11 19:44:49.030953,f89a46b6-7c1c-b426-62f3-8215dc07d6eb,https://proofs.ramcoprinting.example/4440-v1.pdf
42592fbf-6565-ab31-addf-7e6d1659c704,4441,1,2026-04-06 16:26:51.054392,approved,2026-04-08 05:35:40.946863,3c156eb4-18f9-4428-6c5d-64c8c26b19a1,https://proofs.ramcoprinting.example/4441-v1.pdf
b86a7aa5-04d6-6e32-b2d8-59f806fa033b,4442,1,2026-06-14 10:51:37.948740,approved,2026-06-20 10:16:46.012693,59f52611-304b-429a-3991-6cfa1991d51c,https://proofs.ramcoprinting.example/4442-v1.pdf
2d649459-a171-f524-8e8d-bbffb1f1461b,4443,1,2026-05-04 17:00:00.772306,approved,2026-05-05 21:17:44.035715,9a2ad290-88ba-54aa-6f88-b9f37ff3f1c6,https://proofs.ramcoprinting.example/4443-v1.pdf
2f4910d9-5bb9-ede3-b2e5-e0bae51d6a71,4444,1,2025-12-29 13:06:15.910556,approved,2025-12-31 14:34:58.682239,ff084025-060b-5b7b-af58-dc658925bc47,https://proofs.ramcoprinting.example/4444-v1.pdf
c1caf7f5-9cea-9151-fe8f-d76bfac670f0,4445,1,2026-07-15 07:12:35.213391,approved,2026-07-16 13:31:23.000037,a5585089-bfe6-5b07-3d4b-fdbc2c1ebc94,https://proofs.ramcoprinting.example/4445-v1.pdf
21add7a4-1b3a-90cf-9730-bbe163822b4a,4446,1,2026-05-17 11:38:40.128657,approved,2026-05-18 18:20:46.576275,22ea34e6-8e07-f76d-1702-91d1ba5c03b1,https://proofs.ramcoprinting.example/4446-v1.pdf
71f3bbb1-1604-806f-a547-d68cb42b4a6f,4447,1,2026-04-12 13:41:27.789941,approved,2026-04-14 11:23:11.416298,bdc4aacd-c2d2-e133-218b-83894882fb0d,https://proofs.ramcoprinting.example/4447-v1.pdf
d0fd661b-fa79-a37e-4198-c20708a16eaf,4448,1,2026-06-28 03:08:10.486450,approved,2026-06-28 05:43:05.732910,59f52611-304b-429a-3991-6cfa1991d51c,https://proofs.ramcoprinting.example/4448-v1.pdf
1e39f7cf-e171-3848-ec8e-ef4f6163f32f,4449,1,2026-01-29 04:06:15.209163,approved,2026-01-31 00:15:28.016930,34710e36-9dd6-55be-0e49-909910e22277,https://proofs.ramcoprinting.example/4449-v1.pdf
4a9a44a9-e82d-a3ee-164d-a7299eed3133,4450,1,2026-07-30 13:02:01.850938,approved,2026-08-01 02:13:52.953592,f89a46b6-7c1c-b426-62f3-8215dc07d6eb,https://proofs.ramcoprinting.example/4450-v1.pdf
4466ddd5-dce6-9491-a9fa-e754a61b42de,4451,1,2026-04-23 04:53:13.449639,approved,2026-04-26 22:28:39.556641,73800a44-d35e-e29d-51be-01169a00a81a,https://proofs.ramcoprinting.example/4451-v1.pdf
226c4cd3-db27-680a-d3ec-46d296ea282d,4452,1,2025-11-30 15:07:31.442957,approved,2025-12-03 00:04:39.397720,0d06d344-8393-6f82-5dab-a938201166ed,https://proofs.ramcoprinting.example/4452-v1.pdf
6b3c01cb-3a82-7ad4-d1f5-32e932a67e91,4453,1,2025-12-03 23:02:18.639135,approved,2025-12-06 06:30:23.532471,f7cacdb6-53e3-7e1e-8258-7bd45176ac5e,https://proofs.ramcoprinting.example/4453-v1.pdf
f249c51d-a15b-cc59-7cb0-59c98eed47f9,4454,1,2026-05-09 17:42:58.579922,approved,2026-05-11 01:31:41.822714,192aa3f8-38b9-74c1-ade3-9b26d174d57c,https://proofs.ramcoprinting.example/4454-v1.pdf
e2fe0ff4-30d8-c071-3474-5c7e58617ee1,4455,1,2026-04-28 09:04:35.152845,approved,2026-05-02 22:17:03.079757,59f52611-304b-429a-3991-6cfa1991d51c,https://proofs.ramcoprinting.example/4455-v1.pdf
459c11ef-84e7-71b1-ae6b-ac3ae7816d93,4456,1,2026-02-05 20:03:22.609306,approved,2026-02-07 03:29:31.901959,9a2ad290-88ba-54aa-6f88-b9f37ff3f1c6,https://proofs.ramcoprinting.example/4456-v1.pdf
02c26cfe-fb41-b779-b73c-5b965fe00da5,4457,1,2026-03-20 20:47:58.630635,approved,2026-03-21 03:42:32.658884,9a2ad290-88ba-54aa-6f88-b9f37ff3f1c6,https://proofs.ramcoprinting.example/4457-v1.pdf
4458c0b9-cf84-775e-bfa8-59b5e0e0d51c,4458,1,2026-03-03 21:18:32.614685,approved,2026-03-06 16:12:34.447590,99535b49-4cc3-9533-cd19-daf4845bcaf5,https://proofs.ramcoprinting.example/4458-v1.pdf
5ee3f0dd-72f3-9b85-1665-29785fc30ec1,4459,1,2026-04-08 11:40:00.667999,approved,2026-04-11 07:00:12.694796,38979c95-6fbf-b1fe-8679-04df08b6f2fa,https://proofs.ramcoprinting.example/4459-v1.pdf
dcf42c75-1358-e60a-acf6-87f2311dde85,4460,1,2026-07-15 22:14:39.309926,approved,2026-07-17 22:56:50.032927,7fffbc3f-5f0c-749f-fc40-918435e979df,https://proofs.ramcoprinting.example/4460-v1.pdf
0648c15e-5fce-8832-5d92-ab04560c16ee,4461,1,2026-05-12 23:59:12.028823,approved,2026-05-14 20:33:42.975389,7c1a456f-b5d0-f4c5-0590-c936c5d6f55d,https://proofs.ramcoprinting.example/4461-v1.pdf
7f20ef05-9730-b980-568b-5407cae07243,4462,1,2026-03-20 22:53:55.897787,approved,2026-03-23 01:43:13.851840,9afd121d-b7d3-d644-bb60-8bfb6e20ba31,https://proofs.ramcoprinting.example/4462-v1.pdf
0162954f-1e59-f96b-ff0d-60c48d9e64a2,4463,1,2026-07-08 11:40:18.927751,approved,2026-07-13 08:06:40.575253,9afd121d-b7d3-d644-bb60-8bfb6e20ba31,https://proofs.ramcoprinting.example/4463-v1.pdf
2a2967bd-31fa-b14a-1b2d-7d66072dbdc4,4464,1,2026-06-04 07:13:09.293336,approved,2026-06-05 11:46:46.340575,ca320f44-32ef-0807-48a1-028f7a308ec3,https://proofs.ramcoprinting.example/4464-v1.pdf
f55547cf-aae8-c8b9-135c-429d256b52de,4465,1,2026-05-04 02:11:59.006635,approved,2026-05-07 04:22:57.486765,3126df68-f4be-8288-3dd0-d076fadc6c2a,https://proofs.ramcoprinting.example/4465-v1.pdf
2b5d361a-871d-010f-2e2c-788eb975a2b8,4466,1,2026-04-07 14:21:18.970755,approved,2026-04-09 04:15:07.257232,5faee57e-5c1f-e2ff-1a10-8a11189b8a22,https://proofs.ramcoprinting.example/4466-v1.pdf
95c482bb-1363-d52e-e1b6-f2c378223d94,4467,1,2026-02-20 09:32:12.452337,approved,2026-02-21 12:43:58.224336,7ab62628-711f-3b4f-a641-93f0eee77be0,https://proofs.ramcoprinting.example/4467-v1.pdf
f0f52e19-ba7b-5932-8e12-9ea3a0fe7325,4468,1,2026-01-26 15:35:00.319474,approved,2026-01-29 18:19:51.432999,bdc4aacd-c2d2-e133-218b-83894882fb0d,https://proofs.ramcoprinting.example/4468-v1.pdf
3a099aca-219b-7684-e876-ed55ef3008d3,4469,1,2026-07-18 15:36:33.332049,approved,2026-07-23 02:29:17.053670,d0c40128-9bdc-e688-2df3-c8c4f7a62867,https://proofs.ramcoprinting.example/4469-v1.pdf
a0e6d0f7-5f85-6100-067a-e06ea6604c4e,4470,1,2026-03-17 14:18:14.668954,approved,2026-03-17 17:16:29.027228,3abb3fbd-2d3a-0d2c-2152-00d59fca7579,https://proofs.ramcoprinting.example/4470-v1.pdf
d91d1d26-05b2-ce03-1d9f-4164ee35758b,4472,1,2026-01-06 07:08:33.610220,approved,2026-01-07 15:54:20.561738,eb478952-4ede-17a1-2259-372593df4dbe,https://proofs.ramcoprinting.example/4472-v1.pdf
daf31c68-c933-cfe9-0589-1545f6d0c60b,4473,1,2026-01-17 13:06:12.691887,approved,2026-01-20 03:01:40.182513,d52d6b71-af68-8d69-44eb-89baadef9f17,https://proofs.ramcoprinting.example/4473-v1.pdf
becd899a-3fc5-a856-e1b4-ad511c5e4e7a,4474,1,2026-03-17 16:13:48.444508,approved,2026-03-21 04:32:56.983043,a0392073-e830-1303-ef5a-c5c99d4b8fe6,https://proofs.ramcoprinting.example/4474-v1.pdf
06c3c81f-78a2-9e59-046f-1054e2490cc5,4475,1,2025-11-14 14:58:46.088696,approved,2025-11-17 04:28:16.516171,91bc18f7-c9a7-df36-290a-1d75df00ec35,https://proofs.ramcoprinting.example/4475-v1.pdf
80e8eb88-1da8-82f2-2d2b-1cb0779e9a4f,4476,1,2026-02-17 18:45:53.189140,approved,2026-02-19 09:10:06.435966,3abb3fbd-2d3a-0d2c-2152-00d59fca7579,https://proofs.ramcoprinting.example/4476-v1.pdf
5be2316d-fcad-e3d7-b1c6-e975f97c5d94,4477,1,2026-05-25 20:44:37.989644,approved,2026-05-27 06:01:45.243902,16a93772-4fc4-4963-16f2-2f40bba41006,https://proofs.ramcoprinting.example/4477-v1.pdf
1e425c8d-59fd-759c-17c5-28fd3f7cc647,4478,1,2026-03-07 19:40:35.791383,approved,2026-03-09 08:10:53.727854,2ab534a3-f438-f606-437c-af59e745e900,https://proofs.ramcoprinting.example/4478-v1.pdf
86c337de-edbc-144c-8c57-b01c5c9b681f,4479,1,2026-07-15 14:38:33.491096,approved,2026-07-18 00:13:11.721859,4291c571-c4fa-5036-e9bd-38c5528ee0cc,https://proofs.ramcoprinting.example/4479-v1.pdf
6e739a66-a3b0-3fe1-de3e-e0c547a2e34e,4480,1,2026-07-23 08:41:39.642894,approved,2026-07-25 23:21:56.131731,91bc18f7-c9a7-df36-290a-1d75df00ec35,https://proofs.ramcoprinting.example/4480-v1.pdf
c67d3daa-a73b-7e96-7b04-10f6476b5a9a,4481,1,2026-01-17 13:19:52.570809,approved,2026-01-21 17:54:34.803320,97452430-fe70-61a6-3bde-a150ce983640,https://proofs.ramcoprinting.example/4481-v1.pdf
d53f9ae8-3623-0ef2-77ee-89e64814314b,4482,1,2026-04-29 15:26:33.747000,approved,2026-04-30 23:31:29.010055,9a8f2ac9-7612-119e-17ff-390567d27107,https://proofs.ramcoprinting.example/4482-v1.pdf
13bdc8f5-087c-61aa-edb7-75036b985052,4483,1,2026-05-04 07:30:38.126387,approved,2026-05-08 03:20:41.364564,e7611437-9d00-66f8-bc94-cc3aa3e2ad45,https://proofs.ramcoprinting.example/4483-v1.pdf
582f1ffa-2de2-1773-56e1-227422508208,4484,1,2026-05-28 09:51:59.495443,approved,2026-05-29 23:05:40.525808,38979c95-6fbf-b1fe-8679-04df08b6f2fa,https://proofs.ramcoprinting.example/4484-v1.pdf
3c13de19-bd00-a0a3-6963-12e87588505c,4485,1,2026-03-26 06:35:52.989946,approved,2026-03-27 11:27:23.240207,2bf3e9fe-1913-608e-8147-3b4564b45b91,https://proofs.ramcoprinting.example/4485-v1.pdf
2c263e14-80ab-13d4-4f43-7c992e1958fc,4486,1,2026-06-07 07:54:10.547298,approved,2026-06-09 21:54:13.827817,ff084025-060b-5b7b-af58-dc658925bc47,https://proofs.ramcoprinting.example/4486-v1.pdf
2c233124-6793-431f-358b-070985dc7cf2,4487,1,2025-11-30 08:58:05.964966,approved,2025-12-01 15:35:19.154070,e6638300-fc7e-676c-4473-f7d47a2f8940,https://proofs.ramcoprinting.example/4487-v1.pdf
b339e8ae-6477-4e99-e52c-2538ff4f8744,4488,1,2026-02-01 22:53:29.154814,approved,2026-02-08 14:36:45.089329,a589fd34-54a4-a88e-0448-fd72532b7ba8,https://proofs.ramcoprinting.example/4488-v1.pdf
11f83485-9563-5c49-78f7-e46a1df81cad,4489,1,2026-01-21 20:19:12.859325,approved,2026-01-22 22:30:50.159707,c231304b-d8b6-2822-ec28-bd04fed209ea,https://proofs.ramcoprinting.example/4489-v1.pdf
ff206a69-834a-a59f-6f6a-ad2666990840,4490,1,2026-07-28 07:35:39.045496,approved,2026-07-29 19:45:59.806203,3abb3fbd-2d3a-0d2c-2152-00d59fca7579,https://proofs.ramcoprinting.example/4490-v1.pdf
28d79567-e9d2-85a3-54d7-3343cdc3aa71,4491,1,2026-07-04 14:26:55.638606,approved,2026-07-05 21:26:10.022059,f7cacdb6-53e3-7e1e-8258-7bd45176ac5e,https://proofs.ramcoprinting.example/4491-v1.pdf
71876b96-daae-17a5-e8d3-885b9c18e535,4492,1,2026-02-23 12:54:46.047652,approved,2026-02-25 09:46:09.734147,d0c40128-9bdc-e688-2df3-c8c4f7a62867,https://proofs.ramcoprinting.example/4492-v1.pdf
6d787319-af21-3279-58a4-6e240eff8a6e,4493,1,2026-06-10 12:51:50.158783,approved,2026-06-13 10:51:41.125813,0d06d344-8393-6f82-5dab-a938201166ed,https://proofs.ramcoprinting.example/4493-v1.pdf
4ba0af4b-ce6f-4f07-cc29-300293e9d6bc,4494,1,2026-04-11 12:14:38.038155,approved,2026-04-15 09:06:43.248297,63a091fe-c997-65ae-ba4b-57b2cf5f8154,https://proofs.ramcoprinting.example/4494-v1.pdf
608d429d-5745-aa2a-5c1e-7b3e53823fe0,4495,1,2026-07-13 09:03:47.862579,approved,2026-07-15 19:08:54.274092,59944213-0ced-0c48-86a5-240a169f361f,https://proofs.ramcoprinting.example/4495-v1.pdf
3d20c1e0-b997-c772-9db6-0cddfb93d55d,4496,1,2026-04-12 14:36:36.516152,approved,2026-04-14 04:20:20.964892,34710e36-9dd6-55be-0e49-909910e22277,https://proofs.ramcoprinting.example/4496-v1.pdf
f19b8575-a27d-7872-e26b-a173f03c6504,4497,1,2026-02-22 16:48:29.959030,approved,2026-03-01 23:31:54.825836,59f52611-304b-429a-3991-6cfa1991d51c,https://proofs.ramcoprinting.example/4497-v1.pdf
9135a93d-6be4-80f3-3954-29283e414a54,4498,1,2026-02-08 15:53:51.840812,approved,2026-02-09 23:36:05.227718,c231304b-d8b6-2822-ec28-bd04fed209ea,https://proofs.ramcoprinting.example/4498-v1.pdf
2f4c02a9-8c61-c4e1-563c-1dee60c09dda,4499,1,2026-01-25 14:43:04.798525,approved,2026-01-26 22:39:55.390727,9a8f2ac9-7612-119e-17ff-390567d27107,https://proofs.ramcoprinting.example/4499-v1.pdf
04089c64-a2f5-d40e-438b-179188ae4745,4500,1,2025-12-16 13:14:31.600121,approved,2025-12-18 04:51:16.527745,63a091fe-c997-65ae-ba4b-57b2cf5f8154,https://proofs.ramcoprinting.example/4500-v1.pdf
c75de04d-a1c9-da94-178d-775c98ffcece,4501,1,2026-03-05 01:45:13.753639,approved,2026-03-09 13:23:41.116544,36866ca8-142e-0299-26f4-36431c05909b,https://proofs.ramcoprinting.example/4501-v1.pdf
f484d298-e891-2071-978a-95d6078234ce,4502,1,2026-01-22 05:10:29.788647,approved,2026-01-24 01:45:18.180136,f89a46b6-7c1c-b426-62f3-8215dc07d6eb,https://proofs.ramcoprinting.example/4502-v1.pdf
ee23da72-c863-0c17-05ab-af747b6d287c,4503,1,2026-05-04 23:52:40.922608,approved,2026-05-06 13:11:12.088886,36866ca8-142e-0299-26f4-36431c05909b,https://proofs.ramcoprinting.example/4503-v1.pdf
686df312-4913-a207-9f92-5d462f6f9137,4504,1,2026-07-24 16:47:15.858252,approved,2026-07-26 04:51:30.737449,2ab534a3-f438-f606-437c-af59e745e900,https://proofs.ramcoprinting.example/4504-v1.pdf
40960387-5af9-e75f-9f68-6dd25314ade0,4505,1,2026-08-01 08:04:20.332869,approved,2026-08-05 23:05:46.763090,9a8f2ac9-7612-119e-17ff-390567d27107,https://proofs.ramcoprinting.example/4505-v1.pdf
69905eb6-493b-0c76-0cc9-069b5ae2b51e,4506,1,2026-03-12 18:51:18.939972,approved,2026-03-13 02:56:43.978985,2ab534a3-f438-f606-437c-af59e745e900,https://proofs.ramcoprinting.example/4506-v1.pdf
a1415863-e520-6b1c-42cf-2e6cc22b4eac,4507,1,2026-04-28 11:25:37.918015,approved,2026-04-30 14:17:11.915223,59944213-0ced-0c48-86a5-240a169f361f,https://proofs.ramcoprinting.example/4507-v1.pdf
4899fc3a-f100-3c6e-a556-47353d4ef2d0,4508,1,2025-11-30 07:31:16.673591,approved,2025-12-03 17:18:12.738567,eb478952-4ede-17a1-2259-372593df4dbe,https://proofs.ramcoprinting.example/4508-v1.pdf
fe0d5b75-9307-f0bf-0bb5-88c9d92ecec2,4509,1,2026-06-01 07:50:31.093463,approved,2026-06-05 05:38:52.271022,0d06d344-8393-6f82-5dab-a938201166ed,https://proofs.ramcoprinting.example/4509-v1.pdf
60758c94-da46-3688-cd15-3a525c7a1b32,4510,1,2026-05-17 05:11:48.580807,approved,2026-05-19 01:52:52.742494,3abb3fbd-2d3a-0d2c-2152-00d59fca7579,https://proofs.ramcoprinting.example/4510-v1.pdf
637d292d-8dbd-3cac-e31b-3c51785e925e,4511,1,2026-01-29 06:19:21.271117,approved,2026-02-01 16:44:31.668817,2c995d46-5713-ab8f-9d1a-1c594a8a812d,https://proofs.ramcoprinting.example/4511-v1.pdf
91f1a4f3-10c5-0a03-dc03-f193a1fd01ed,4512,1,2026-07-29 08:29:50.959472,approved,2026-07-30 14:09:11.899203,bdc4aacd-c2d2-e133-218b-83894882fb0d,https://proofs.ramcoprinting.example/4512-v1.pdf
4ffcc91a-eea3-c7a3-4d39-8f3f06aabbaa,4513,1,2025-12-23 13:34:15.594481,approved,2025-12-26 00:32:10.684110,3126df68-f4be-8288-3dd0-d076fadc6c2a,https://proofs.ramcoprinting.example/4513-v1.pdf
09df6dec-f0d1-3be4-2293-88536c5c1d49,4514,1,2025-12-19 12:37:42.667218,approved,2025-12-20 19:31:00.727031,3c156eb4-18f9-4428-6c5d-64c8c26b19a1,https://proofs.ramcoprinting.example/4514-v1.pdf
f8473529-0da4-1d68-8603-4b7a7b4937fb,4515,1,2026-07-03 07:21:21.425388,approved,2026-07-03 15:51:19.745467,537fcc50-2254-2faf-eba6-a04bff065500,https://proofs.ramcoprinting.example/4515-v1.pdf
b84e9c79-7363-17e4-a843-e1f9496d1fe2,4516,1,2026-07-20 22:56:04.842159,approved,2026-07-22 12:54:45.080058,4291c571-c4fa-5036-e9bd-38c5528ee0cc,https://proofs.ramcoprinting.example/4516-v1.pdf
8ed4989e-1e5f-cbb7-caac-6c8a888313d4,4517,1,2025-11-15 08:33:49.121665,approved,2025-11-19 09:38:43.569034,7ab62628-711f-3b4f-a641-93f0eee77be0,https://proofs.ramcoprinting.example/4517-v1.pdf
72dbc1d9-691a-401c-0b96-f7da3c540b8d,4518,1,2026-03-10 12:11:03.409797,approved,2026-03-12 14:52:01.299567,a2d67baf-cf49-0368-6246-39b37558304b,https://proofs.ramcoprinting.example/4518-v1.pdf
c614db70-0165-b583-c646-42ce11dbc61d,4519,1,2025-12-27 23:56:58.469798,approved,2025-12-29 18:06:38.248986,a2d67baf-cf49-0368-6246-39b37558304b,https://proofs.ramcoprinting.example/4519-v1.pdf
e588fcdc-58dd-ef8c-337d-7850f44d04cd,4520,1,2025-12-12 11:42:16.330651,approved,2025-12-13 20:58:06.290355,4291c571-c4fa-5036-e9bd-38c5528ee0cc,https://proofs.ramcoprinting.example/4520-v1.pdf
c7bf67ed-3378-a5e7-721f-2d93df47ebcb,4521,1,2025-11-22 21:35:41.844313,approved,2025-11-26 05:08:08.066856,2ab534a3-f438-f606-437c-af59e745e900,https://proofs.ramcoprinting.example/4521-v1.pdf
