conversation_id,tenant_id,started_at,primary_intent,hours_bucket
9f83b514-ae4f-8d06-b554-a3473bdca0ea,safarilink,2026-07-21T17:03:00,destinations,in_hours
c3a02b03-e7aa-4f50-6909-82b67955b24f,safarilink,2026-07-25T18:46:00,check_in,outside_hours
449d8789-1d56-4f82-3a3f-660c409c3a77,safarilink,2026-07-19T14:22:00,baggage,in_hours
38602a9d-aed7-f916-a4f2-32a08d75c663,safarilink,2026-08-01T05:47:00,baggage,outside_hours
c6631d4b-90cc-bc30-e0f9-7988cf3b910c,safarilink,2026-07-24T17:56:00,check_in,in_hours
6fb98b19-cb98-4c68-76eb-edc3cb3c1753,safarilink,2026-08-10T23:49:00,booking_lookup,outside_hours
e230fdb1-7fbb-73bf-86c5-dab474345be8,safarilink,2026-07-24T10:33:00,booking_lookup,in_hours
6b5b209a-f630-5540-85f8-43b3431c2729,safarilink,2026-07-26T12:47:00,charters,in_hours
28537480-a91d-2355-d93e-9a699add234c,safarilink,2026-07-19T15:10:00,schedules,in_hours
9dcef9fe-0d23-4329-d34f-6a50b63787f9,safarilink,2026-08-09T16:28:00,booking_lookup,in_hours
56c19565-69e8-837d-5fe1-fe6e4d543de2,safarilink,2026-07-22T08:24:00,destinations,in_hours
d61c1793-8d9d-8705-8347-5a4bd5a777f9,safarilink,2026-07-17T03:48:00,destinations,outside_hours
f7e4cd9e-9ff7-b746-22ae-8a4743f30562,safarilink,2026-07-15T14:47:00,changes,in_hours
df4081f2-5fe0-ca30-4d2a-4a163c1dde07,safarilink,2026-08-03T02:13:00,schedules,outside_hours
d7f1ce91-eb91-cc4c-15ab-f19aa4ea328f,safarilink,2026-08-09T11:17:00,changes,in_hours
c5e2ba09-3901-7a7f-a20e-31628e08fce0,safarilink,2026-08-07T17:51:00,schedules,in_hours
470b9f92-562b-c83d-0f75-74b39f4c72be,safarilink,2026-07-15T14:27:00,baggage,in_hours
125e92e1-09b2-831c-212e-b4b80e734334,safarilink,2026-07-29T20:46:00,baggage,outside_hours
cedb0959-ad33-84cd-f10c-22d1f0afb335,safarilink,2026-07-31T12:26:00,destinations,in_hours
a1bd6147-1e56-45ca-c61e-c07fcc4ca9db,safarilink,2026-07-23T06:26:00,charters,outside_hours
51d557bc-ac16-036c-cae5-82d8e1cffc42,safarilink,2026-07-30T17:24:00,changes,in_hours
a3769dc9-38a8-5a8f-f585-463122c8508c,safarilink,2026-07-24T19:52:00,baggage,outside_hours
e876fabe-8724-67a1-455b-c35de4a97e44,safarilink,2026-07-27T02:02:00,check_in,outside_hours
598fcc1f-15b7-eacf-5afd-ccf6d3da10e3,safarilink,2026-08-05T16:29:00,booking_lookup,in_hours
e1f08358-bb5b-df36-0541-11a919f88a96,safarilink,2026-07-15T23:21:00,booking_lookup,outside_hours
5d55c8da-d827-c9fb-c60c-aa3a0d33345f,safarilink,2026-07-15T18:54:00,booking_lookup,outside_hours
0828ab3e-449e-ab98-7af3-f3fd20f75ec8,safarilink,2026-08-02T06:36:00,booking_lookup,outside_hours
aac6f6cb-a2cf-6d9c-b3e5-2ec66ef6e1a8,safarilink,2026-07-18T11:27:00,booking_lookup,in_hours
e6bb0d12-8b0c-6bd3-729b-c68573b3b64d,safarilink,2026-07-20T09:06:00,check_in,in_hours
f0bef88d-acd6-6737-891d-9cf86d4726a9,safarilink,2026-07-30T20:53:00,schedules,outside_hours
c6b9e455-16fb-30b2-4948-8e4b24a37bb2,safarilink,2026-07-17T02:48:00,schedules,outside_hours
3acb8ebe-34f4-720e-8970-8bd943e363d4,safarilink,2026-07-16T17:53:00,changes,in_hours
b732a6b7-74e3-8fc5-551c-03e2661e7792,safarilink,2026-07-14T19:23:00,baggage,outside_hours
50fe2853-f5fc-9de8-0146-16e6282a742f,safarilink,2026-07-24T10:31:00,changes,in_hours
1c7990da-1596-67ec-ec42-6e82c8fdc8a6,safarilink,2026-08-06T15:59:00,booking_lookup,in_hours
1961c155-5d2c-bbaf-e00f-4d5ed093f577,safarilink,2026-07-30T11:01:00,baggage,in_hours
994ed0e1-40c1-89e1-0985-4819a9eb000f,safarilink,2026-07-17T13:28:00,baggage,in_hours
3a378d8c-5c09-996f-48a9-0e31f78c360b,safarilink,2026-07-15T02:37:00,check_in,outside_hours
d183cc7e-4bf2-d63d-f43d-4fdd776092e2,safarilink,2026-07-28T17:10:00,booking_lookup,in_hours
d7055b8c-cefd-187a-ae1f-5f9361b74679,safarilink,2026-07-23T00:42:00,changes,outside_hours
bbc790d3-3b95-b882-4686-c496e4712b03,safarilink,2026-07-23T15:36:00,baggage,in_hours
7b694fc5-5cbe-7659-19a1-5abd3fa56dfd,safarilink,2026-07-27T15:59:00,booking_lookup,in_hours
3f1e497d-9218-7de0-4d0c-9761e3e75646,safarilink,2026-08-05T17:17:00,baggage,in_hours
000356fa-6aac-1b8b-5d4b-f979ec580508,safarilink,2026-07-13T17:29:00,schedules,in_hours
55731c8a-a268-b5db-e8c7-4e53cf87a436,safarilink,2026-07-12T13:02:00,check_in,in_hours
c5d1b0ae-95f8-4cbb-9be7-463b8af0930e,safarilink,2026-08-04T17:03:00,booking_lookup,in_hours
ba0827f4-2402-1ae7-4c61-506bb30b0562,safarilink,2026-07-25T08:38:00,charters,in_hours
a6c687ff-754c-d0f3-ff0c-f241d594545a,safarilink,2026-07-30T14:34:00,check_in,in_hours
bca39421-7fc9-d94c-2786-b7767705e0a6,safarilink,2026-07-18T06:30:00,schedules,outside_hours
32d73484-ec90-dce4-08b5-b2921ecb335c,safarilink,2026-07-14T19:29:00,changes,outside_hours
0646ca2d-7ab7-8319-f8b4-ae133f4978b1,safarilink,2026-08-08T11:03:00,charters,in_hours
aaa025f5-2430-ffde-a475-1b9dba6a86e8,safarilink,2026-07-28T17:16:00,baggage,in_hours
57fa8baf-1dac-715b-cc67-638d2b347b99,safarilink,2026-07-19T19:08:00,baggage,outside_hours
dd2925e6-10ae-a0c6-be36-df86dcabb836,safarilink,2026-08-10T10:58:00,schedules,in_hours
be47e494-9b9f-956d-6cdc-e5b8c6ee7089,safarilink,2026-07-13T17:49:00,check_in,in_hours
dcd56352-c5f2-35ca-7300-18257737d0a5,safarilink,2026-07-16T04:09:00,charters,outside_hours
62427128-b493-2511-5908-b530f8e888bf,safarilink,2026-08-04T04:09:00,schedules,outside_hours
9e4b1103-f166-86f9-b571-b5f76f252765,safarilink,2026-08-06T22:29:00,schedules,outside_hours
20b2b286-94bf-2efd-3dd9-00db427a27b4,safarilink,2026-07-21T17:56:00,schedules,in_hours
8df3402d-fa80-204d-8635-98b257e1a82b,safarilink,2026-07-25T16:08:00,schedules,in_hours
8c1f569e-fec5-d6f9-a23c-ccb74865df2a,safarilink,2026-07-19T06:25:00,schedules,outside_hours
bb5ab96a-e3f8-f00f-b7b2-923459a7a682,safarilink,2026-08-07T15:12:00,baggage,in_hours
bf42c68b-227a-4246-49b0-a60573a8a8f6,safarilink,2026-07-12T16:24:00,check_in,in_hours
986586c1-136b-f284-c08d-74081f01a2aa,safarilink,2026-08-02T14:52:00,baggage,in_hours
1e5aec93-e71b-c208-8de9-b6221e8656a6,safarilink,2026-08-06T16:56:00,baggage,in_hours
056303ad-58f9-8da2-40c3-f2b6a8e6a1f9,safarilink,2026-07-25T07:58:00,schedules,outside_hours
7909127a-8674-5f01-be2e-e9386b25cdf2,safarilink,2026-08-07T21:53:00,check_in,outside_hours
9734a7e3-b13c-7b93-4c54-4c848b0f975d,safarilink,2026-07-25T02:32:00,baggage,outside_hours
4dda4113-c79f-9574-61c7-9f0ff1d08909,safarilink,2026-07-22T19:48:00,booking_lookup,outside_hours
ad6ad960-08ff-7f91-76c4-a847e455ec04,safarilink,2026-08-02T09:41:00,schedules,in_hours
5d6a4a1d-fba7-28b9-f832-9dba5097cb6a,safarilink,2026-08-04T00:13:00,baggage,outside_hours
e0c1ad4e-a5ed-48a9-5561-66d51d4ef7c8,safarilink,2026-08-01T08:21:00,check_in,in_hours
cd0a636d-f6af-055c-5f5a-10c5cb3ee398,safarilink,2026-07-14T17:21:00,baggage,in_hours
1d3d681c-994d-ebea-b34f-1a8a8a961103,safarilink,2026-07-16T06:26:00,baggage,outside_hours
0cff91e0-e025-70cc-6494-7e65cc10f232,safarilink,2026-07-16T16:44:00,booking_lookup,in_hours
dd69c40a-de26-6cac-8f78-8576addb61ef,safarilink,2026-08-05T07:42:00,frequent_flyer,outside_hours
5d9d0173-6704-416c-c31c-856afc6d0214,safarilink,2026-07-29T09:33:00,charters,in_hours
52c8d741-7524-53c7-7125-1eb790f23d05,safarilink,2026-07-16T20:28:00,booking_lookup,outside_hours
0949b25b-d456-5f9b-d20f-0d847d8cb345,safarilink,2026-08-03T17:36:00,check_in,in_hours
1995a5fd-967e-be4a-5394-333c723ebdf7,safarilink,2026-07-12T02:00:00,check_in,outside_hours
954441cc-bb41-0ccf-59c5-ef6cf808ce13,safarilink,2026-07-23T08:27:00,baggage,in_hours
6a4b8b07-65bf-04c0-35a4-335e9e04fe5d,safarilink,2026-07-26T15:24:00,booking_lookup,in_hours
4ceee06f-e08f-e60b-2d8a-ef241fffd357,safarilink,2026-08-04T11:34:00,schedules,in_hours
8648cb31-f67e-f904-7a59-b9579f68e0fa,safarilink,2026-08-06T17:51:00,changes,in_hours
5517e208-b6da-834c-0c72-8e4523c0de28,safarilink,2026-07-23T10:33:00,baggage,in_hours
70f2ee18-82ad-adec-c769-6edf0c92be1e,safarilink,2026-08-06T13:55:00,booking_lookup,in_hours
f4e696c8-d9b9-28fe-05bf-a039d788110a,safarilink,2026-07-23T16:08:00,charters,in_hours
f9137b05-586a-7d45-b609-c29913ef2e1d,safarilink,2026-07-15T03:26:00,booking_lookup,outside_hours
a11e848f-8836-ec3c-06ff-ed3216eb480e,safarilink,2026-08-05T14:48:00,booking_lookup,in_hours
ebf4599b-ce46-0005-3ccd-1689649581d2,safarilink,2026-07-24T08:38:00,charters,in_hours
26005a2a-69c5-4591-2fca-bef436b3ac6e,safarilink,2026-07-23T14:06:00,frequent_flyer,in_hours
90a71489-ddf0-4cf1-7996-33172ceb2402,safarilink,2026-08-02T16:05:00,other,in_hours
c4294ac5-4669-307f-21fb-80927b43e37f,safarilink,2026-07-26T08:02:00,booking_lookup,in_hours
3c615e73-3690-45e3-b9d6-6676393d7871,safarilink,2026-07-20T11:29:00,check_in,in_hours
023735d1-4d61-cc01-0d6f-520c0a04e251,safarilink,2026-07-14T12:55:00,booking_lookup,in_hours
1f5ff5c6-08a7-81ad-a894-36e5da81886c,safarilink,2026-07-13T02:23:00,schedules,outside_hours
8ec53e76-ae8e-d252-6cde-0dc8ec0b54d2,safarilink,2026-08-02T17:22:00,booking_lookup,in_hours
98568f7c-efbf-fa03-af67-996dd08dc160,safarilink,2026-08-02T16:33:00,charters,in_hours
83705193-dd16-e853-d9b1-54ab26b71933,safarilink,2026-08-10T12:05:00,schedules,in_hours
efbc509a-bc0a-6415-f839-327497d6c497,safarilink,2026-07-20T02:48:00,charters,outside_hours
51bdbd6c-2796-004f-1b47-5deac6f0e924,safarilink,2026-07-20T06:44:00,check_in,outside_hours
0739aab4-caad-bd3a-7e09-22e397a70859,safarilink,2026-08-07T14:12:00,booking_lookup,in_hours
96c0385e-9a10-6f98-90ac-b59e8665ec14,safarilink,2026-07-25T15:16:00,charters,in_hours
c40680ff-2005-2cae-51ac-c63b06ebf099,safarilink,2026-07-14T11:01:00,schedules,in_hours
deea7ff5-272c-6f56-12d2-51095b6feb79,safarilink,2026-07-16T15:27:00,baggage,in_hours
8b91e2f6-259f-017e-4870-1356b7f1b048,safarilink,2026-07-23T12:29:00,schedules,in_hours
60554609-a56b-b413-27c4-ed7a845ba0c8,safarilink,2026-07-26T17:14:00,schedules,in_hours
da3275a9-e222-7120-2ca4-8d2c3028975f,safarilink,2026-07-26T13:23:00,check_in,in_hours
58915f93-ff9e-8c1a-2709-0065cda7980c,safarilink,2026-08-04T13:40:00,baggage,in_hours
43f03e38-eefb-434d-b220-072bd921cfbd,safarilink,2026-08-06T00:04:00,charters,outside_hours
c54ec72f-5c48-dec4-1b59-097908280e56,safarilink,2026-07-24T11:41:00,booking_lookup,in_hours
3ec6a28a-7ce5-ed5b-5b04-204bb27224ce,safarilink,2026-08-03T19:28:00,check_in,outside_hours
dcec727d-e0cd-3387-b9e0-d2c9e03401a5,safarilink,2026-07-16T08:29:00,baggage,in_hours
f4af3f53-a3a8-ee28-0434-7ad95b61a70f,safarilink,2026-07-20T03:15:00,check_in,outside_hours
f6134630-0c82-1394-7d13-f8e0ede7c57c,safarilink,2026-08-10T20:05:00,baggage,outside_hours
7d7533c7-42af-0a1c-0f16-0691ae9f99df,safarilink,2026-08-10T15:24:00,schedules,in_hours
4f403fe0-1b07-3a12-d7d6-75a8d7e18c4c,safarilink,2026-08-07T13:47:00,baggage,in_hours
fd30bdf5-0e56-76f4-3615-9b44f6257312,safarilink,2026-07-19T04:55:00,baggage,outside_hours
8ba18cca-53b9-474c-99d2-0f7b2462f37c,safarilink,2026-07-20T17:17:00,schedules,in_hours
48c18807-2217-ffc6-ec2f-93b96d921e60,safarilink,2026-07-12T07:29:00,schedules,outside_hours
4071dff2-9110-6aec-b7b4-352f7df6e259,safarilink,2026-07-30T17:22:00,schedules,in_hours
91d23240-a595-3e8d-d72b-7003c6508f69,safarilink,2026-07-23T03:04:00,charters,outside_hours
32b300b7-e803-21e4-3f75-0d906d67690c,safarilink,2026-07-19T18:58:00,schedules,outside_hours
91eba312-69e0-fd20-7c55-1b44f29c0f3c,safarilink,2026-08-01T21:07:00,schedules,outside_hours
4d622d9b-960f-eeff-4db8-7a124ec663fe,safarilink,2026-07-13T12:11:00,schedules,in_hours
510d7a50-3d32-fba0-5e76-13e110354f4f,safarilink,2026-07-26T17:49:00,baggage,in_hours
defeed36-90a2-3943-54fc-9265011cb985,safarilink,2026-07-21T08:52:00,baggage,in_hours
2a2af528-90a7-b207-f36a-f80bcb1d2a6b,safarilink,2026-07-23T14:05:00,booking_lookup,in_hours
f21bdb74-f45e-c14c-0a1f-958b95b786d5,safarilink,2026-07-24T13:14:00,booking_lookup,in_hours
20631e8b-e936-6282-cd97-f53b56b778d1,safarilink,2026-08-07T13:42:00,booking_lookup,in_hours
036f0f63-efa3-20cd-21f0-bd10cca0d183,safarilink,2026-08-06T16:42:00,baggage,in_hours
aab9645c-207c-5251-bfd2-03a8f3088ab0,safarilink,2026-07-21T21:31:00,schedules,outside_hours
ae743922-406a-6a90-f45f-d0228a2f64ff,safarilink,2026-08-04T23:37:00,baggage,outside_hours
70e0dc0d-5b2e-4ffc-b9c1-53b11756a2a8,safarilink,2026-08-01T23:40:00,check_in,outside_hours
b5497d73-4ef8-c82d-c1b5-a8570e960bdf,safarilink,2026-07-17T09:15:00,changes,in_hours
f1b8941b-5409-29fd-bfb5-808de54aa582,safarilink,2026-07-13T17:07:00,baggage,in_hours
ea9b33d8-1a37-f088-805b-3f96e4ba7775,safarilink,2026-07-20T11:07:00,destinations,in_hours
e4b3bf52-1640-9411-e12e-fbd05a89ae5d,safarilink,2026-07-21T03:21:00,booking_lookup,outside_hours
3f812326-9406-454b-44d4-75443112b66c,safarilink,2026-07-14T04:25:00,check_in,outside_hours
814ded41-e36d-ad7c-4d01-d4f5ffc0fbe3,safarilink,2026-08-10T16:03:00,changes,in_hours
0d4ae894-83e4-9777-ebef-6ec61bb56ebb,safarilink,2026-07-23T15:27:00,baggage,in_hours
1e37dbb4-86d5-d50d-1a40-fdcdc89c54b6,safarilink,2026-07-28T11:13:00,baggage,in_hours
489a94f9-5b28-58e3-46fe-dc591be44ba4,safarilink,2026-08-02T18:07:00,baggage,outside_hours
76270c40-fb59-924b-45ae-5a5f6f82f948,safarilink,2026-08-06T13:31:00,booking_lookup,in_hours
f24ce574-e225-7073-bee2-cb3955319c97,safarilink,2026-07-28T00:42:00,baggage,outside_hours
8617faf8-643e-6189-c8a6-1819795915d0,safarilink,2026-07-28T02:01:00,changes,outside_hours
38de1242-e00f-6212-eeb9-fd9dbb49a3cb,safarilink,2026-07-26T16:59:00,other,in_hours
d28011fc-de2a-65b8-4b00-b29f056325c4,safarilink,2026-07-15T13:47:00,changes,in_hours
d450f6e1-552c-092c-e46d-81db5a8783ff,safarilink,2026-08-03T15:30:00,schedules,in_hours
f9df8417-0c5d-6b87-b142-c578acddc885,safarilink,2026-08-03T09:07:00,baggage,in_hours
d5513a8f-534d-e097-55b7-0ebe30dd2d97,safarilink,2026-07-15T09:48:00,booking_lookup,in_hours
f62a8e0a-dca5-c4dc-ade9-22c4c61e48ee,safarilink,2026-07-21T06:43:00,check_in,outside_hours
5789867f-3ded-040e-1ca2-baae4e613d9e,safarilink,2026-07-26T15:46:00,check_in,in_hours
17193f6e-4c51-6c1a-84d3-31998b14c3ee,safarilink,2026-07-26T07:42:00,charters,outside_hours
fbba228b-ad84-4d81-1bb3-d95feea74717,safarilink,2026-07-18T18:53:00,baggage,outside_hours
0d27c7bb-fb7e-6397-e2e3-70f3c9ba4fae,safarilink,2026-07-15T15:32:00,booking_lookup,in_hours
0a53f586-9eca-a3cc-59cb-caf4cd27b9b7,safarilink,2026-07-31T01:50:00,schedules,outside_hours
5b916f36-346a-303b-e9bd-ed014a659ee0,safarilink,2026-07-12T01:32:00,baggage,outside_hours
7459e4cf-7b11-d729-f39f-d2546371ab6b,safarilink,2026-08-08T22:01:00,other,outside_hours
c1d1bcd3-fdc6-2be7-ec69-e1995fc60567,safarilink,2026-07-28T08:39:00,baggage,in_hours
1099006b-404d-3fe9-9bc0-074273b23b9a,safarilink,2026-07-21T16:00:00,booking_lookup,in_hours
006af70d-ef8d-86de-280b-3bf3e1bcf176,safarilink,2026-07-15T08:19:00,baggage,in_hours
8f1cc46c-f8e1-e7d7-de0e-8f7d6a3b4dbf,safarilink,2026-08-01T16:36:00,booking_lookup,in_hours
6f57f370-9fc9-9785-d3be-2d5865945a08,safarilink,2026-07-29T23:51:00,frequent_flyer,outside_hours
3ebf9f1d-6deb-15cb-cda1-ba212cc75ace,safarilink,2026-07-26T12:58:00,destinations,in_hours
89273957-5847-737c-de5b-fd802dba6ff1,safarilink,2026-08-01T12:33:00,booking_lookup,in_hours
c7925a86-1993-2a7a-18d3-433632e9891a,safarilink,2026-08-03T16:03:00,schedules,in_hours
61b3904e-663c-9e0d-cdf9-484a505b387c,safarilink,2026-07-21T08:36:00,booking_lookup,in_hours
13691871-19ce-6863-660b-704cf21e20c5,safarilink,2026-07-30T07:01:00,schedules,outside_hours
2702726c-ed4b-0ccb-19bb-c9a0c04d57e7,safarilink,2026-08-03T07:19:00,booking_lookup,outside_hours
7af2421b-c9d4-bf3d-62dd-3f0773b8f9de,safarilink,2026-08-10T14:15:00,booking_lookup,in_hours
c13c53ed-493d-2145-ffad-70ef989aa6fc,safarilink,2026-08-09T08:37:00,changes,in_hours
872e957f-9648-78a4-f21a-d99dd6b5d0eb,safarilink,2026-07-16T08:18:00,schedules,in_hours
21e34c1f-0394-b4f5-d558-e7ddab2676c3,safarilink,2026-08-08T08:58:00,booking_lookup,in_hours
c9bd9941-74df-e2af-7233-ce34c42afae7,safarilink,2026-07-22T02:26:00,check_in,outside_hours
6ee7546c-5c03-21fc-53b8-05dd4c457e22,safarilink,2026-08-02T02:45:00,other,outside_hours
e434188c-1b65-4dc0-70dc-f0414130df46,safarilink,2026-08-06T14:17:00,charters,in_hours
e6cbe940-7532-0704-aa96-64e7b97add38,safarilink,2026-07-15T17:00:00,baggage,in_hours
694696e9-3a89-284b-6a4f-ccf61ecbdeca,safarilink,2026-08-04T16:59:00,changes,in_hours
a1b3743d-e35d-1414-e1a4-c526fabcbf27,safarilink,2026-07-27T15:55:00,booking_lookup,in_hours
82359269-06c8-0fc8-d0c5-77bb6359510a,safarilink,2026-08-09T12:55:00,baggage,in_hours
ac45cea6-648c-fdad-43aa-948b61180bbb,safarilink,2026-08-01T08:50:00,baggage,in_hours
ab81499c-2136-335a-392e-34c76dbf2ce9,safarilink,2026-08-04T12:37:00,baggage,in_hours
ce01b2f6-3e8c-5826-bede-48b6d4580d9e,safarilink,2026-07-15T13:36:00,schedules,in_hours
303b6c00-377c-c011-91df-dd2de8ee395c,safarilink,2026-08-10T16:09:00,charters,in_hours
b7171169-12f9-c242-7847-56ea9404293a,safarilink,2026-08-07T01:16:00,booking_lookup,outside_hours
54714d3c-74a9-c2b4-8f81-329577e98b1a,safarilink,2026-08-06T11:20:00,baggage,in_hours
9683c396-36d7-b8b7-be2f-b113ea0776d9,safarilink,2026-07-12T14:42:00,schedules,in_hours
efdb6f7b-9c85-7741-48ce-2498c21c752a,safarilink,2026-07-19T02:21:00,baggage,outside_hours
d385a6e2-be3b-f0ab-9366-fd5ce24ed9f1,safarilink,2026-07-16T14:39:00,baggage,in_hours
1526a7b2-7f64-cd8e-51e3-84467dea3726,safarilink,2026-08-06T10:38:00,destinations,in_hours
c3fcbeae-740b-1c3e-38ed-a6fe6c6688ab,safarilink,2026-07-24T06:37:00,baggage,outside_hours
d411b244-350d-d341-1b72-a017a7d17ad7,safarilink,2026-08-07T14:03:00,other,in_hours
6555ac36-fa29-ffd4-a13b-10061f1fb858,safarilink,2026-07-20T23:00:00,baggage,outside_hours
f3e7c861-7f6d-d8a0-14ad-317a1aab2fd8,safarilink,2026-07-29T15:02:00,booking_lookup,in_hours
6abdc49a-8d72-eaf9-b363-aeef40791b14,safarilink,2026-08-07T22:30:00,destinations,outside_hours
d82f9cec-971b-6a88-e5c9-705012778606,safarilink,2026-07-28T19:27:00,baggage,outside_hours
cd7514a6-db6f-3419-9935-d0e5bfb2ae5d,safarilink,2026-08-01T16:40:00,baggage,in_hours
75b5ba7b-3d53-9cd2-061b-26080775d54c,safarilink,2026-08-09T17:58:00,schedules,in_hours
7a9c4b79-9825-504f-0306-d56d39afb650,safarilink,2026-08-02T11:03:00,booking_lookup,in_hours
f357daad-777b-7b4b-69f8-961ad2b5b9f3,safarilink,2026-07-26T17:43:00,baggage,in_hours
f88449fc-7802-aca3-43aa-2bbc51a858d0,safarilink,2026-07-13T10:46:00,destinations,in_hours
6f01e5cd-b402-e2d5-eec0-4f69ec4adda5,safarilink,2026-07-28T05:33:00,booking_lookup,outside_hours
cc679d1c-488c-7b67-0f74-4db3204e762a,safarilink,2026-07-28T03:34:00,baggage,outside_hours
0707b421-3ca7-0373-0480-c0a98cefd6b4,safarilink,2026-07-18T09:32:00,schedules,in_hours
e39b16dd-2e6b-df32-312b-6898047319b4,safarilink,2026-08-01T11:11:00,schedules,in_hours
915567b5-ad99-8e42-18a1-73435f99f832,safarilink,2026-07-18T07:26:00,baggage,outside_hours
b0b83a71-7cbd-b4ae-39cd-e3a94da709e7,safarilink,2026-07-24T14:56:00,other,in_hours
87765330-a08c-f2ca-a014-710d110fff36,safarilink,2026-08-05T18:47:00,baggage,outside_hours
944145bd-6dcf-e9ae-2d87-f6a506ce6dc6,safarilink,2026-07-20T14:38:00,check_in,in_hours
9af66169-528c-c4df-3e0d-da362163713b,safarilink,2026-07-12T19:23:00,booking_lookup,outside_hours
f6eab0c2-5748-0542-8f1f-34a144c83d4e,safarilink,2026-07-25T06:07:00,baggage,outside_hours
a52bb195-5dee-1d16-7526-a3142702d66b,safarilink,2026-07-27T07:49:00,baggage,outside_hours
48552e04-8336-4e1d-ef83-ef63c9719b65,safarilink,2026-08-07T23:42:00,schedules,outside_hours
76137cdc-0d06-3ff7-6418-6143e291d8df,safarilink,2026-07-24T00:31:00,baggage,outside_hours
4a1c1bee-a87b-d155-75b6-1c8e89d351e3,safarilink,2026-08-05T04:42:00,schedules,outside_hours
36676742-b3d1-4cd5-bce6-aae1f88a4468,safarilink,2026-08-03T10:43:00,baggage,in_hours
7a0e35e6-6b8f-48d8-1dce-6f085d6c8abc,safarilink,2026-07-19T14:16:00,check_in,in_hours
886c29e0-757c-d456-0415-fe30a63c66b8,safarilink,2026-07-21T05:23:00,baggage,outside_hours
c14fb9ac-b5bd-738a-fa5c-2b31940b5453,safarilink,2026-07-19T16:11:00,booking_lookup,in_hours
dd55d323-8e43-c36a-62aa-561fd284b827,safarilink,2026-08-08T10:44:00,charters,in_hours
8619bf4b-ae80-094b-fa04-2de4505d7152,safarilink,2026-07-25T05:50:00,schedules,outside_hours
02cc0035-0383-dd42-cc7c-6ba50991e332,safarilink,2026-07-31T03:16:00,check_in,outside_hours
698b8985-4f05-4dcf-e2c0-e3abcced248b,safarilink,2026-07-16T19:44:00,changes,outside_hours
a90f82f3-6eff-0558-0a59-dd85852c83c4,safarilink,2026-08-03T15:25:00,changes,in_hours
81c09728-9215-d5e1-dce0-fe94ebf1ee89,safarilink,2026-07-28T20:54:00,baggage,outside_hours
c301d2cc-6bfe-3732-f79b-c5b3ce4fc1ff,safarilink,2026-07-29T08:18:00,destinations,in_hours
63c1beb3-b15a-0b23-0180-b68b2698f33c,safarilink,2026-08-01T18:41:00,booking_lookup,outside_hours
bec9ddcd-746e-269f-681b-2b1be91f2a5d,safarilink,2026-07-29T01:23:00,baggage,outside_hours
756da14f-c87c-ddaf-6e03-78189980973f,safarilink,2026-08-02T16:09:00,schedules,in_hours
b02e15da-f0f7-2a53-fbd8-c6817508ba76,safarilink,2026-07-26T01:25:00,schedules,outside_hours
8b095d70-e540-8432-a0e1-3a76ec150e4a,safarilink,2026-08-09T04:30:00,baggage,outside_hours
3e2c8ef1-4809-ca9b-b1f9-136f6c618284,safarilink,2026-07-20T07:26:00,booking_lookup,outside_hours
7cc1399d-70be-3b13-add0-cefd32c9d2bc,safarilink,2026-07-22T05:42:00,schedules,outside_hours
1f569d61-e58a-40a3-bbaa-90139528e39d,safarilink,2026-08-09T22:57:00,baggage,outside_hours
58172a8a-c55c-d95c-22f6-59b137fc4af1,safarilink,2026-07-28T04:57:00,schedules,outside_hours
e22b2082-fdca-5e3a-aad8-d60e2175ec2e,safarilink,2026-07-19T22:40:00,charters,outside_hours
48e2a9f8-61df-7919-0043-53ba48d4f22a,safarilink,2026-07-31T11:30:00,frequent_flyer,in_hours
8a54a01d-8619-a743-6682-04f3af5c7422,safarilink,2026-07-18T10:23:00,check_in,in_hours
fe924bba-d198-7b43-e961-bf02912d536a,safarilink,2026-07-31T08:27:00,schedules,in_hours
c37e6559-cec4-1f2d-ab8d-72f68937df8d,safarilink,2026-07-30T05:12:00,check_in,outside_hours
5f5e76f7-58e0-c6f8-4104-342384b03915,safarilink,2026-08-06T20:32:00,check_in,outside_hours
b1e2c29a-84b5-3abe-18a6-9b3f63da517f,safarilink,2026-08-09T23:54:00,booking_lookup,outside_hours
1cc9c3c6-ccbd-552b-61e9-b162fb2fe708,safarilink,2026-07-27T12:47:00,check_in,in_hours
08145f4b-da62-a7c8-04aa-4edcdb9761a3,safarilink,2026-07-31T16:30:00,baggage,in_hours
e7fed85a-e65e-1e5a-1077-290e9216aeec,safarilink,2026-07-19T17:54:00,baggage,in_hours
4b220abd-cc46-4c5b-5488-2dde296f6171,safarilink,2026-07-14T03:10:00,baggage,outside_hours
7fecbb52-ec4d-042a-932d-baa368ab5c72,safarilink,2026-08-07T16:36:00,schedules,in_hours
92459495-eb74-8b78-723b-2369c99730ca,safarilink,2026-07-28T10:21:00,schedules,in_hours
0c7c63df-1551-49ba-8da6-6d39e8a914d1,safarilink,2026-07-26T06:35:00,schedules,outside_hours
32aa1d0d-501a-fada-4862-d3460c11ee57,safarilink,2026-07-31T11:26:00,check_in,in_hours
14cf5087-5000-1f56-ce23-7a82e4fa7a1a,safarilink,2026-07-25T16:00:00,check_in,in_hours
3d07e4ab-c506-877e-23a8-3acbebffc896,safarilink,2026-07-21T22:18:00,destinations,outside_hours
b709c703-6844-b04e-d6ae-62be42f9ec15,safarilink,2026-08-10T08:42:00,schedules,in_hours
56d33657-2bd8-4aac-d4ad-a9cf6290d847,safarilink,2026-07-20T14:24:00,charters,in_hours
34804198-69b5-e512-b889-e039d79ae0dc,safarilink,2026-08-06T04:22:00,charters,outside_hours
bf711bad-e8df-8d1e-ded0-66ede5af2e73,safarilink,2026-08-04T11:16:00,baggage,in_hours
34eadfca-2684-3713-a877-62ad04eb8186,safarilink,2026-08-05T11:00:00,baggage,in_hours
f1b72d6e-1c77-5397-b758-c9c0e52e467a,safarilink,2026-07-25T16:13:00,destinations,in_hours
91c9b772-2d98-98bb-541b-5dc46cfe1e81,safarilink,2026-07-13T15:35:00,schedules,in_hours
7561a8cc-7688-e992-908f-1882e5ec15a0,safarilink,2026-08-10T14:40:00,booking_lookup,in_hours
8c13c2a9-d979-7715-5024-b75f1a82af1a,safarilink,2026-07-17T20:02:00,charters,outside_hours
4ba504a5-8516-b86a-bb3b-c9a2ad81ce7a,safarilink,2026-07-31T11:53:00,changes,in_hours
d3f3bea2-db33-e73a-cd00-5f92dd8b12f8,safarilink,2026-08-03T17:00:00,charters,in_hours
42a3643c-305e-abaf-c6b9-adcb803c292e,safarilink,2026-07-18T01:15:00,destinations,outside_hours
d4ca06a5-7793-1251-ec87-50d04ba213a5,safarilink,2026-07-27T14:11:00,baggage,in_hours
8ad93cdb-87c8-4a16-b31f-0012d557201c,safarilink,2026-07-21T00:10:00,booking_lookup,outside_hours
9cc91043-5ef8-7085-4bd0-4dd7caae1df2,safarilink,2026-07-28T19:31:00,baggage,outside_hours
162e2f39-0dd5-8856-3423-e86e6a833fb1,safarilink,2026-08-06T15:55:00,destinations,in_hours
b2813ac3-a969-9920-0d6c-daeff3cec30c,safarilink,2026-07-14T09:49:00,destinations,in_hours
0b6721d1-9f8a-3c5f-95bc-f0ae8993d024,safarilink,2026-07-12T06:11:00,other,outside_hours
92d95dd4-8282-807a-5577-256c489c8e32,safarilink,2026-08-01T03:27:00,booking_lookup,outside_hours
78105df7-2ad9-34a2-30cb-6827d1bcfbbd,safarilink,2026-07-12T09:10:00,check_in,in_hours
be942e1f-1ddd-de4f-b932-09495378c370,safarilink,2026-07-19T08:30:00,changes,in_hours
7effc8cc-8882-af55-aec0-d6c06917e973,safarilink,2026-07-26T06:22:00,baggage,outside_hours
5b77c72d-0421-b1b3-eb43-44334a362512,safarilink,2026-07-30T09:10:00,booking_lookup,in_hours
45677dd0-67ec-0d11-06e7-2d3f2099aa09,safarilink,2026-07-26T12:01:00,schedules,in_hours
6731ebda-8fda-a7df-754b-fbeed16f0ebf,safarilink,2026-07-22T18:16:00,baggage,outside_hours
a82e00ad-8a05-e5e5-d5c8-7b0aedd5ce22,safarilink,2026-08-04T19:02:00,booking_lookup,outside_hours
bb9d3d1b-5808-85ff-e1bc-91bdb22f26fc,safarilink,2026-07-12T15:05:00,baggage,in_hours
c46476b6-2238-0c5a-7af1-f5e4de5ef860,safarilink,2026-07-19T10:56:00,baggage,in_hours
0bbee403-2a21-dd7f-18ab-996a37513a00,safarilink,2026-07-15T06:15:00,charters,outside_hours
e860f5a3-f604-efed-61b9-ef3db3684b3b,safarilink,2026-07-19T19:57:00,check_in,outside_hours
7bc328d8-b315-c904-e201-9e6b4ab42ea4,safarilink,2026-07-29T14:29:00,baggage,in_hours
d2210987-7884-9ead-a1fd-ce6f8f60c96f,safarilink,2026-08-06T14:06:00,check_in,in_hours
8a35f723-c5fa-e9c8-021d-8ec6249c3059,safarilink,2026-08-03T12:28:00,baggage,in_hours
77390be0-2b67-b483-6ba1-3b856ed57f70,safarilink,2026-07-13T20:26:00,baggage,outside_hours
c99de29d-dbfb-3bdc-5cdb-b89c733eb411,safarilink,2026-07-26T17:53:00,frequent_flyer,in_hours
fc7740af-e066-e185-38a4-27cb02d59691,safarilink,2026-08-04T20:25:00,booking_lookup,outside_hours
8b49b710-92af-b44d-ee41-0e5586c0ac6e,safarilink,2026-08-01T21:44:00,check_in,outside_hours
3c647992-76ac-927d-ba8f-6ef7d40bb87d,safarilink,2026-07-27T15:45:00,destinations,in_hours
c1958a5f-9258-da34-d9d9-001a0d0f36e4,safarilink,2026-08-05T08:14:00,check_in,in_hours
b3b1cc38-bb5c-0f8c-06f0-aa420d69e5cd,safarilink,2026-07-27T08:51:00,frequent_flyer,in_hours
326a3a00-0e9d-aa01-b1e0-d515b1b8e624,safarilink,2026-08-08T14:16:00,baggage,in_hours
fe1dce4e-6591-5979-4230-a9fcc185ab3c,safarilink,2026-07-12T16:09:00,booking_lookup,in_hours
b9ac6f5a-4af3-9a61-d6e0-af8e9b550da3,safarilink,2026-07-14T16:55:00,baggage,in_hours
6739b3f2-2cc7-6cbd-e6e5-d12e2f8003eb,safarilink,2026-07-19T14:24:00,charters,in_hours
8c863e43-0289-1762-92a1-07438ceded8a,safarilink,2026-08-06T12:38:00,baggage,in_hours
7604f2af-118f-0450-3d24-55d2f3ea8b86,safarilink,2026-07-23T17:00:00,frequent_flyer,in_hours
876e864e-dee5-a65f-0310-303c5234a6e9,safarilink,2026-07-17T08:09:00,destinations,in_hours
9a7d1b65-1e1a-49b0-f827-94ebe9ec0cb4,safarilink,2026-07-18T06:09:00,destinations,outside_hours
ff25a530-7f13-dc94-f328-de07b022f38f,safarilink,2026-08-07T11:29:00,booking_lookup,in_hours
7d4d20f1-7f64-80dd-9660-2ce884fe4445,safarilink,2026-08-04T15:54:00,other,in_hours
a9ed98a7-f425-67c3-82b2-d54d458f4a86,safarilink,2026-07-19T06:50:00,check_in,outside_hours
84397973-2a7b-011e-5c59-d9405d223522,safarilink,2026-07-31T17:45:00,charters,in_hours
636c9ed3-a90f-c559-d7dd-2a7e245da9b5,safarilink,2026-07-31T17:00:00,check_in,in_hours
295d107d-c806-51b0-99a0-eb1665a7af6f,safarilink,2026-08-04T11:17:00,baggage,in_hours
585419d4-c143-33bc-65be-69b12a4c11a6,safarilink,2026-07-13T23:18:00,charters,outside_hours
4472dba9-21d5-b632-9375-c1e6bf6777ab,safarilink,2026-07-25T05:46:00,check_in,outside_hours
20304fd6-0b29-97c4-d1b2-b37d0685964e,safarilink,2026-08-10T20:42:00,destinations,outside_hours
fa0ff081-f85e-2385-aa4f-214d09a960ce,safarilink,2026-08-05T02:40:00,charters,outside_hours
0ba92d92-36af-14b9-5292-2d012461b03d,safarilink,2026-08-08T17:39:00,destinations,in_hours
abf35231-aeb3-b093-cd7f-7eca1e43aa65,safarilink,2026-08-01T08:05:00,schedules,in_hours
9decad9f-0e60-3fe4-74b4-3941557945bf,safarilink,2026-07-24T20:32:00,booking_lookup,outside_hours
3a4483e7-dfe5-43ef-9017-e88b4b16f398,safarilink,2026-07-17T12:42:00,booking_lookup,in_hours
90a1e9ee-32d9-e7cd-1487-e7837f2ca82a,safarilink,2026-07-14T01:34:00,booking_lookup,outside_hours
98d41089-f30e-e31e-7cc0-1e172a7932f3,safarilink,2026-07-19T19:21:00,schedules,outside_hours
275c5dc7-a017-af1a-2473-4fd07dbb54c2,safarilink,2026-07-30T10:20:00,schedules,in_hours
9a01fd57-8010-1c30-881f-9d0ffe694107,safarilink,2026-07-14T06:55:00,booking_lookup,outside_hours
eb4e7d9c-a48f-cb3a-8120-c3a49555f541,safarilink,2026-07-19T13:40:00,destinations,in_hours
1890d649-fc2e-2a59-11a7-8849521a198f,safarilink,2026-07-29T23:26:00,schedules,outside_hours
72dcc4bd-1de4-b94c-886f-ad2a9f4f5cf1,safarilink,2026-07-20T07:46:00,baggage,outside_hours
2e75de9b-47ed-4088-7718-829c907c8753,safarilink,2026-08-06T05:41:00,baggage,outside_hours
c3b48432-9dfb-1c42-e8b7-674933bb938c,safarilink,2026-07-27T02:07:00,baggage,outside_hours
efb7b17b-951e-f840-077a-ce5db26eaa1f,safarilink,2026-07-25T21:16:00,other,outside_hours
2d05bc79-f1ff-9e5a-ad5a-bea71d408320,safarilink,2026-07-20T12:51:00,changes,in_hours
b6df3fa6-59f7-b387-e9a7-3029b208a0b2,safarilink,2026-07-29T09:20:00,booking_lookup,in_hours
e2df1eeb-2407-199e-0c6d-1ba343a7a9f8,safarilink,2026-07-20T08:44:00,schedules,in_hours
6621e52c-c4b4-58d8-f24a-26a1681e27d2,safarilink,2026-07-30T12:44:00,schedules,in_hours
8da4e891-8974-4483-3d1f-5450cdf8b218,safarilink,2026-07-21T03:08:00,schedules,outside_hours
fbfa0f88-588b-3f8f-f68c-d6edf203e939,safarilink,2026-07-17T15:52:00,check_in,in_hours
0220a52a-d6bd-668c-a042-90e41762097e,safarilink,2026-08-07T18:52:00,baggage,outside_hours
d25db912-40ba-ae0f-f2e3-b4313f6b6ecf,safarilink,2026-07-30T18:48:00,charters,outside_hours
a0674bf2-ad83-3ed7-e09c-f086fef6117d,safarilink,2026-08-10T10:26:00,baggage,in_hours
bc92345d-b69d-317f-3a65-68a8bb8b97fb,safarilink,2026-07-20T11:55:00,baggage,in_hours
8bb96f0d-befe-ec81-6855-8dcb3f33a02e,safarilink,2026-08-01T17:17:00,check_in,in_hours
e4014ade-a5e7-da53-045f-ba805dc210de,safarilink,2026-07-21T22:41:00,changes,outside_hours
e68d2223-4ce3-d2f9-5cac-3d7635568722,safarilink,2026-08-05T00:00:00,schedules,outside_hours
28025ba9-6eb0-6985-a657-5cc2e28f992c,safarilink,2026-08-03T09:47:00,frequent_flyer,in_hours
e9173d08-5f1d-60c3-ce2c-04a6443dd22c,safarilink,2026-07-26T23:22:00,check_in,outside_hours
b3bbb979-957a-63df-b2f3-349f6059c148,safarilink,2026-07-30T08:49:00,schedules,in_hours
ef69158d-24d8-a46e-459b-5c3b82837f52,safarilink,2026-08-10T20:39:00,check_in,outside_hours
f9977716-50d8-99aa-7281-f0de642f0c50,safarilink,2026-08-09T11:48:00,changes,in_hours
b071bf55-55fe-f283-f184-0b34063d3597,safarilink,2026-07-23T23:23:00,baggage,outside_hours
9d9df773-7f95-585c-3cc3-e569aa34d63a,safarilink,2026-08-05T02:16:00,schedules,outside_hours
3a70955e-09ec-45bb-afc7-ee853117f861,safarilink,2026-08-07T14:57:00,baggage,in_hours
ea8d9ed1-c89b-3ffc-2ed5-9af0c8f33aea,safarilink,2026-07-31T21:47:00,destinations,outside_hours
516e5443-9a64-e323-ac0b-d968f0b1977e,safarilink,2026-08-06T16:23:00,charters,in_hours
dc77164f-5400-f377-d882-5310dcb91bf4,safarilink,2026-07-27T15:03:00,check_in,in_hours
b8110b9b-a481-a9aa-6589-de1925f32630,safarilink,2026-07-20T06:08:00,other,outside_hours
424b6af1-5491-b9b1-c36e-a99835a2b716,safarilink,2026-07-29T01:22:00,booking_lookup,outside_hours
068758be-00d3-f4a1-6294-c3216a2e0d1b,safarilink,2026-08-10T14:19:00,booking_lookup,in_hours
b2c2574c-6996-e912-f6f0-36fe72e19bd1,safarilink,2026-08-10T22:56:00,other,outside_hours
3da4f68c-7f20-2c93-dc53-89ed228a9082,safarilink,2026-07-23T14:04:00,booking_lookup,in_hours
76573052-cf7e-b9e6-fdf4-a2c14ef623e1,safarilink,2026-07-30T13:51:00,baggage,in_hours
3f13903c-4aec-374b-b822-ca8b3cee81fa,safarilink,2026-07-31T11:11:00,schedules,in_hours
2ff426cd-fe31-942a-d293-c93d5803dead,safarilink,2026-07-25T06:33:00,baggage,outside_hours
e428abb9-319c-b527-26ff-ec35918ea77e,safarilink,2026-08-06T03:23:00,check_in,outside_hours
f21b9b38-4294-023c-3acd-396676ff9289,safarilink,2026-07-25T07:07:00,check_in,outside_hours
18b8f3d5-2747-6b60-862e-38879cba6f53,safarilink,2026-08-10T07:02:00,charters,outside_hours
d7fbd09e-b39d-98c0-03a3-d597890a144a,safarilink,2026-07-14T19:22:00,frequent_flyer,outside_hours
dafe9c8b-b3f3-857c-6989-0757a0ac766b,safarilink,2026-07-14T22:16:00,baggage,outside_hours
f0c6211f-b6b0-d634-abe2-998a5bad3dc9,safarilink,2026-07-21T16:44:00,changes,in_hours
2c468489-945a-68f2-8238-10ec53018387,safarilink,2026-07-14T14:35:00,check_in,in_hours
055ea210-f199-ddd7-275d-eb9936c77abd,safarilink,2026-07-15T17:27:00,baggage,in_hours
3a95ffd8-42e5-a6dd-5ae0-8a566525d2f8,safarilink,2026-07-17T13:11:00,booking_lookup,in_hours
1ef1565d-f2b5-35d5-47dc-7d4c0944e623,safarilink,2026-07-30T03:46:00,booking_lookup,outside_hours
46d11215-c7d6-ed66-4d9d-c09efe51a1d5,safarilink,2026-07-31T20:19:00,booking_lookup,outside_hours
369e94e5-59f8-63d2-1b33-b736dcf9457c,safarilink,2026-08-01T16:02:00,booking_lookup,in_hours
c42666ff-99be-7d9c-2bf5-6b2a480622fd,safarilink,2026-08-01T02:22:00,schedules,outside_hours
60386ff1-1ea4-185d-b660-c0b69688b0d2,safarilink,2026-08-09T15:07:00,frequent_flyer,in_hours
212a5ba1-2c76-4bbc-f13d-857d9b6d32e1,safarilink,2026-07-26T08:24:00,booking_lookup,in_hours
43e3906c-ca7b-333e-f306-9b443913ba2c,safarilink,2026-08-06T13:57:00,baggage,in_hours
d57edbac-f1c3-7dbe-6930-afcaade01b3a,safarilink,2026-08-10T07:04:00,check_in,outside_hours
94e096d0-376b-7a65-5574-4b0c65182ca6,safarilink,2026-08-03T14:17:00,baggage,in_hours
095ae5d3-e5f6-73e8-e5a2-6a3727f04dd9,safarilink,2026-08-09T05:39:00,other,outside_hours
bb3206bd-2c12-faf0-299f-3af090f137d4,safarilink,2026-07-22T12:43:00,changes,in_hours
439f2bb8-d9dd-c6ab-2231-509a7432f0c3,safarilink,2026-07-20T11:49:00,booking_lookup,in_hours
139213a9-4dc1-47d1-e4da-7a525e75635f,safarilink,2026-08-07T10:11:00,baggage,in_hours
d5a27abe-279c-9a53-c52f-2da8c5d8835c,safarilink,2026-08-03T08:47:00,baggage,in_hours
e7692276-c4a3-f883-f23f-11cffe1affb5,safarilink,2026-07-23T23:40:00,baggage,outside_hours
6389d0bc-9dc0-6182-1452-d1065c882e3d,safarilink,2026-07-27T23:37:00,changes,outside_hours
0abf53e2-70a4-2789-cc1e-f284ee7eaaa6,safarilink,2026-08-08T07:47:00,schedules,outside_hours
d420d4e0-876e-0d9a-acfa-a9276d995a50,safarilink,2026-07-19T09:12:00,schedules,in_hours
e344b627-a471-7963-b191-51a93da18436,safarilink,2026-07-26T16:39:00,charters,in_hours
7c94e6ae-a612-a1af-3fad-4c001f847d33,safarilink,2026-07-31T17:27:00,baggage,in_hours
0750bd01-e6ee-009b-3272-104e2e55b4b1,safarilink,2026-08-04T18:40:00,baggage,outside_hours
c8835d0f-f825-6b2e-a768-cbdb5f750aa2,safarilink,2026-08-04T01:26:00,baggage,outside_hours
7c41499e-90dd-83c7-f6cc-a8a74e7532e0,safarilink,2026-07-27T13:53:00,baggage,in_hours
a86500a3-37af-0a5c-f850-37e86c91e09a,safarilink,2026-08-07T11:53:00,baggage,in_hours
04577f21-2ed0-30d1-f9ed-7492655fe7db,safarilink,2026-08-02T10:01:00,booking_lookup,in_hours
d04b1cb6-2447-cef0-83b1-a7bf8e906f97,safarilink,2026-07-30T23:50:00,booking_lookup,outside_hours
f10c78e3-f5e4-d456-39ca-98f47923a859,safarilink,2026-07-21T12:53:00,destinations,in_hours
da86bbd7-9461-0fa6-2786-780a5e58bec7,safarilink,2026-08-06T18:16:00,check_in,outside_hours
eb95aaa3-75c5-0149-d7c8-6e73dc97a503,safarilink,2026-07-27T15:16:00,changes,in_hours
df3e6a83-b875-b23b-6bc0-ef91c47a943d,safarilink,2026-07-20T23:52:00,destinations,outside_hours
7e4f9fa0-260a-0885-3ff2-abe724d5071c,safarilink,2026-08-07T21:59:00,changes,outside_hours
0a512bd5-bf9f-4591-5109-4343bfa2c9fe,safarilink,2026-07-28T17:19:00,destinations,in_hours
e3b0bb3b-3126-2e87-2274-5672d8ff3580,safarilink,2026-07-31T00:54:00,booking_lookup,outside_hours
a82bb514-2972-c3dc-b000-66d1755f4407,safarilink,2026-07-19T13:23:00,destinations,in_hours
5d9625df-288a-38eb-aeb2-acd0a04eb92d,safarilink,2026-07-22T13:31:00,schedules,in_hours
ecfc5ca7-a983-ec07-939c-56950b46dc98,safarilink,2026-07-26T09:03:00,booking_lookup,in_hours
76617d16-2b11-af42-c972-6ca7967556a6,safarilink,2026-08-07T16:28:00,schedules,in_hours
f1d3ee87-4da1-4478-3462-7acb22250da4,safarilink,2026-07-13T14:38:00,schedules,in_hours
6fc47ecd-28ff-b7d8-419e-6b3a225d5ae7,safarilink,2026-07-12T15:14:00,schedules,in_hours
8f828950-8e26-97e8-6da9-b36291356ecb,safarilink,2026-08-07T22:25:00,check_in,outside_hours
a726d303-5133-8a09-9ba5-b6c52b57a95a,safarilink,2026-07-26T16:23:00,schedules,in_hours
7e283913-9964-082f-34ed-a2818dad8ebf,safarilink,2026-08-10T23:41:00,booking_lookup,outside_hours
c2d8f6ba-7e4d-fb11-1e2a-984120785959,safarilink,2026-08-04T01:23:00,booking_lookup,outside_hours
81861611-1e06-6630-f34e-d99ea746c810,safarilink,2026-07-27T11:58:00,baggage,in_hours
81b34bc7-908e-89cf-5cbc-c0bd8ba406b3,safarilink,2026-07-30T01:31:00,baggage,outside_hours
88faf100-8762-34d7-6263-ed6244fe0d80,safarilink,2026-07-13T20:47:00,booking_lookup,outside_hours
f782c3ba-3223-fb91-c930-ca562b41ebb9,safarilink,2026-07-24T02:13:00,baggage,outside_hours
73f5e604-f0e8-2617-81e2-4f5dd790be64,safarilink,2026-08-09T14:35:00,booking_lookup,in_hours
f8922125-748d-a2d5-4326-ee701c61d215,safarilink,2026-07-18T00:45:00,check_in,outside_hours
c9612e3d-ef8d-79fd-52a9-334db9a97f5c,safarilink,2026-08-02T17:31:00,destinations,in_hours
df1f33e8-9252-9002-eef8-d772589c84ad,safarilink,2026-07-27T11:40:00,changes,in_hours
5f0a450d-c768-13ab-ac34-b52692b3238b,safarilink,2026-08-01T02:34:00,destinations,outside_hours
cf31df13-4147-fb6c-2b20-3378936f2ede,safarilink,2026-08-03T15:18:00,booking_lookup,in_hours
493da96c-f212-37be-696e-e80705467a7a,safarilink,2026-07-25T16:26:00,booking_lookup,in_hours
037a1071-b9e0-f89f-4c08-17aba90a0590,safarilink,2026-08-01T05:53:00,baggage,outside_hours
4e104ac9-5402-712c-9f58-68279f3aa77a,safarilink,2026-07-28T00:20:00,baggage,outside_hours
a8b2c5ba-9643-09b3-33b0-b363310be8c4,safarilink,2026-07-28T01:00:00,check_in,outside_hours
9d91cd8d-c00f-7776-d354-bbdc8d8f1468,safarilink,2026-08-09T21:31:00,booking_lookup,outside_hours
40240660-dc1c-3f4b-cd8e-b47a4fc3d942,safarilink,2026-07-12T04:33:00,baggage,outside_hours
4fc77b10-defe-70f9-1fc7-a37cf009ad1f,safarilink,2026-08-03T08:20:00,baggage,in_hours
9b30efa3-ddf9-8b0f-1810-d09e9bacbe9e,safarilink,2026-07-20T10:14:00,frequent_flyer,in_hours
b2b26dfd-be3e-cf91-ab0e-158a17dbf0e5,safarilink,2026-07-29T16:33:00,frequent_flyer,in_hours
becbc40f-dc5c-0da5-a49d-81e2df88ca8e,safarilink,2026-07-26T12:25:00,baggage,in_hours
0da24023-8e6a-1461-63d3-859fa872f089,safarilink,2026-08-05T07:26:00,baggage,outside_hours
9509e257-6c4c-5785-73d4-ba47713b1824,safarilink,2026-07-28T19:01:00,baggage,outside_hours
5eb9668c-07d8-7b13-4c9e-27451854dfb1,safarilink,2026-07-12T10:59:00,schedules,in_hours
5b833a45-a2a9-b592-a1be-de2dc24eeace,safarilink,2026-07-28T12:40:00,changes,in_hours
42f7e626-f639-8f8a-a45c-57a5cbe0dee2,safarilink,2026-08-09T17:14:00,destinations,in_hours
3dc3f605-9e31-d33f-ed6b-872bcb7eb3c4,safarilink,2026-07-13T01:21:00,schedules,outside_hours
f2c88005-4f34-edf3-5711-2e52ef944752,safarilink,2026-07-15T12:24:00,booking_lookup,in_hours
1e65ee08-5e14-cc8b-0159-aa6d74b80bde,safarilink,2026-07-20T14:40:00,schedules,in_hours
6e5d8a36-5241-f115-d833-671f9f2f64ac,safarilink,2026-07-22T11:46:00,booking_lookup,in_hours
b084b960-c336-d56d-b4a3-0dfbd18538ae,safarilink,2026-07-18T09:14:00,schedules,in_hours
954c9ec0-4e04-de1e-0fec-4e4dbf6ce8e1,safarilink,2026-08-07T02:55:00,baggage,outside_hours
4d6dc1fa-b66f-c378-fc79-603fa248ef09,safarilink,2026-08-08T08:20:00,charters,in_hours
8a6d90ee-b753-b648-2f7d-d8e61a9f8233,safarilink,2026-08-07T17:32:00,baggage,in_hours
e1ba848a-b4a9-3bcf-07d3-8ec039ea1f48,safarilink,2026-07-25T07:46:00,booking_lookup,outside_hours
5841c566-8cd0-a7b4-2171-770ab8e094cc,safarilink,2026-07-12T17:51:00,baggage,in_hours
ce5b056b-940c-354d-2eb5-ebd7a18a0e34,safarilink,2026-08-07T17:44:00,baggage,in_hours
9378848f-dcdc-1a30-c65b-d560e5ff7d69,safarilink,2026-08-04T13:28:00,schedules,in_hours
041c6f27-9cdf-c0a6-ea00-7734a16f46b5,safarilink,2026-07-21T04:12:00,check_in,outside_hours
e3e8cb8b-7a48-97ba-7f7b-6f7c4ead4056,safarilink,2026-07-24T13:34:00,destinations,in_hours
1dfc2203-05a6-d229-0acf-12436a9672fc,safarilink,2026-08-10T19:10:00,baggage,outside_hours
758db60f-3c65-f80e-8da4-d53958d8a34c,safarilink,2026-07-31T11:53:00,baggage,in_hours
0cf2a731-fb26-7eae-f948-7575f1612dcb,safarilink,2026-07-25T16:51:00,schedules,in_hours
c5170952-2237-2db1-06d8-9cdaa8df1fb4,safarilink,2026-07-14T09:48:00,schedules,in_hours
5d51243c-81d5-036d-f2e5-1ab4fb35e876,safarilink,2026-08-09T07:32:00,booking_lookup,outside_hours
ba3a2030-dcc0-be09-bf87-f48355a8e7b0,safarilink,2026-07-25T19:14:00,schedules,outside_hours
45b6140a-f516-ec26-a1ad-cbf4df8d30e9,safarilink,2026-07-14T14:38:00,check_in,in_hours
342325cb-6893-6c0f-36e1-9e1e4492dac2,safarilink,2026-08-09T13:09:00,schedules,in_hours
5be2b49b-ff60-2857-0c29-706cc9d0af72,safarilink,2026-08-07T15:53:00,changes,in_hours
d5bb72f3-9714-8c91-3337-c24756c7e50c,safarilink,2026-08-01T13:44:00,check_in,in_hours
73fc5210-7f44-a22c-c02b-3ead1fc21e9f,safarilink,2026-07-17T19:41:00,baggage,outside_hours
f00765c6-cfcc-9ab8-a4a1-35a03d7b7d80,safarilink,2026-08-03T10:28:00,changes,in_hours
c88594dd-b3be-efbc-f2fe-57b861a5c424,safarilink,2026-07-14T19:27:00,check_in,outside_hours
27099500-4fef-ff54-682c-eab462a9c133,safarilink,2026-07-12T09:01:00,frequent_flyer,in_hours
ec205e49-8902-9642-c4b4-7f89e27a3e9e,safarilink,2026-08-02T23:09:00,schedules,outside_hours
ee715524-c400-fd3c-19dc-dfedd01618e5,safarilink,2026-08-02T05:06:00,booking_lookup,outside_hours
fe992be8-73e8-f001-0b5a-17a059c00d31,safarilink,2026-08-02T15:14:00,schedules,in_hours
60450ab7-8978-a8d0-9c23-fb85ab13c79a,safarilink,2026-07-17T07:44:00,schedules,outside_hours
e20441a8-b259-d747-c80a-ba4f2bb38b66,safarilink,2026-07-30T22:34:00,other,outside_hours
c2f3e3e5-397c-4cc4-499f-f721873fbe5e,safarilink,2026-08-02T00:55:00,baggage,outside_hours
8cd52800-609a-a3f5-b2bc-572c4a5b0cc9,safarilink,2026-07-19T01:53:00,destinations,outside_hours
b878dee8-3e11-8d94-c039-61fc6f9703a7,safarilink,2026-07-17T18:45:00,baggage,outside_hours
86bbb187-c6f9-2196-c3cb-14f898520170,safarilink,2026-08-03T15:27:00,schedules,in_hours
3fff9826-88bf-4c81-c183-f13590496c44,safarilink,2026-07-28T09:16:00,schedules,in_hours
f530dfa1-18eb-6581-823f-ddd2936600bc,safarilink,2026-07-23T19:38:00,other,outside_hours
aefbfb76-279a-9c55-0221-821afa252a3e,safarilink,2026-07-19T23:52:00,check_in,outside_hours
918dc468-df7a-c380-9c75-5c62067688e0,safarilink,2026-08-10T06:08:00,changes,outside_hours
21fb35aa-e884-004d-c859-224d5163694f,safarilink,2026-07-29T22:19:00,destinations,outside_hours
1c4d1a04-61a9-d48d-f555-319c2ab45a8a,safarilink,2026-07-27T15:38:00,destinations,in_hours
bb2042f4-214c-b06c-4077-c27c920b6c60,safarilink,2026-08-05T13:25:00,booking_lookup,in_hours
6b759aa5-391b-a75b-8894-320b45db7420,safarilink,2026-08-08T06:28:00,schedules,outside_hours
2c9d2cf6-a0b2-b557-c15b-74f4e1bb147f,safarilink,2026-07-25T20:37:00,charters,outside_hours
59ccb0b4-5ae4-4a05-457d-0c2cbe2e96b6,safarilink,2026-07-21T16:33:00,baggage,in_hours
f0013001-ad66-2af2-56fb-f7eaa69c6a6b,safarilink,2026-07-29T12:45:00,booking_lookup,in_hours
6d220653-957c-a565-5ae5-e975e0766f85,safarilink,2026-08-02T15:17:00,booking_lookup,in_hours
461ba3f8-2b99-185f-5c96-100c3d9ccb67,safarilink,2026-07-27T17:26:00,charters,in_hours
91a7dbd8-81b0-cc86-cf99-11bc673c8a93,safarilink,2026-07-15T03:33:00,baggage,outside_hours
eff11608-203a-a095-b6cd-a7e25b39f98a,safarilink,2026-08-01T18:52:00,check_in,outside_hours
ef78703b-b7b3-61e5-5156-816ad619348b,safarilink,2026-07-30T16:18:00,baggage,in_hours
dbaeedd3-d99d-9f98-4457-9801af3e4f59,safarilink,2026-07-29T10:30:00,destinations,in_hours
c5d95be8-3e4d-425a-c476-b85e6f53d9d0,safarilink,2026-07-24T07:00:00,check_in,outside_hours
e3d3a0fe-917f-de5e-8be2-a9f177e3f81a,safarilink,2026-08-05T13:20:00,schedules,in_hours
3bf68afe-2c19-5165-1a0e-7ce575c0d0cf,safarilink,2026-07-30T14:29:00,changes,in_hours
b7f0fb87-0dff-726f-0d93-2d915acc370e,safarilink,2026-07-31T12:16:00,frequent_flyer,in_hours
3e7c12fc-bbd3-20ff-9d18-4b6d663f6f58,safarilink,2026-07-28T04:05:00,frequent_flyer,outside_hours
8fba4690-1fed-5d39-a8c4-82bee8ceb366,safarilink,2026-08-06T14:34:00,charters,in_hours
a65dd457-2340-1173-71cb-0ba7078cb0be,safarilink,2026-07-21T11:18:00,schedules,in_hours
b6c89859-8a93-8f58-228b-d973fbc0ceed,safarilink,2026-08-05T19:25:00,check_in,outside_hours
6cbfbee7-5fc3-b281-5dfc-778a2ea244e8,safarilink,2026-07-31T11:53:00,baggage,in_hours
03388aff-8986-9fdf-fc36-39eda42d4442,safarilink,2026-07-27T17:24:00,schedules,in_hours
81d9f00f-d32d-40f3-c7d5-e78c1cec1559,safarilink,2026-08-04T16:38:00,baggage,in_hours
59884f45-96bc-9738-29da-0235489bbcee,safarilink,2026-08-09T13:04:00,schedules,in_hours
9ae2b336-646e-833d-cc70-895f322ca48b,safarilink,2026-08-10T09:54:00,baggage,in_hours
ccd3710b-9286-2e58-4d9c-cc0acffea801,safarilink,2026-08-08T12:38:00,schedules,in_hours
ba2deb71-139c-dc2f-ba5d-11b0883fa949,safarilink,2026-07-13T14:41:00,destinations,in_hours
2b03d7ee-bdb5-6ffc-57d7-3c1e6ca5ba7a,safarilink,2026-07-12T01:00:00,check_in,outside_hours
b926e64d-623e-2c0b-27b8-a723129d5e31,safarilink,2026-07-16T09:18:00,charters,in_hours
c94b7a50-5366-0aca-10ba-452d34b59ebc,safarilink,2026-07-19T23:42:00,baggage,outside_hours
fce1b8c8-8c0f-a557-6a0e-a93d8d08386b,safarilink,2026-07-18T14:36:00,destinations,in_hours
0837b37b-78d1-5b7e-13a7-cb4ae76598a1,safarilink,2026-07-26T09:25:00,schedules,in_hours
ff393f4c-119d-e63d-3057-0147ceb25cac,safarilink,2026-08-08T00:23:00,baggage,outside_hours
5dee829f-e991-3008-032f-117ced26787d,safarilink,2026-08-09T20:40:00,baggage,outside_hours
88e34659-a3e6-c241-afcf-11255a435bf7,safarilink,2026-08-10T17:41:00,check_in,in_hours
7174cb87-3c26-e684-2a4d-cb6dc4b14259,safarilink,2026-07-17T08:49:00,check_in,in_hours
153ebed2-88c8-2cfe-75ba-f2165c845d0f,safarilink,2026-07-21T13:33:00,check_in,in_hours
850a67eb-9838-b4de-26b5-05dd6785a5df,safarilink,2026-07-18T12:37:00,schedules,in_hours
3103b9da-3d74-c551-eef0-cb1dbf5b4033,safarilink,2026-07-14T13:15:00,baggage,in_hours
4e50c19c-b9d2-4e2b-bc83-3e1a48855a69,safarilink,2026-07-13T21:18:00,charters,outside_hours
6b211413-decf-bdb1-1248-52c559c256e6,safarilink,2026-07-22T10:04:00,check_in,in_hours
16e8165a-7df3-ad01-1de0-c572ebc6d822,safarilink,2026-07-16T21:00:00,check_in,outside_hours
20b756dd-ec95-62db-e549-826a76bda18b,safarilink,2026-07-22T13:31:00,baggage,in_hours
312f837c-8d7f-82ee-6eb4-e4b38e45486e,safarilink,2026-07-13T11:49:00,baggage,in_hours
92ea0c79-5a64-0023-2363-d30611ce1f3e,safarilink,2026-08-02T17:47:00,baggage,in_hours
34066435-b3b9-c203-7c6f-1673a6e2e8a1,safarilink,2026-07-12T03:36:00,schedules,outside_hours
848d67a3-61ea-b496-ba0f-a742a6629241,safarilink,2026-07-20T13:56:00,charters,in_hours
2b095cca-7d1d-4ef1-ac1d-2beb82788dd7,safarilink,2026-07-31T08:45:00,other,in_hours
f2bb32b2-5141-5e0a-e91d-5f9d58403cc3,safarilink,2026-07-25T15:55:00,schedules,in_hours
7535925e-e446-f6ce-6ebc-5f9796e6aca5,safarilink,2026-07-20T01:59:00,booking_lookup,outside_hours
c09286d1-19b7-1265-6f5f-a8c38972b5a2,safarilink,2026-07-18T04:12:00,destinations,outside_hours
4f1af44a-345e-f7a3-f7ec-d33dce1f91fe,safarilink,2026-08-06T15:41:00,check_in,in_hours
fda2d392-4317-a2e1-a220-ebc82eb88592,safarilink,2026-07-18T02:21:00,baggage,outside_hours
27be6991-5249-364d-27d3-06eaea12f01a,safarilink,2026-08-06T08:32:00,baggage,in_hours
da81ccf9-f3c3-c17b-2234-fc33e831203b,safarilink,2026-07-18T01:20:00,schedules,outside_hours
6b9ff0e3-df9c-b65f-54f5-7f0f20adc7f8,safarilink,2026-08-08T14:14:00,baggage,in_hours
e510d50c-1d8b-e0e4-7cdc-731848cdd219,safarilink,2026-07-31T23:10:00,schedules,outside_hours
bea66494-4b52-6930-2bbe-e18eb89c0554,safarilink,2026-07-15T11:28:00,schedules,in_hours
0fef7c7e-cb18-ff32-ba09-d6dee9dc6540,safarilink,2026-07-23T00:27:00,schedules,outside_hours
ffd01867-f8c4-c251-964e-67af97b38db6,safarilink,2026-07-16T20:18:00,baggage,outside_hours
ece52e72-161b-d362-e5b0-b7fe96becd0a,safarilink,2026-08-05T16:36:00,baggage,in_hours
2761a057-85ea-49bd-5a3a-0515287a1fa0,safarilink,2026-07-17T14:23:00,baggage,in_hours
acea0441-035a-8e56-8618-1b7f47f4a098,safarilink,2026-07-29T00:49:00,baggage,outside_hours
16e1c26b-e3dc-2387-cb93-f3377f6dfc6d,safarilink,2026-08-09T07:23:00,booking_lookup,outside_hours
a410d420-dfb4-31d5-3ac2-e9599d3b16e1,safarilink,2026-07-19T11:58:00,changes,in_hours
78b75122-4488-e428-3591-35a091327534,safarilink,2026-07-26T01:21:00,baggage,outside_hours
8d00bb23-e0df-51ba-c4e4-d8da08d3c49d,safarilink,2026-07-28T10:51:00,charters,in_hours
9928c239-5ce0-9c23-9f09-0f20ef0416c1,safarilink,2026-07-15T19:03:00,baggage,outside_hours
bd315873-d9e6-00f8-ba14-6d76f002f215,safarilink,2026-07-30T02:35:00,baggage,outside_hours
c4fd0c1a-2914-ca9b-1ef4-f7e89e07366b,safarilink,2026-07-21T04:36:00,destinations,outside_hours
6b9449ff-fb33-5ee7-65db-cb470a979d20,safarilink,2026-07-28T16:55:00,booking_lookup,in_hours
27e5689d-ea01-73c7-5d1b-5699d40bcd72,safarilink,2026-07-24T00:38:00,charters,outside_hours
e177f188-f588-43fe-856d-fefe7f6f3778,safarilink,2026-08-04T08:54:00,charters,in_hours
01bbf71f-8e04-82fe-dadb-e75e03dea559,safarilink,2026-07-19T06:39:00,other,outside_hours
0c969941-abcd-1734-5528-51e13f53233f,safarilink,2026-08-06T17:03:00,destinations,in_hours
a2b1fb47-3f96-fa06-aebd-05255dd542d9,safarilink,2026-07-15T22:39:00,baggage,outside_hours
dcb60b05-d269-9879-a0b1-5ae915e35baa,safarilink,2026-08-03T13:13:00,baggage,in_hours
fc53c364-d0b7-1c7f-5b12-4671c8440863,safarilink,2026-08-07T18:32:00,booking_lookup,outside_hours
504e3ff4-2424-ea35-0e8d-07b2285f43a7,safarilink,2026-08-05T02:01:00,baggage,outside_hours
ded0c1d4-219f-6990-de3b-445ce28bb19b,safarilink,2026-07-13T15:52:00,baggage,in_hours
de0efcdd-7919-9cb5-6e8b-6918fe704555,safarilink,2026-07-12T16:46:00,baggage,in_hours
32b7c473-6474-206c-ec47-76ea288c66a2,safarilink,2026-08-04T10:29:00,booking_lookup,in_hours
a44f67f9-a9c7-ba59-6051-851eabd6e557,safarilink,2026-08-03T12:45:00,baggage,in_hours
c62ab72c-6b7e-6f01-5301-b022e51a070d,safarilink,2026-07-20T18:05:00,schedules,outside_hours
fdac6ec2-7147-dde6-2a7c-184d739cdf6f,safarilink,2026-07-30T08:09:00,baggage,in_hours
c991e841-075f-d9b1-2363-8753de9accbf,safarilink,2026-07-27T13:06:00,schedules,in_hours
1d059294-5cc4-a2b8-3df6-c56fd3092a77,safarilink,2026-08-03T13:14:00,baggage,in_hours
d978bc7e-31f9-fa23-e2bf-339360c63e83,safarilink,2026-07-16T05:54:00,baggage,outside_hours
1d45d24b-88c9-4133-5229-d423cf7e6a59,safarilink,2026-07-23T16:12:00,schedules,in_hours
484fb005-a8c4-40f2-0bc6-161fd5522f6d,safarilink,2026-07-12T04:32:00,destinations,outside_hours
837fc599-7465-ea28-9184-3a96803af248,safarilink,2026-07-21T04:28:00,baggage,outside_hours
6d049a51-75e7-ef62-3745-8b9a4f91dc18,safarilink,2026-07-27T09:11:00,baggage,in_hours
db803ce8-ae34-b567-b2bd-716737c1e86c,safarilink,2026-07-16T17:58:00,schedules,in_hours
cc7b0968-84eb-4610-af2f-7ef221892db9,safarilink,2026-07-20T02:20:00,booking_lookup,outside_hours
0169954a-4313-74fa-ed6d-e23b7bb29eb5,safarilink,2026-07-26T18:58:00,destinations,outside_hours
8c3a2768-368b-de49-e4ca-b8aedde62d6d,safarilink,2026-08-04T03:44:00,booking_lookup,outside_hours
3c9a5515-e390-6dc4-a700-dba6e0824442,safarilink,2026-07-16T02:30:00,baggage,outside_hours
12f0f359-9184-974e-2e14-4c0dab5a70f6,safarilink,2026-08-02T08:49:00,booking_lookup,in_hours
7c92e516-3575-978e-2390-7c243bb5844a,safarilink,2026-07-14T22:12:00,destinations,outside_hours
484bcbc5-4501-34e6-9106-b9ac3e703d5b,safarilink,2026-07-28T10:20:00,schedules,in_hours
ba534f6c-f44f-bf2b-b736-71dc3e0806ea,safarilink,2026-07-26T10:44:00,baggage,in_hours
714069ff-34a2-814d-cc5f-d388fea437c3,safarilink,2026-07-20T09:27:00,schedules,in_hours
30a00ffe-ce02-b546-c354-df22367fe518,safarilink,2026-07-20T09:03:00,destinations,in_hours
7ef27a91-555a-6fcb-aab3-0f83da3e7a0d,safarilink,2026-07-27T01:33:00,baggage,outside_hours
7e2efb8e-abe8-4ea3-4efd-bbd25d9e96f8,safarilink,2026-07-24T09:31:00,check_in,in_hours
9cfcc83f-7061-236d-e90d-effe017ac79e,safarilink,2026-08-02T11:07:00,schedules,in_hours
ad2ef650-8b11-3ce6-489b-2682336192a8,safarilink,2026-07-23T12:14:00,check_in,in_hours
15fadb5f-dcff-9d08-4dd5-a8eb9f983ff6,safarilink,2026-07-13T14:21:00,booking_lookup,in_hours
d5b53063-523f-c9fa-960b-88735039ea2d,safarilink,2026-07-21T02:53:00,changes,outside_hours
7bcacf3f-045d-898a-2c3e-1e0d5fec1838,safarilink,2026-07-24T15:45:00,booking_lookup,in_hours
9e534331-355a-757b-a4ab-8c6019be1d9d,safarilink,2026-07-22T17:56:00,baggage,in_hours
f271b8a2-014a-8d50-cad0-b6541380fd39,safarilink,2026-07-22T08:42:00,baggage,in_hours
e213d387-52e5-c9b7-bdc5-0fac1af8efa7,safarilink,2026-07-23T11:17:00,schedules,in_hours
22b2771b-9d59-e75d-8528-364a8171191d,safarilink,2026-07-25T15:06:00,changes,in_hours
6602a0eb-80cb-bcf2-2365-eabb460075c6,safarilink,2026-07-21T02:48:00,check_in,outside_hours
ce7daf3f-d478-0d4e-b21e-529607b4e607,safarilink,2026-08-08T15:18:00,schedules,in_hours
7d4f25bf-64c1-8561-d8db-0df1278e5c1e,safarilink,2026-07-22T11:00:00,baggage,in_hours
849c3e2c-fc69-229e-ceb8-81a57f983011,safarilink,2026-08-03T05:22:00,destinations,outside_hours
a85ff7b2-f458-0be2-ab5c-4ba63858cd27,safarilink,2026-07-30T04:55:00,booking_lookup,outside_hours
7a3a55b1-cff1-c54e-80f5-eb9644e18ef3,safarilink,2026-07-20T11:46:00,destinations,in_hours
884d601e-29fc-1b42-c95d-2a5afc343573,safarilink,2026-08-07T16:48:00,baggage,in_hours
9a0fe972-a7ff-9e7d-65cc-c376c0889ec5,safarilink,2026-07-24T14:33:00,destinations,in_hours
a5533b6b-4bd3-cc1c-44cc-6ae026d09102,safarilink,2026-07-19T17:42:00,baggage,in_hours
f7b565ff-dbae-05f6-a4d0-53f8fd3fba19,safarilink,2026-07-31T23:26:00,baggage,outside_hours
e3adcbc0-ff10-6c43-25dd-ff0a3ff65986,safarilink,2026-07-14T08:11:00,check_in,in_hours
70d1c181-bf57-d44f-2c6c-70205a999cc2,safarilink,2026-08-05T23:15:00,booking_lookup,outside_hours
98ec2b55-900e-261e-ea9e-05127d57f144,safarilink,2026-07-12T21:14:00,changes,outside_hours
57e3d4ef-fe7d-52e2-e95b-ac3d7bb6cf1d,safarilink,2026-08-01T19:10:00,baggage,outside_hours
970f8bcd-bf39-830d-f893-36aaa68fb244,safarilink,2026-08-10T08:07:00,other,in_hours
8bc0a1f7-2c3b-ed23-85b9-0bf84cc9ebfb,safarilink,2026-07-26T08:52:00,booking_lookup,in_hours
11b2c2cc-110d-3b5d-1ee4-ca65a2d311ba,safarilink,2026-07-20T19:49:00,charters,outside_hours
ca48a08f-1483-eb9e-2dce-2d6c0655d8e2,safarilink,2026-07-19T13:26:00,baggage,in_hours
b3eb5ca7-0970-dba5-c3e7-17aa48976ad7,safarilink,2026-08-01T19:11:00,baggage,outside_hours
f49838ad-9812-313a-9b56-153227bdefc8,safarilink,2026-07-29T10:53:00,frequent_flyer,in_hours
780f90cc-87cc-6376-bc39-441682231fc3,safarilink,2026-07-17T13:21:00,charters,in_hours
df4cf06a-198a-8d7c-17b4-ba78ab86337c,safarilink,2026-07-15T11:38:00,check_in,in_hours
38b3f51a-82b1-83ad-da3d-2b75db12e958,safarilink,2026-07-25T22:05:00,baggage,outside_hours
ed805e3d-9978-b29e-c3de-2ca03c750e7b,safarilink,2026-08-02T22:19:00,other,outside_hours
b3413afb-5c71-79c6-5841-666df5d2de3c,safarilink,2026-07-21T22:52:00,changes,outside_hours
633e00c9-3f30-68c7-f61e-2f448d89415d,safarilink,2026-07-19T18:58:00,schedules,outside_hours
e04ad5d1-7fdb-0b56-e6da-11569fe4c739,safarilink,2026-07-19T01:30:00,baggage,outside_hours
7bb73376-4e2e-b24f-143c-875ae9e43602,safarilink,2026-08-08T17:31:00,booking_lookup,in_hours
e3bfd315-2eb4-c88c-8851-ceba174761c1,safarilink,2026-08-10T09:23:00,baggage,in_hours
3a8b2437-b393-01f0-7678-4f85623696ef,safarilink,2026-07-22T04:18:00,schedules,outside_hours
e7175a84-d8ce-ed1e-300a-9a8611596bd1,safarilink,2026-07-25T08:18:00,booking_lookup,in_hours
aaf00153-e530-04f3-eaae-34d07e150020,safarilink,2026-08-04T09:01:00,booking_lookup,in_hours
8f03e1b8-a5d1-2e72-258f-2cfe972d1f73,safarilink,2026-07-19T03:44:00,other,outside_hours
d309cd9c-afc0-4055-d2cf-89b59ef1dff1,safarilink,2026-07-30T08:41:00,schedules,in_hours
177c85dc-d090-2f10-1010-08cace4634e4,safarilink,2026-08-03T12:45:00,other,in_hours
e7079260-3fa7-2ee8-0422-9fb23a3b2bdb,safarilink,2026-07-29T22:34:00,check_in,outside_hours
fdda2aa6-a222-5a91-c8a5-fa62e4b7516a,safarilink,2026-08-03T03:17:00,baggage,outside_hours
2477bf98-4d3d-9b4b-fafe-7a9e2a38ba9e,safarilink,2026-07-14T11:36:00,booking_lookup,in_hours
fd87139a-9c0a-8730-7536-a29579d998ef,safarilink,2026-07-25T02:19:00,schedules,outside_hours
5cd9b3ac-fffe-3b5d-fec9-423d3bfdc697,safarilink,2026-07-13T02:24:00,destinations,outside_hours
0783d85f-b62d-afdf-b4af-6c484f390f95,safarilink,2026-07-27T23:55:00,destinations,outside_hours
bb6eb82a-0a26-f485-2d4b-0f80734fdf9f,safarilink,2026-07-23T13:49:00,booking_lookup,in_hours
d6429ebf-d20e-01b5-7a37-92e8fc500647,safarilink,2026-08-07T12:32:00,baggage,in_hours
ae847fcc-784a-529c-08e3-b2f92746e1e7,safarilink,2026-07-31T11:48:00,booking_lookup,in_hours
ea6fbaeb-9fd3-74e6-11f3-38da5e5492de,safarilink,2026-07-17T17:18:00,frequent_flyer,in_hours
95ed5aa2-9c7f-a37b-4b3f-61e792b941db,safarilink,2026-08-05T02:53:00,baggage,outside_hours
3bf11b4e-3884-69ea-fc12-783ee7085396,safarilink,2026-07-12T13:51:00,baggage,in_hours
ea2cb603-0c03-ea8c-c84f-2eed39688eaf,safarilink,2026-08-02T18:06:00,booking_lookup,outside_hours
40bef518-aac3-9da9-251c-85155269bc9f,safarilink,2026-07-21T23:35:00,check_in,outside_hours
fabbf98f-73a8-4277-6df0-a7e998454a81,safarilink,2026-07-25T17:46:00,schedules,in_hours
ba250577-e0d0-5abb-fd37-0bed38108f9a,safarilink,2026-07-23T00:10:00,baggage,outside_hours
0c1f3826-aff4-87a0-4ae9-7b3a96a7939f,safarilink,2026-07-28T13:05:00,baggage,in_hours
0879e567-d903-e213-da74-4b91ec98b375,safarilink,2026-08-10T15:21:00,booking_lookup,in_hours
9fa1b597-428e-b467-1abb-3b1c8c83bff6,safarilink,2026-08-09T04:14:00,schedules,outside_hours
5685e968-fcaa-99c6-4191-84015deb2968,safarilink,2026-08-10T13:56:00,baggage,in_hours
f839bfd5-561b-429c-1443-5516993b322a,safarilink,2026-07-29T08:38:00,destinations,in_hours
e314aab0-7f4e-ab7e-26c4-4512518dd51f,safarilink,2026-08-04T11:25:00,baggage,in_hours
4b1711a5-0f2c-8065-2e7a-f9755727fefb,safarilink,2026-07-30T09:00:00,baggage,in_hours
8104adc9-18f7-2fa7-7eb0-ad2398461884,safarilink,2026-08-07T17:46:00,schedules,in_hours
acba0293-f67c-352a-37c9-626242be8573,safarilink,2026-07-16T17:31:00,charters,in_hours
b47866db-ce85-b154-3dbe-48eaa9150688,safarilink,2026-07-27T05:03:00,destinations,outside_hours
49f172ce-3897-de9d-e7a4-80da820efb43,safarilink,2026-08-09T19:26:00,baggage,outside_hours
814611bb-e64f-bf6b-a181-0041b7ced2b5,safarilink,2026-07-29T18:58:00,booking_lookup,outside_hours
593c476c-c38e-5129-6640-a09680e1a106,safarilink,2026-08-10T09:08:00,schedules,in_hours
0d705966-43fa-90f9-d09e-525d7a865620,safarilink,2026-07-19T14:42:00,other,in_hours
1afcf37a-1e51-941c-b7d2-10a6267428c3,safarilink,2026-07-14T16:18:00,schedules,in_hours
c6169654-2f69-910a-79ec-00a873b4bf95,safarilink,2026-08-02T14:55:00,schedules,in_hours
7230d46d-d2a2-b51c-079d-e3df9c555ece,safarilink,2026-07-15T05:18:00,other,outside_hours
8a193f8b-22be-87dd-751d-4e0999047dc2,safarilink,2026-07-24T19:20:00,other,outside_hours
80718099-f11f-7bd2-4a58-9193f5410268,safarilink,2026-08-10T09:05:00,baggage,in_hours
470075d5-e234-2897-7a18-610bfe819e09,safarilink,2026-08-04T16:49:00,baggage,in_hours
3f4c147c-4335-7fb0-3a47-b4096162f6ce,safarilink,2026-08-08T12:35:00,destinations,in_hours
3b450c22-c10a-d147-1190-e99f75e8cb2e,safarilink,2026-08-01T01:15:00,schedules,outside_hours
de9fcb26-354f-fa9a-ed9a-b143c77532cc,safarilink,2026-07-31T03:45:00,other,outside_hours
954cbe03-b069-74f9-c851-16cb0ae0b604,safarilink,2026-07-21T16:00:00,check_in,in_hours
4ebae512-6035-2a6a-b3af-7f25b06560aa,safarilink,2026-08-10T11:55:00,check_in,in_hours
7a5f6a35-2293-8eb6-4f32-d82855c993bf,safarilink,2026-07-12T20:28:00,destinations,outside_hours
a2981e73-ce88-ef3d-38f0-165f0e0ea0cb,safarilink,2026-08-08T17:24:00,booking_lookup,in_hours
7b6b16d0-b810-6a4d-1dd8-1a59b63a0788,safarilink,2026-07-30T15:11:00,booking_lookup,in_hours
5270b628-1e8e-f9a0-77e7-91e725d0ae15,safarilink,2026-08-04T18:25:00,baggage,outside_hours
7dfc9369-6eb4-b8a1-b0f5-de9d60f862b1,safarilink,2026-07-16T10:06:00,baggage,in_hours
d4beac7f-c7da-887d-302b-96a8d7deff96,safarilink,2026-07-16T11:01:00,destinations,in_hours
eedc1eb4-0fa8-9de7-b23c-e3fa882388b4,safarilink,2026-08-09T23:37:00,other,outside_hours
2d331a68-efbb-cfa6-2a68-a8127c439b4e,safarilink,2026-08-05T04:29:00,booking_lookup,outside_hours
86918d35-1dbd-fc34-2687-8a625e63b351,safarilink,2026-08-10T06:00:00,baggage,outside_hours
576b875a-e4e4-b625-db1a-7cee16d29785,safarilink,2026-08-02T14:48:00,other,in_hours
de937815-7979-8115-e811-612b2d355e99,safarilink,2026-07-29T22:23:00,charters,outside_hours
5d29912e-b593-b773-aca7-a837fdd3547d,safarilink,2026-07-25T13:29:00,baggage,in_hours
92d3a015-ef64-b87b-1c9a-071908d95099,safarilink,2026-08-02T10:41:00,changes,in_hours
89df169d-65d1-976d-3b2b-c0428ac8147e,safarilink,2026-07-24T05:54:00,other,outside_hours
ce63c871-337c-4e38-a77c-94b6c81be2fb,safarilink,2026-07-26T22:41:00,baggage,outside_hours
ded06dd6-1d6c-a2ca-2f3e-e5ce4ba48139,safarilink,2026-08-06T13:44:00,baggage,in_hours
96b252df-6a53-f495-e1c6-59a216aa4777,safarilink,2026-07-19T13:58:00,frequent_flyer,in_hours
b7486098-08a3-745a-1080-71447132378d,safarilink,2026-08-09T03:11:00,baggage,outside_hours
fef5c3ee-af7b-1084-8e3d-ce23f92667b2,safarilink,2026-07-13T04:28:00,booking_lookup,outside_hours
2147078b-ad6c-4819-2457-be2f8b89570c,safarilink,2026-08-05T05:47:00,check_in,outside_hours
47aaeb04-b3c5-915a-9f43-ea775a50d8a6,safarilink,2026-08-09T10:16:00,baggage,in_hours
943b749b-517a-d021-c256-7e6ed72214c5,safarilink,2026-08-03T23:52:00,check_in,outside_hours
af69c005-29d3-20c6-a807-73a2049ea852,safarilink,2026-07-29T05:56:00,booking_lookup,outside_hours
12297c65-b990-aed7-c55d-51b8c73858ff,safarilink,2026-08-03T23:31:00,booking_lookup,outside_hours
2943c1b5-28e8-247c-571f-126d0d0578ef,safarilink,2026-07-19T13:13:00,baggage,in_hours
72f6f7e6-b830-2cb2-1c49-e936ac34f263,safarilink,2026-07-31T11:41:00,frequent_flyer,in_hours
21091017-1375-2c1d-7e6e-cb226a860fdf,safarilink,2026-07-26T19:33:00,booking_lookup,outside_hours
5329b3e0-1714-9867-35c2-e293c11649b8,safarilink,2026-07-12T05:09:00,booking_lookup,outside_hours
f5763051-ca6d-4647-53f2-b1427f7c30c0,safarilink,2026-07-13T13:46:00,schedules,in_hours
7177465a-8d8e-69ce-9948-e2074dc072e3,safarilink,2026-08-05T01:32:00,schedules,outside_hours
8518e09b-09c2-d58e-f34e-71069eab9456,safarilink,2026-07-12T03:08:00,destinations,outside_hours
e97f4bdf-a97b-9b13-9456-be0e283391b3,safarilink,2026-07-21T12:44:00,check_in,in_hours
144bacde-4a8d-2db2-f4d6-db0c3e6d8af6,safarilink,2026-07-18T12:22:00,other,in_hours
7dc82ff4-ebec-2686-b3bb-e2f5b866ae67,safarilink,2026-07-21T15:22:00,check_in,in_hours
ecf11780-92b8-5f29-bc7b-09ef251fa1bf,safarilink,2026-08-04T15:29:00,destinations,in_hours
10cc5267-fc46-7d14-4969-66594530e2a7,safarilink,2026-07-30T02:51:00,schedules,outside_hours
c8a5391f-e41c-2c27-d0dd-cf91835a98a0,safarilink,2026-08-05T09:31:00,check_in,in_hours
af91cabd-8dc7-494e-8d70-b51c5dba279e,safarilink,2026-07-24T09:27:00,schedules,in_hours
9217005b-c2cf-ca14-65ed-f959c27c7617,safarilink,2026-07-27T17:28:00,schedules,in_hours
759fcdb8-9ca5-c8c0-495d-573bbedcccb4,safarilink,2026-08-06T08:00:00,destinations,in_hours
6d25936d-0263-bdda-3965-ee987789b87f,safarilink,2026-08-04T08:06:00,destinations,in_hours
cddd48c7-37c5-472b-bc9b-15f3eb942400,safarilink,2026-07-28T07:54:00,other,outside_hours
2408c42c-e3a9-118d-8469-6d9adc9c0c76,safarilink,2026-07-12T09:01:00,baggage,in_hours
57ff5067-23df-c5ca-1d3b-9b1ff60f6aee,safarilink,2026-07-15T20:16:00,booking_lookup,outside_hours
122966c1-a6c7-1c16-1c76-e1e11ada18d4,safarilink,2026-07-12T13:51:00,booking_lookup,in_hours
ccc4334b-b098-21bd-89b4-ef215f0e895b,safarilink,2026-07-30T15:57:00,schedules,in_hours
3ff18b52-246b-4ec1-f4e2-bba8e919ea5b,safarilink,2026-07-22T14:27:00,booking_lookup,in_hours
5b801ae3-60cd-2683-c16e-341e56fada62,safarilink,2026-07-20T19:45:00,booking_lookup,outside_hours
846834dc-a055-1c39-246f-5dbdc6d68ca1,safarilink,2026-08-05T16:55:00,schedules,in_hours
b277257e-83bd-fe5e-1511-cae5f39948ff,safarilink,2026-07-13T01:58:00,destinations,outside_hours
c6d65bd3-abf4-ed22-9e28-a34d3a40bbf6,safarilink,2026-08-01T09:36:00,baggage,in_hours
235e3afd-8f1c-beb9-a303-50e4b1beafe6,safarilink,2026-08-08T15:41:00,schedules,in_hours
458414d7-59ac-4fa1-9a9c-b9494da17917,safarilink,2026-07-23T14:47:00,frequent_flyer,in_hours
1a9d070d-9d12-0e72-96af-d68d9febd9d7,safarilink,2026-07-28T16:47:00,baggage,in_hours
0411da6b-3200-b317-2311-d01cc730b4cc,safarilink,2026-07-25T09:47:00,schedules,in_hours
5db6504a-1149-7b18-308e-2310be249561,safarilink,2026-07-20T01:36:00,booking_lookup,outside_hours
3503b754-f7c8-8523-af9c-4422fee71224,safarilink,2026-08-04T04:40:00,baggage,outside_hours
18ef43dd-90bb-5d4e-247c-e19656db657b,safarilink,2026-08-08T12:44:00,baggage,in_hours
ee263928-316e-d8bb-8502-797891c8b470,safarilink,2026-07-30T17:56:00,booking_lookup,in_hours
dd3d7d2c-162d-c035-fbbd-b2b9f15d809d,safarilink,2026-08-05T03:31:00,charters,outside_hours
d016e26f-6eb9-b91e-726f-0acfa84e81ec,safarilink,2026-08-06T13:19:00,other,in_hours
200c3f7a-5c37-fcfa-4b2c-a5af6683e8aa,safarilink,2026-08-05T08:45:00,baggage,in_hours
90cc4f8a-dd76-899e-da6d-c22418990d6c,safarilink,2026-08-01T08:10:00,baggage,in_hours
4853fabd-11de-d236-8c5f-9e1fcbd40956,safarilink,2026-07-15T14:16:00,other,in_hours
3ce88bbd-63d9-5044-0927-36f358801516,safarilink,2026-08-06T16:30:00,booking_lookup,in_hours
c649a7f0-88a0-f622-dc34-24c5a32d9063,safarilink,2026-07-23T14:08:00,booking_lookup,in_hours
c6b40ca9-c8be-c166-dea3-55a6dafb7099,safarilink,2026-07-28T18:04:00,destinations,outside_hours
03924a2e-7107-7322-40c0-d6434a1d8637,safarilink,2026-07-27T15:28:00,booking_lookup,in_hours
16ee4e09-1a69-c5e1-ce58-efe4ef7bc4e7,safarilink,2026-07-12T09:31:00,check_in,in_hours
23bf19e9-5240-6d39-748a-a16cc27bb472,safarilink,2026-07-19T13:38:00,baggage,in_hours
71f4de5e-0394-c6ff-d336-9862bb7b8e88,safarilink,2026-08-09T08:17:00,booking_lookup,in_hours
e9b3bdca-b571-7c89-f317-ff8e29b3fa54,safarilink,2026-07-16T02:18:00,schedules,outside_hours
6f35f05b-918e-178b-8e52-214ef63dbf1c,safarilink,2026-08-08T01:42:00,baggage,outside_hours
f67e9012-aea9-9911-3674-d43fdd8d0952,safarilink,2026-07-22T23:59:00,booking_lookup,outside_hours
6c3d4c16-b660-75e4-390f-7e526c369ee1,safarilink,2026-08-10T15:20:00,baggage,in_hours
2f1b7ed7-e1f0-ebb6-b96c-b7eabf91498c,safarilink,2026-07-18T03:53:00,charters,outside_hours
2c7d07eb-8532-4508-59ad-1e6f5b5afe73,safarilink,2026-08-05T12:42:00,frequent_flyer,in_hours
87c80d34-3073-a15d-2513-bfec5362df29,safarilink,2026-08-10T20:57:00,baggage,outside_hours
a4fcbd19-c339-997a-09a2-c7c798438062,safarilink,2026-08-06T07:42:00,changes,outside_hours
e62dbe4a-c498-8dbf-887f-421da36d9470,safarilink,2026-07-21T07:01:00,booking_lookup,outside_hours
139fd06f-c737-1faf-3c00-a4555df58b77,safarilink,2026-07-29T17:28:00,destinations,in_hours
1efd4e82-d122-bdfe-1f7b-34f0f74d2b61,safarilink,2026-07-25T04:55:00,booking_lookup,outside_hours
3874df68-8058-2c0a-c599-0fa0b591131a,safarilink,2026-08-10T11:23:00,baggage,in_hours
cd9f6bdd-1b7a-8bd5-eb15-6f5b19d8ea53,safarilink,2026-07-28T17:37:00,check_in,in_hours
ff2293db-bc55-91d8-0394-88f697bde4f5,safarilink,2026-07-31T13:05:00,schedules,in_hours
100d5bc6-7a0a-6aab-f400-638aa470af97,safarilink,2026-08-08T17:13:00,schedules,in_hours
fdc8502c-4eab-694e-ee17-d22a4f240441,safarilink,2026-08-03T16:33:00,booking_lookup,in_hours
66e17b3f-274d-0b9b-6b67-0fde86532edc,safarilink,2026-07-23T12:48:00,changes,in_hours
671db87f-df94-6aa2-7f15-bdb32338f32e,safarilink,2026-07-27T12:33:00,baggage,in_hours
0daa0f6b-5d18-6a42-da76-97c5b0e236a4,safarilink,2026-07-26T10:39:00,check_in,in_hours
b2eeff30-24ff-59a6-5e98-7e0775483ad4,safarilink,2026-07-28T07:28:00,check_in,outside_hours
feb55af9-2ba2-c3e6-265c-579a51a346f2,safarilink,2026-07-25T11:28:00,schedules,in_hours
9bbaa2f3-2b4e-443f-7128-f53a9434076c,safarilink,2026-08-02T14:49:00,booking_lookup,in_hours
c5006101-0640-f815-3a4e-0eaa82f5d15f,safarilink,2026-07-21T06:32:00,changes,outside_hours
05e7a996-5162-4f38-e1ad-eca27014e848,safarilink,2026-08-05T20:07:00,check_in,outside_hours
1e9b848e-d8da-caf3-f733-858114f0f714,safarilink,2026-08-08T13:45:00,check_in,in_hours
91d9e43c-2048-3e99-5672-3b4ed9c57141,safarilink,2026-08-05T14:35:00,schedules,in_hours
92ffec02-985d-b118-dcac-4895b23218ef,safarilink,2026-07-31T08:41:00,schedules,in_hours
bbfd3404-d4fd-3aaa-c474-beb1ab465216,safarilink,2026-07-25T09:01:00,destinations,in_hours
867d4af6-754c-8dc2-0d54-b8aa1e8c02b1,safarilink,2026-08-02T13:44:00,baggage,in_hours
532130b7-2827-a5ce-0953-6ed4a45cab33,safarilink,2026-07-22T08:03:00,schedules,in_hours
8cca3d66-aa16-8703-3bd1-870fa91600ac,safarilink,2026-07-27T20:30:00,other,outside_hours
914ccdda-4507-3882-f421-bc6e1b749b51,safarilink,2026-08-01T05:21:00,booking_lookup,outside_hours
9ded54ca-a5c5-d5b7-4bd8-2deb20e0277f,safarilink,2026-07-30T00:59:00,charters,outside_hours
896a8267-e633-f7db-55c6-6ddc3b3e9635,safarilink,2026-07-30T12:37:00,booking_lookup,in_hours
e93f3cf8-0316-2da7-cc50-1af88c2272da,safarilink,2026-07-30T16:50:00,baggage,in_hours
0e362338-5ab5-4145-4902-508995c57bc5,safarilink,2026-07-14T10:57:00,frequent_flyer,in_hours
f064cce7-7b07-9293-6150-a26ae24b3e2f,safarilink,2026-07-24T19:44:00,booking_lookup,outside_hours
e4981661-6b1a-eb74-bd61-17b3f8df250b,safarilink,2026-08-03T03:30:00,frequent_flyer,outside_hours
2bb0b628-9e19-ba47-e487-e82347b2efef,safarilink,2026-07-17T16:55:00,baggage,in_hours
cbb14778-c1cc-b715-3dee-b321b4b778a5,safarilink,2026-07-14T04:13:00,booking_lookup,outside_hours
0f464c4a-42af-da0c-089c-709ef6152b5d,safarilink,2026-08-05T10:34:00,booking_lookup,in_hours
f21a1936-3582-2482-a864-fe66049b6e40,safarilink,2026-07-20T01:06:00,other,outside_hours
57b4979f-f9ce-b2ca-7338-1d0c096ae685,safarilink,2026-08-05T00:04:00,booking_lookup,outside_hours
e6c1e3d8-d932-fa07-22fd-140499c96c78,safarilink,2026-07-18T02:33:00,baggage,outside_hours
323ead6f-7cc3-ae67-fd8e-5966838fa105,safarilink,2026-07-21T06:31:00,schedules,outside_hours
97e3d92c-a333-6428-8e76-7946bcc3c989,safarilink,2026-08-05T21:47:00,booking_lookup,outside_hours
31603d85-639b-8faa-d7c5-6012cf460af5,safarilink,2026-07-25T08:39:00,schedules,in_hours
1a89f53c-8e39-f2b5-56fb-9ed7df57c734,safarilink,2026-07-31T06:42:00,booking_lookup,outside_hours
6d3042e9-1362-6f86-c394-3bfb8e69c069,safarilink,2026-07-22T15:45:00,charters,in_hours
7932f448-daa5-ee13-26ed-2d955de2de58,safarilink,2026-07-25T12:10:00,baggage,in_hours
7112bcf4-5a6a-de3f-e295-f7ece25907ae,safarilink,2026-08-10T09:26:00,other,in_hours
576ae779-12ad-9fd5-12f6-18f843be243e,safarilink,2026-08-01T17:29:00,other,in_hours
92d180f7-c204-3c64-6fec-48783f920f42,safarilink,2026-07-17T23:43:00,frequent_flyer,outside_hours
a37150fd-c419-29c0-1b93-80bf0fd54c93,safarilink,2026-08-02T17:35:00,check_in,in_hours
bbda1a97-9e24-8219-b9eb-79d67f443eb7,safarilink,2026-08-07T17:58:00,baggage,in_hours
7f929a5e-3bae-54de-eec6-381e4aa37044,safarilink,2026-07-28T09:56:00,check_in,in_hours
7517ca40-fbc3-e13a-19d8-26d667adf16e,safarilink,2026-07-28T15:16:00,baggage,in_hours
fad52b36-1b41-9219-ef59-a0d88a79c628,safarilink,2026-07-26T09:43:00,booking_lookup,in_hours
bb492506-68b5-3c8f-a627-bb4ef938dd00,safarilink,2026-07-27T09:38:00,check_in,in_hours
f96f49d0-9026-9f2d-f10d-32e9e1d37d9e,safarilink,2026-07-19T04:59:00,check_in,outside_hours
37984c36-a0df-3c30-3ef9-b7843951d29f,safarilink,2026-07-19T17:03:00,other,in_hours
dfe06165-8565-008c-45ae-27157585f75e,safarilink,2026-07-17T08:23:00,schedules,in_hours
08548230-53be-cf11-d4a5-52c7d932dbe2,safarilink,2026-07-29T12:58:00,destinations,in_hours
