pnr,tenant_id,lead_passenger_surname,lead_passenger_name,contact_email,contact_phone,booking_date,status,total_paid,currency,is_kq_codeshare
XKPT4M,safarilink,Whitfield,Sarah,sarah.whitfield@example.com,+447098099028,2026-06-26,confirmed,1055.33,USD,False
RM9K2T,safarilink,Osborne,Thomas,thomas.osborne@example.com,+447012169248,2026-05-03,confirmed,1160.3,USD,False
RVA9ZW,safarilink,Castellano,Peter,peter.castellano@example.com,+447039563144,2026-02-18,flown,595.18,USD,False
RDLU4N,safarilink,Bergman,Elena,elena.bergman@example.com,+447047475924,2026-03-02,flown,1748.06,USD,False
67KDNK,safarilink,Blackwood,Paul,paul.blackwood@example.com,+447070297318,2026-07-21,confirmed,1087.59,USD,False
J8CT37,safarilink,Thornton,Robert,robert.thornton@example.com,+447099642212,2026-04-27,flown,2264.45,USD,False
39MDK9,safarilink,Bauer,Rachel,rachel.bauer@example.com,+447046281809,2026-04-15,flown,1426.58,USD,False
B4E4G9,safarilink,Okonkwo,Elena,elena.okonkwo@example.com,+447037555537,2026-06-09,confirmed,1245.98,USD,False
6ER6AJ,safarilink,Bergman,Claire,claire.bergman@example.com,+447072612636,2026-04-02,flown,1221.76,USD,False
VPTR25,safarilink,Blackwood,Sarah,sarah.blackwood@example.com,+447020238362,2026-05-31,confirmed,1064.14,USD,False
V97X8C,safarilink,Osborne,David,david.osborne@example.com,+447021173226,2026-04-18,flown,2178.96,USD,False
STB9Y9,safarilink,Kowalski,Elena,elena.kowalski@example.com,+447042817852,2026-01-30,flown,967.67,USD,True
W5WEVH,safarilink,Holloway,Laura,laura.holloway@example.com,+447096724781,2026-06-09,flown,1777.01,USD,False
SNGV3E,safarilink,Moreau,Elena,elena.moreau@example.com,+447070289539,2025-12-24,flown,854.09,USD,True
CZNT9H,safarilink,Van der Berg,Robert,robert.vanderberg@example.com,+447037851992,2026-06-28,confirmed,1045.41,USD,False
QTCRNJ,safarilink,Vasquez,Emma,emma.vasquez@example.com,+447091029581,2026-01-25,flown,2394.64,USD,False
UG89HD,safarilink,Blackwood,Claire,claire.blackwood@example.com,+447057432843,2026-04-13,flown,950.93,USD,False
9BXLQF,safarilink,Hargreaves,Michael,michael.hargreaves@example.com,+447035219856,2026-03-13,flown,806.65,USD,False
VNBP5G,safarilink,Fitzgerald,Elena,elena.fitzgerald@example.com,+447069655598,2026-06-25,confirmed,1633.03,USD,False
3LLT6Q,safarilink,Hargreaves,Robert,robert.hargreaves@example.com,+447013101366,2026-07-12,confirmed,455.64,USD,True
MQ7X5G,safarilink,Whitfield,Anna,anna.whitfield@example.com,+447028816482,2026-05-28,confirmed,234.73,USD,False
P68RJS,safarilink,Hargreaves,Claire,claire.hargreaves@example.com,+447032472942,2026-03-01,flown,659.53,USD,False
KAEGJ7,safarilink,Silva,Simon,simon.silva@example.com,+447051808518,2026-04-28,flown,2219.15,USD,False
AGVQ3E,safarilink,Novak,Michael,michael.novak@example.com,+447025080006,2026-02-11,flown,757.87,USD,False
SGLBM2,safarilink,Thornton,Claire,claire.thornton@example.com,+447067001234,2026-01-02,flown,2089.94,USD,False
GRAXVN,safarilink,Silva,Claire,claire.silva@example.com,+447086574765,2026-04-12,flown,323.39,USD,False
ZXDV3S,safarilink,Okonkwo,Johan,johan.okonkwo@example.com,+447051185723,2026-01-27,flown,965.33,USD,True
7REXXM,safarilink,Osborne,Robert,robert.osborne@example.com,+447024891371,2026-05-20,flown,440.89,USD,False
UXXJ2V,safarilink,Bauer,Peter,peter.bauer@example.com,+447031053642,2026-05-25,confirmed,2043.72,USD,False
3HQT5L,safarilink,Whitfield,Sophie,sophie.whitfield@example.com,+447034730881,2026-03-09,flown,497.1,USD,False
UMYUWW,safarilink,Silva,Laura,laura.silva@example.com,+447019474705,2026-02-09,flown,747.94,USD,False
PX5DJD,safarilink,Moreau,Sophie,sophie.moreau@example.com,+447014713931,2026-06-13,confirmed,1010.74,USD,False
CWHS37,safarilink,Andersen,Julia,julia.andersen@example.com,+447011367304,2026-07-17,confirmed,733.12,USD,True
7XUHKH,safarilink,Lindgren,Stefan,stefan.lindgren@example.com,+447076440692,2026-03-03,flown,1173.77,USD,False
9UHT6L,safarilink,Bauer,Laura,laura.bauer@example.com,+447073499214,2026-07-15,confirmed,453.32,USD,False
KA86WW,safarilink,Bergman,Michael,michael.bergman@example.com,+447056721237,2026-05-08,confirmed,713.06,USD,False
MLUNUK,safarilink,Dubois,Johan,johan.dubois@example.com,+447048040547,2026-03-26,flown,427.77,USD,False
7HGX6D,safarilink,Bennett,Peter,peter.bennett@example.com,+447056269674,2026-01-19,flown,1267.07,USD,False
ZHAQHL,safarilink,Bennett,Daniel,daniel.bennett@example.com,+447038125744,2026-02-06,flown,844.87,USD,False
G482G4,safarilink,Fitzgerald,Freya,freya.fitzgerald@example.com,+447038529878,2026-03-07,flown,572.23,USD,True
UPMYFN,safarilink,Bennett,Claire,claire.bennett@example.com,+447038950560,2026-06-24,flown,985.59,USD,False
28AGN7,safarilink,Andersen,Laura,laura.andersen@example.com,+447052763682,2026-04-10,flown,1382.43,USD,True
JQXT3S,safarilink,Whitfield,Lars,lars.whitfield@example.com,+447025331203,2026-05-09,flown,707.84,USD,True
3CPKVQ,safarilink,Marchetti,Rachel,rachel.marchetti@example.com,+447021871515,2026-01-15,flown,612.86,USD,False
GJQ9C6,safarilink,Petrov,Rachel,rachel.petrov@example.com,+447040672578,2026-04-23,flown,624.16,USD,False
4WCFNN,safarilink,Ferreira,Laura,laura.ferreira@example.com,+447045767634,2026-05-21,flown,1048.82,USD,False
4FCY9J,safarilink,Kaufmann,Julia,julia.kaufmann@example.com,+447066102529,2026-04-13,flown,2549.95,USD,False
52ATAU,safarilink,Bennett,Michael,michael.bennett@example.com,+447087500785,2026-07-13,confirmed,217.05,USD,False
LXB6W6,safarilink,Ellingsen,Lars,lars.ellingsen@example.com,+447059691001,2026-05-04,flown,915.49,USD,False
GQ65GT,safarilink,Moreau,Ingrid,ingrid.moreau@example.com,+447068911586,2026-05-19,flown,745.28,USD,False
TD7GDT,safarilink,Bauer,Thomas,thomas.bauer@example.com,+447087807586,2026-03-16,flown,1925.7,USD,False
RJ6QBF,safarilink,Holloway,Emma,emma.holloway@example.com,+447040883103,2026-06-07,confirmed,1601.14,USD,False
METEAM,safarilink,Silva,Michael,michael.silva@example.com,+447048342622,2026-05-18,confirmed,1930.98,USD,False
3JXMXX,safarilink,Moreau,Claire,claire.moreau@example.com,+447063190490,2026-03-07,flown,291.25,USD,False
USMT9D,safarilink,Bergman,Anna,anna.bergman@example.com,+447085038393,2026-06-01,flown,191.52,USD,False
435G2R,safarilink,Marchetti,Ingrid,ingrid.marchetti@example.com,+447053394721,2026-07-18,confirmed,785.38,USD,False
MBFM84,safarilink,Fitzgerald,Lars,lars.fitzgerald@example.com,+447099209049,2026-02-28,flown,836.43,USD,False
4R293X,safarilink,Kowalski,Elena,elena.kowalski@example.com,+447098620253,2026-02-09,flown,1487.92,USD,False
5KWET6,safarilink,Novak,Simon,simon.novak@example.com,+447099044261,2026-03-15,flown,365.3,USD,False
MJACE6,safarilink,Silva,Peter,peter.silva@example.com,+447081535918,2026-03-25,flown,1111.19,USD,True
ZSFGC7,safarilink,Moreau,James,james.moreau@example.com,+447020040814,2026-03-16,flown,564.88,USD,True
BGVCFX,safarilink,Blackwood,Ingrid,ingrid.blackwood@example.com,+447017203677,2026-05-23,confirmed,543.6,USD,False
TRBEAU,safarilink,Osborne,Maria,maria.osborne@example.com,+447048214976,2026-06-10,confirmed,1291.44,USD,False
3E5D3D,safarilink,Nakamura,Michael,michael.nakamura@example.com,+447074111334,2026-06-03,flown,495.22,USD,False
SG6936,safarilink,Thornton,Emma,emma.thornton@example.com,+447095141868,2026-02-21,flown,526.16,USD,False
Y3VYZP,safarilink,Andersen,Sarah,sarah.andersen@example.com,+447092448969,2026-05-31,confirmed,1043.35,USD,False
AHGM8S,safarilink,Ferreira,Laura,laura.ferreira@example.com,+447081572921,2026-03-30,flown,677.19,USD,False
SGQ65H,safarilink,Bennett,Freya,freya.bennett@example.com,+447079981818,2026-02-20,flown,578.76,USD,False
76R7J4,safarilink,Vasquez,Sarah,sarah.vasquez@example.com,+447070678098,2026-01-18,flown,955.51,USD,False
RWQGBK,safarilink,Petrov,Hannah,hannah.petrov@example.com,+447033634408,2026-04-23,flown,735.0,USD,False
2DVKTW,safarilink,Bennett,Ingrid,ingrid.bennett@example.com,+447034126392,2026-01-11,flown,943.55,USD,False
3VQSJQ,safarilink,Castellano,Andrew,andrew.castellano@example.com,+447072029900,2026-04-21,flown,1174.91,USD,False
X6US4W,safarilink,Lindgren,Stefan,stefan.lindgren@example.com,+447038416382,2026-07-24,confirmed,937.83,USD,False
PJZTMV,safarilink,Kowalski,Freya,freya.kowalski@example.com,+447038577447,2026-05-13,confirmed,1880.27,USD,False
F5PP63,safarilink,Kowalski,Hannah,hannah.kowalski@example.com,+447072037206,2026-06-07,flown,1892.24,USD,False
X3GVWK,safarilink,Lindqvist,Peter,peter.lindqvist@example.com,+447085615167,2026-05-21,flown,394.94,USD,False
3S2PYS,safarilink,Vasquez,Nicole,nicole.vasquez@example.com,+447058057359,2026-06-29,flown,881.4,USD,False
GDH3MU,safarilink,Thornton,Laura,laura.thornton@example.com,+447093014372,2026-03-13,flown,1535.93,USD,False
66W92E,safarilink,Thornton,Hannah,hannah.thornton@example.com,+447094954731,2026-05-31,flown,437.24,USD,False
3MB2WJ,safarilink,Castellano,Johan,johan.castellano@example.com,+447045338356,2026-04-30,flown,1850.29,USD,True
RSQ62W,safarilink,Bauer,Johan,johan.bauer@example.com,+447015470007,2026-02-08,flown,2242.42,USD,False
REPS84,safarilink,Ferreira,Michael,michael.ferreira@example.com,+447074693225,2026-02-09,flown,1048.3,USD,True
2T2834,safarilink,Bennett,Hannah,hannah.bennett@example.com,+447096231148,2026-04-06,flown,609.31,USD,False
QZPR2A,safarilink,Castellano,Michael,michael.castellano@example.com,+447051061992,2026-06-06,flown,1001.52,USD,False
87R8XR,safarilink,Schneider,Stefan,stefan.schneider@example.com,+447060228081,2026-04-26,flown,235.03,USD,False
DNT88L,safarilink,Andersen,Maria,maria.andersen@example.com,+447039868121,2026-03-23,flown,733.65,USD,False
JK4QG9,safarilink,Osborne,Paul,paul.osborne@example.com,+447071942763,2026-04-27,flown,908.5,USD,False
RS2L78,safarilink,Nakamura,Sarah,sarah.nakamura@example.com,+447044906658,2026-07-19,confirmed,288.81,USD,True
MPRF5Z,safarilink,Novak,Paul,paul.novak@example.com,+447078331258,2026-05-25,confirmed,217.08,USD,False
UK92X2,safarilink,Andersen,Christopher,christopher.andersen@example.com,+447040048859,2026-06-16,flown,1042.3,USD,False
P4V99A,safarilink,Dubois,Maria,maria.dubois@example.com,+447086312319,2026-03-20,flown,379.59,USD,False
EGGKKN,safarilink,Marchetti,Simon,simon.marchetti@example.com,+447024028742,2026-06-16,confirmed,410.21,USD,False
643RJY,safarilink,Whitfield,Thomas,thomas.whitfield@example.com,+447052575958,2026-06-13,confirmed,614.26,USD,False
MTF46Y,safarilink,Lindgren,Hannah,hannah.lindgren@example.com,+447062929019,2026-03-19,flown,1641.68,USD,False
FRCEVK,safarilink,Schneider,Claire,claire.schneider@example.com,+447027218314,2026-01-16,flown,790.6,USD,False
YSZHJS,safarilink,Bauer,Grace,grace.bauer@example.com,+447099366760,2026-05-21,confirmed,1189.59,USD,False
KAEXKZ,safarilink,Hargreaves,Simon,simon.hargreaves@example.com,+447042204445,2026-04-17,flown,1083.0,USD,False
MNJD5P,safarilink,Lindgren,Emma,emma.lindgren@example.com,+447080420669,2026-01-23,flown,385.48,USD,False
9P24CR,safarilink,Hargreaves,Mark,mark.hargreaves@example.com,+447039436866,2026-03-16,flown,1871.92,USD,True
3P77GB,safarilink,Van der Berg,Hannah,hannah.vanderberg@example.com,+447038079450,2026-06-07,flown,1203.13,USD,False
NTRM65,safarilink,Kaufmann,James,james.kaufmann@example.com,+447075906846,2026-03-16,flown,2258.12,USD,False
JDDGVW,safarilink,Schneider,Andrew,andrew.schneider@example.com,+447046543994,2026-06-26,flown,1075.57,USD,False
S952KQ,safarilink,Andersen,Daniel,daniel.andersen@example.com,+447023985246,2026-04-02,flown,450.43,USD,True
48HX4S,safarilink,Whitfield,Freya,freya.whitfield@example.com,+447048337712,2026-02-01,flown,1603.82,USD,True
EDDAAS,safarilink,Lindgren,Maria,maria.lindgren@example.com,+447053334317,2026-04-27,flown,677.78,USD,False
5DQUYN,safarilink,Lindgren,Mark,mark.lindgren@example.com,+447018969135,2026-07-16,flown,1092.76,USD,False
DRN8L9,safarilink,Silva,Robert,robert.silva@example.com,+447062174449,2026-07-13,confirmed,2162.95,USD,False
PV7D6U,safarilink,Ferreira,David,david.ferreira@example.com,+447085302208,2026-04-13,flown,431.19,USD,False
6FU2HF,safarilink,Silva,Peter,peter.silva@example.com,+447015517858,2026-05-03,confirmed,564.28,USD,False
DRXFVW,safarilink,Petrov,Elena,elena.petrov@example.com,+447097223809,2026-04-24,flown,987.42,USD,False
E5A2H2,safarilink,Castellano,Michael,michael.castellano@example.com,+447064172594,2026-06-17,confirmed,1057.64,USD,True
8ABC88,safarilink,Van der Berg,Emma,emma.vanderberg@example.com,+447048634162,2026-05-14,confirmed,180.32,USD,False
UMZP5W,safarilink,Petrov,Johan,johan.petrov@example.com,+447043480236,2026-01-15,flown,897.87,USD,False
8N8M5Q,safarilink,Silva,David,david.silva@example.com,+447062599294,2026-06-28,confirmed,899.23,USD,False
BNEP46,safarilink,Petrov,Andrew,andrew.petrov@example.com,+447010852640,2026-03-13,flown,569.27,USD,False
SPQX9X,safarilink,Novak,Nicole,nicole.novak@example.com,+447025449745,2026-02-14,flown,999.23,USD,False
ZETPBC,safarilink,Moreau,Michael,michael.moreau@example.com,+447026771896,2026-01-15,flown,1468.57,USD,False
NMMMWE,safarilink,Schneider,Andrew,andrew.schneider@example.com,+447086472549,2026-04-19,flown,529.13,USD,False
A9XJUQ,safarilink,Whitfield,David,david.whitfield@example.com,+447033246078,2026-03-13,flown,1139.21,USD,True
MAV49F,safarilink,Andersen,Ingrid,ingrid.andersen@example.com,+447091218044,2026-06-25,flown,1349.81,USD,False
ZLXRRF,safarilink,Dubois,Nicole,nicole.dubois@example.com,+447087609310,2026-07-16,confirmed,991.87,USD,False
PKMPLT,safarilink,Van der Berg,Anna,anna.vanderberg@example.com,+447052894777,2026-04-29,flown,1163.72,USD,False
6FPFPX,safarilink,Schneider,Mark,mark.schneider@example.com,+447055845077,2026-01-28,flown,1057.47,USD,False
ZT4ADA,safarilink,Petrov,James,james.petrov@example.com,+447010529662,2026-05-13,flown,1036.77,USD,False
HRFG4C,safarilink,Silva,Grace,grace.silva@example.com,+447043814077,2026-02-18,flown,1345.16,USD,False
SJHMG6,safarilink,Ferreira,Grace,grace.ferreira@example.com,+447099800955,2026-02-20,flown,844.97,USD,True
84CA6A,safarilink,Novak,Elena,elena.novak@example.com,+447034206310,2026-04-07,flown,487.11,USD,False
29TVJP,safarilink,Lindgren,Sophie,sophie.lindgren@example.com,+447081244845,2026-05-04,flown,1260.2,USD,False
7CA4H7,safarilink,Moreau,Johan,johan.moreau@example.com,+447049723885,2026-03-31,flown,444.64,USD,False
P6Z9MD,safarilink,Nakamura,Mark,mark.nakamura@example.com,+447049576540,2026-03-15,flown,1163.39,USD,False
DYKSRY,safarilink,Vasquez,Julia,julia.vasquez@example.com,+447045948828,2026-04-27,flown,1401.81,USD,False
LFNYWF,safarilink,Osborne,Hannah,hannah.osborne@example.com,+447019549382,2026-07-13,confirmed,759.67,USD,False
MZ5K8Q,safarilink,Schneider,Julia,julia.schneider@example.com,+447090473780,2026-02-21,flown,1518.71,USD,False
CC9N55,safarilink,Nakamura,Michael,michael.nakamura@example.com,+447086612407,2026-05-07,flown,505.76,USD,False
P2LFYS,safarilink,Bauer,Anna,anna.bauer@example.com,+447020793434,2026-03-07,flown,1224.61,USD,False
QPC43P,safarilink,Kowalski,James,james.kowalski@example.com,+447085219272,2026-06-17,confirmed,1193.83,USD,False
DWRCER,safarilink,Blackwood,Freya,freya.blackwood@example.com,+447028619902,2026-02-27,flown,867.43,USD,False
M7U9QJ,safarilink,Castellano,Sophie,sophie.castellano@example.com,+447035027378,2026-05-14,flown,439.91,USD,False
EXSP4E,safarilink,Silva,Robert,robert.silva@example.com,+447052950565,2026-06-17,confirmed,368.46,USD,False
H2MSQF,safarilink,Novak,Peter,peter.novak@example.com,+447088655153,2026-07-11,flown,939.85,USD,False
GUPRTA,safarilink,Kaufmann,Mark,mark.kaufmann@example.com,+447089291726,2026-04-03,flown,612.96,USD,False
PZJGYS,safarilink,Bennett,Stefan,stefan.bennett@example.com,+447077261471,2026-04-28,flown,398.94,USD,False
D2743K,safarilink,Fitzgerald,Sophie,sophie.fitzgerald@example.com,+447017096963,2026-03-14,flown,473.82,USD,False
23PSUW,safarilink,Dubois,Hannah,hannah.dubois@example.com,+447017409837,2026-02-14,flown,2001.1,USD,False
KDMFMH,safarilink,Ferreira,Anna,anna.ferreira@example.com,+447059617141,2026-01-26,flown,1430.25,USD,False
BMU7NK,safarilink,Kaufmann,Simon,simon.kaufmann@example.com,+447050603693,2026-03-27,flown,1650.26,USD,False
T2PWHV,safarilink,Hargreaves,Sarah,sarah.hargreaves@example.com,+447081911446,2026-04-03,flown,1740.92,USD,False
35QFFJ,safarilink,Bergman,Johan,johan.bergman@example.com,+447047087416,2026-01-12,flown,380.87,USD,False
TLZDUK,safarilink,Vasquez,Mark,mark.vasquez@example.com,+447072538555,2026-03-12,flown,612.44,USD,False
96CHEZ,safarilink,Andersen,Lars,lars.andersen@example.com,+447011921011,2026-02-27,flown,704.74,USD,True
A6VCLD,safarilink,Blackwood,Ingrid,ingrid.blackwood@example.com,+447042974011,2026-03-30,flown,1458.96,USD,False
4XM4LE,safarilink,Thornton,James,james.thornton@example.com,+447095792867,2026-05-18,flown,1879.87,USD,False
PQS4ND,safarilink,Petrov,Ingrid,ingrid.petrov@example.com,+447057628420,2026-05-24,flown,979.79,USD,False
JBY586,safarilink,Hargreaves,Sarah,sarah.hargreaves@example.com,+447068571713,2026-01-31,flown,886.7,USD,False
XS6ANW,safarilink,Andersen,James,james.andersen@example.com,+447057259332,2026-01-28,flown,1211.45,USD,False
CH7MHN,safarilink,Marchetti,Elena,elena.marchetti@example.com,+447059573701,2026-02-24,flown,1041.21,USD,False
GWXBET,safarilink,Moreau,Robert,robert.moreau@example.com,+447073231697,2026-01-27,flown,1630.11,USD,False
M8FAKL,safarilink,Kowalski,Stefan,stefan.kowalski@example.com,+447038080705,2026-02-07,flown,1829.95,USD,False
HW3R47,safarilink,Castellano,Claire,claire.castellano@example.com,+447018812976,2026-04-17,flown,1250.59,USD,False
VV7X44,safarilink,Marchetti,Julia,julia.marchetti@example.com,+447013305414,2026-05-01,flown,2482.64,USD,False
96MA9W,safarilink,Thornton,Claire,claire.thornton@example.com,+447010755922,2026-02-22,flown,807.46,USD,False
QWVGKU,safarilink,Nakamura,Maria,maria.nakamura@example.com,+447080416713,2026-03-02,flown,238.08,USD,True
7T3HCR,safarilink,Andersen,Freya,freya.andersen@example.com,+447063538822,2026-01-09,flown,632.02,USD,False
ZJV8RU,safarilink,Vasquez,Hannah,hannah.vasquez@example.com,+447027980005,2026-03-28,flown,1038.11,USD,False
YN59X9,safarilink,Bergman,Nicole,nicole.bergman@example.com,+447067108394,2026-04-12,flown,898.3,USD,False
Q8WVS3,safarilink,Kowalski,Christopher,christopher.kowalski@example.com,+447032154690,2026-07-12,confirmed,334.77,USD,False
V868DC,safarilink,Ferreira,Peter,peter.ferreira@example.com,+447083017258,2026-04-17,flown,1897.95,USD,False
F3MPUS,safarilink,Vasquez,David,david.vasquez@example.com,+447030215299,2026-03-04,flown,1526.01,USD,False
XZ4DXH,safarilink,Rossi,Maria,maria.rossi@example.com,+447069927790,2026-05-07,flown,369.82,USD,False
TEVQLC,safarilink,Castellano,Johan,johan.castellano@example.com,+447012449547,2026-06-23,confirmed,1107.94,USD,False
6QPUWQ,safarilink,Thornton,Christopher,christopher.thornton@example.com,+447080553786,2026-07-25,confirmed,407.03,USD,False
DDUN42,safarilink,Castellano,James,james.castellano@example.com,+447057399216,2026-07-13,flown,615.71,USD,True
V8TYQX,safarilink,Andersen,Lars,lars.andersen@example.com,+447053848554,2026-01-17,flown,776.47,USD,False
Y3VUWF,safarilink,Lindgren,Anna,anna.lindgren@example.com,+447046624404,2026-05-16,flown,680.36,USD,True
W3AU8G,safarilink,Rossi,Claire,claire.rossi@example.com,+447073586422,2026-04-03,flown,1509.59,USD,False
CG2ETQ,safarilink,Nakamura,Julia,julia.nakamura@example.com,+447023256034,2026-03-15,flown,303.28,USD,False
596KER,safarilink,Schneider,David,david.schneider@example.com,+447021886486,2026-03-23,flown,305.62,USD,False
DKA6QL,safarilink,Marchetti,Ingrid,ingrid.marchetti@example.com,+447086092927,2026-05-22,flown,439.23,USD,False
UKH9N3,safarilink,Whitfield,Claire,claire.whitfield@example.com,+447096903977,2026-03-05,flown,1020.4,USD,False
J5SLKG,safarilink,Osborne,Grace,grace.osborne@example.com,+447053407169,2026-08-17,confirmed,2300.31,USD,False
KGPJN8,safarilink,Blackwood,Sarah,sarah.blackwood@example.com,+447051406754,2026-07-16,confirmed,943.08,USD,False
YKXREP,safarilink,Bergman,Paul,paul.bergman@example.com,+447040537554,2026-04-28,flown,1025.6,USD,False
JXQ4YJ,safarilink,Kowalski,Sophie,sophie.kowalski@example.com,+447074359571,2026-04-17,flown,404.49,USD,False
QM3MBA,safarilink,Blackwood,Claire,claire.blackwood@example.com,+447013964632,2026-07-10,confirmed,887.54,USD,False
N6S4FQ,safarilink,Kowalski,Rachel,rachel.kowalski@example.com,+447013167368,2026-04-20,flown,1545.14,USD,True
YLRRQW,safarilink,Silva,Elena,elena.silva@example.com,+447040571776,2026-02-20,flown,837.03,USD,True
HB74M9,safarilink,Novak,Emma,emma.novak@example.com,+447058616267,2026-05-06,confirmed,442.64,USD,False
73WC3A,safarilink,Thornton,Daniel,daniel.thornton@example.com,+447019694474,2026-04-30,flown,243.47,USD,False
UBWFSF,safarilink,Rossi,Simon,simon.rossi@example.com,+447096828769,2026-03-20,flown,1833.84,USD,False
HUNTC8,safarilink,Marchetti,Ingrid,ingrid.marchetti@example.com,+447081575973,2026-07-16,confirmed,444.18,USD,False
XZF5B9,safarilink,Van der Berg,Rachel,rachel.vanderberg@example.com,+447070235155,2026-06-14,confirmed,855.33,USD,False
LS5HAX,safarilink,Bauer,Nicole,nicole.bauer@example.com,+447069163737,2026-06-10,flown,263.48,USD,True
5CRQSQ,safarilink,Schneider,Hannah,hannah.schneider@example.com,+447046513665,2026-07-12,confirmed,603.13,USD,False
6MNDSP,safarilink,Marchetti,Johan,johan.marchetti@example.com,+447031205905,2026-03-23,flown,1169.83,USD,False
4FZCKT,safarilink,Lindqvist,Sophie,sophie.lindqvist@example.com,+447057907756,2026-04-16,flown,474.14,USD,False
ZF9R3G,safarilink,Novak,Sophie,sophie.novak@example.com,+447068547628,2026-06-19,flown,1041.88,USD,True
GVJVPJ,safarilink,Rossi,Elena,elena.rossi@example.com,+447027744711,2026-03-30,flown,549.42,USD,False
5HLCKS,safarilink,Marchetti,Mark,mark.marchetti@example.com,+447093199666,2026-03-30,flown,222.58,USD,False
3VXVYY,safarilink,Ellingsen,Rachel,rachel.ellingsen@example.com,+447044062955,2026-06-03,flown,1791.14,USD,True
TMEBQ4,safarilink,Bergman,Anna,anna.bergman@example.com,+447017574070,2026-03-21,flown,1175.47,USD,False
3HD5WU,safarilink,Whitfield,Emma,emma.whitfield@example.com,+447046898886,2026-03-15,flown,936.06,USD,True
6BHQQH,safarilink,Blackwood,David,david.blackwood@example.com,+447028167569,2026-04-28,flown,505.07,USD,False
8MBXEH,safarilink,Kowalski,Sarah,sarah.kowalski@example.com,+447056098500,2026-06-26,confirmed,1078.81,USD,False
2C7QY8,safarilink,Bennett,Claire,claire.bennett@example.com,+447073603779,2026-05-16,flown,1227.22,USD,False
NDKUKS,safarilink,Castellano,Robert,robert.castellano@example.com,+447066341726,2026-03-03,flown,1136.51,USD,True
EPYPG9,safarilink,Kowalski,Sarah,sarah.kowalski@example.com,+447048917032,2026-01-07,flown,904.12,USD,False
PEJXSD,safarilink,Okonkwo,Christopher,christopher.okonkwo@example.com,+447093063712,2026-03-24,flown,1621.57,USD,False
66MJRR,safarilink,Bauer,Christopher,christopher.bauer@example.com,+447099937171,2026-05-16,flown,1142.28,USD,False
6LWDW9,safarilink,Hargreaves,Sophie,sophie.hargreaves@example.com,+447066428576,2026-03-24,flown,945.9,USD,False
XUC4KZ,safarilink,Novak,Thomas,thomas.novak@example.com,+447012058176,2026-05-06,flown,334.67,USD,False
N99MWT,safarilink,Kaufmann,Daniel,daniel.kaufmann@example.com,+447021568393,2026-06-04,flown,948.09,USD,False
U7PQ65,safarilink,Novak,Anna,anna.novak@example.com,+447058935077,2026-04-03,flown,661.35,USD,True
UT7MGC,safarilink,Thornton,Andrew,andrew.thornton@example.com,+447019750767,2026-03-28,flown,1046.76,USD,False
N3EK5R,safarilink,Kowalski,Freya,freya.kowalski@example.com,+447032348781,2026-03-01,flown,600.34,USD,False
ZL7SFF,safarilink,Dubois,Anna,anna.dubois@example.com,+447040522940,2026-02-01,flown,1857.21,USD,False
5UNMXP,safarilink,Schneider,Michael,michael.schneider@example.com,+447091146933,2026-04-02,flown,341.76,USD,False
Y4T2KT,safarilink,Petrov,Grace,grace.petrov@example.com,+447090441914,2026-06-08,flown,556.91,USD,False
99MVMM,safarilink,Lindqvist,Ingrid,ingrid.lindqvist@example.com,+447013484158,2026-04-17,flown,505.45,USD,False
EVTKU6,safarilink,Hargreaves,Michael,michael.hargreaves@example.com,+447033080938,2026-04-19,flown,1862.69,USD,False
EGBSLF,safarilink,Ferreira,Christopher,christopher.ferreira@example.com,+447020949601,2026-05-13,confirmed,424.76,USD,False
ZJS2CW,safarilink,Van der Berg,Thomas,thomas.vanderberg@example.com,+447088768002,2026-08-01,confirmed,1023.97,USD,False
VXWFA3,safarilink,Marchetti,Johan,johan.marchetti@example.com,+447027282601,2026-03-13,flown,958.64,USD,False
4GR2UR,safarilink,Whitfield,Peter,peter.whitfield@example.com,+447027388530,2026-05-04,flown,796.4,USD,False
H5LVY3,safarilink,Castellano,Ingrid,ingrid.castellano@example.com,+447083086662,2026-05-04,flown,651.11,USD,False
JBFFBA,safarilink,Vasquez,Sarah,sarah.vasquez@example.com,+447057720081,2026-06-02,confirmed,1267.95,USD,False
PRCPYA,safarilink,Novak,Maria,maria.novak@example.com,+447072043052,2026-03-04,flown,1036.48,USD,False
GZ5DNR,safarilink,Blackwood,Maria,maria.blackwood@example.com,+447076699149,2026-07-21,confirmed,623.22,USD,False
8DEXAM,safarilink,Dubois,Nicole,nicole.dubois@example.com,+447088838683,2026-03-12,flown,388.07,USD,True
CVR7Z2,safarilink,Osborne,Paul,paul.osborne@example.com,+447013042657,2026-03-20,flown,483.77,USD,True
SXJGCN,safarilink,Fitzgerald,Simon,simon.fitzgerald@example.com,+447071474834,2026-01-07,flown,2524.3,USD,False
GJ2BGF,safarilink,Ellingsen,Sophie,sophie.ellingsen@example.com,+447038332835,2026-01-10,flown,1514.77,USD,False
3EHR22,safarilink,Schneider,Simon,simon.schneider@example.com,+447055215441,2026-03-16,flown,1943.87,USD,False
5GKA6H,safarilink,Fitzgerald,Laura,laura.fitzgerald@example.com,+447051574255,2026-05-04,flown,1501.2,USD,False
6VZ8MC,safarilink,Thornton,Freya,freya.thornton@example.com,+447065444248,2026-03-23,flown,1174.33,USD,False
LQHCGA,safarilink,Ferreira,David,david.ferreira@example.com,+447051279504,2026-05-27,flown,1017.85,USD,False
7T4L5R,safarilink,Schneider,Elena,elena.schneider@example.com,+447062396496,2026-06-16,flown,867.13,USD,False
8JDYRM,safarilink,Kaufmann,Johan,johan.kaufmann@example.com,+447046507263,2026-02-09,flown,1516.32,USD,False
YQGMYP,safarilink,Castellano,Andrew,andrew.castellano@example.com,+447079851894,2026-06-22,flown,721.84,USD,False
J2NEEB,safarilink,Blackwood,Peter,peter.blackwood@example.com,+447059683960,2026-05-17,confirmed,745.54,USD,False
S4LTJS,safarilink,Thornton,Maria,maria.thornton@example.com,+447012233918,2026-03-08,flown,544.46,USD,True
XTP8CN,safarilink,Fitzgerald,Rachel,rachel.fitzgerald@example.com,+447020635701,2026-06-09,flown,1617.79,USD,False
DD82F7,safarilink,Osborne,Andrew,andrew.osborne@example.com,+447022181007,2026-04-13,flown,2110.11,USD,False
346LYC,safarilink,Fitzgerald,Hannah,hannah.fitzgerald@example.com,+447090653159,2026-05-02,flown,593.37,USD,False
32N7Q6,safarilink,Hargreaves,Laura,laura.hargreaves@example.com,+447047262111,2026-02-27,flown,1176.51,USD,False
EC2GM8,safarilink,Bauer,Anna,anna.bauer@example.com,+447082565451,2026-05-18,flown,558.64,USD,True
WUACDU,safarilink,Nakamura,Julia,julia.nakamura@example.com,+447017668661,2026-05-19,confirmed,1389.74,USD,False
FMMS6S,safarilink,Van der Berg,Robert,robert.vanderberg@example.com,+447014060037,2026-05-01,flown,646.52,USD,True
UJFUHV,safarilink,Van der Berg,Michael,michael.vanderberg@example.com,+447047568393,2026-06-26,flown,1172.29,USD,True
S4NRVN,safarilink,Van der Berg,Peter,peter.vanderberg@example.com,+447023610489,2026-03-31,flown,2393.84,USD,False
AY37XV,safarilink,Blackwood,James,james.blackwood@example.com,+447051760103,2026-03-01,flown,901.1,USD,False
TZ9WNH,safarilink,Castellano,Andrew,andrew.castellano@example.com,+447023426324,2026-03-01,flown,1710.51,USD,False
2G558A,safarilink,Blackwood,Emma,emma.blackwood@example.com,+447070618078,2026-07-06,flown,1224.35,USD,True
JPQHSQ,safarilink,Blackwood,Simon,simon.blackwood@example.com,+447038855179,2026-05-12,flown,580.81,USD,False
A3FSCA,safarilink,Dubois,Maria,maria.dubois@example.com,+447089485756,2026-04-25,flown,1555.8,USD,False
3TGV7W,safarilink,Bennett,Johan,johan.bennett@example.com,+447095419215,2026-05-01,flown,527.85,USD,False
T57VNZ,safarilink,Bauer,Peter,peter.bauer@example.com,+447079122139,2026-04-15,flown,506.63,USD,False
2KDB3E,safarilink,Moreau,Lars,lars.moreau@example.com,+447088233207,2026-05-30,confirmed,2462.28,USD,False
GJSSQY,safarilink,Dubois,Julia,julia.dubois@example.com,+447086697933,2026-07-25,confirmed,1300.09,USD,True
3XPRTQ,safarilink,Andersen,Sophie,sophie.andersen@example.com,+447056223520,2026-04-27,flown,539.73,USD,False
VT2EQN,safarilink,Dubois,Christopher,christopher.dubois@example.com,+447052203384,2026-01-07,flown,220.51,USD,False
5UT4GK,safarilink,Ellingsen,Robert,robert.ellingsen@example.com,+447071163821,2026-04-28,flown,803.07,USD,False
4V46PX,safarilink,Fitzgerald,Rachel,rachel.fitzgerald@example.com,+447084831161,2026-06-27,confirmed,1085.59,USD,False
CVCSRQ,safarilink,Petrov,Maria,maria.petrov@example.com,+447010347648,2026-02-19,flown,531.5,USD,False
GHCKRQ,safarilink,Holloway,Mark,mark.holloway@example.com,+447032716107,2026-01-31,flown,368.74,USD,False
KDHUMB,safarilink,Thornton,Johan,johan.thornton@example.com,+447021484525,2026-04-30,flown,955.21,USD,True
JBWT4M,safarilink,Rossi,Freya,freya.rossi@example.com,+447089976106,2026-04-17,flown,1180.76,USD,False
9M645C,safarilink,Novak,Maria,maria.novak@example.com,+447057167304,2026-04-12,flown,654.83,USD,False
2PL3FS,safarilink,Petrov,Andrew,andrew.petrov@example.com,+447064224659,2026-05-17,confirmed,753.59,USD,False
P26R5B,safarilink,Fitzgerald,Anna,anna.fitzgerald@example.com,+447066875767,2026-06-27,confirmed,346.55,USD,False
N8Z88M,safarilink,Ferreira,Grace,grace.ferreira@example.com,+447097108966,2026-05-14,flown,1019.03,USD,False
9P6DQ8,safarilink,Petrov,Andrew,andrew.petrov@example.com,+447093969135,2026-05-14,flown,1060.83,USD,False
YTBSK5,safarilink,Dubois,Julia,julia.dubois@example.com,+447047109154,2026-03-24,flown,218.59,USD,False
YMKU2V,safarilink,Marchetti,Ingrid,ingrid.marchetti@example.com,+447030859913,2026-04-30,flown,992.15,USD,True
D7ZMWK,safarilink,Andersen,Andrew,andrew.andersen@example.com,+447092454082,2026-06-21,flown,967.5,USD,False
HQCHDJ,safarilink,Novak,Elena,elena.novak@example.com,+447038266378,2026-06-11,flown,1441.87,USD,False
NC49SA,safarilink,Rossi,Claire,claire.rossi@example.com,+447079741511,2026-05-27,flown,909.29,USD,True
UBE9MG,safarilink,Andersen,Elena,elena.andersen@example.com,+447098916583,2026-06-12,flown,627.08,USD,True
WAZBHN,safarilink,Schneider,James,james.schneider@example.com,+447066777222,2026-07-20,flown,851.62,USD,False
LGZD2V,safarilink,Lindqvist,Michael,michael.lindqvist@example.com,+447011117697,2026-03-26,flown,2053.75,USD,False
SA67NL,safarilink,Hargreaves,Michael,michael.hargreaves@example.com,+447025184231,2025-12-23,flown,625.93,USD,False
5G5396,safarilink,Okonkwo,Claire,claire.okonkwo@example.com,+447096024125,2026-04-18,flown,1771.08,USD,True
TZCT3B,safarilink,Okonkwo,Emma,emma.okonkwo@example.com,+447032587566,2026-05-03,confirmed,2004.44,USD,False
J7PQL8,safarilink,Marchetti,Thomas,thomas.marchetti@example.com,+447014289920,2026-04-18,flown,2084.97,USD,False
ULQPBU,safarilink,Schneider,Sophie,sophie.schneider@example.com,+447099856173,2026-03-10,flown,1079.69,USD,False
HH7GRB,safarilink,Lindgren,Christopher,christopher.lindgren@example.com,+447029981581,2026-05-02,flown,1868.42,USD,True
MVDWAZ,safarilink,Silva,Sophie,sophie.silva@example.com,+447067058147,2026-03-14,flown,345.72,USD,False
YQMAKZ,safarilink,Lindgren,Ingrid,ingrid.lindgren@example.com,+447024246807,2026-03-23,flown,1018.31,USD,False
XMYNZ9,safarilink,Bauer,Peter,peter.bauer@example.com,+447056464622,2026-07-30,confirmed,598.49,USD,False
BEA73Y,safarilink,Petrov,Ingrid,ingrid.petrov@example.com,+447019898978,2026-05-23,flown,581.79,USD,False
95GNWS,safarilink,Ellingsen,Simon,simon.ellingsen@example.com,+447011924227,2026-03-01,flown,625.7,USD,False
RRFU6P,safarilink,Kowalski,Ingrid,ingrid.kowalski@example.com,+447033626160,2026-06-26,flown,1330.0,USD,False
EL58K6,safarilink,Ferreira,Mark,mark.ferreira@example.com,+447069476764,2026-02-18,flown,481.8,USD,False
4WNHL6,safarilink,Bergman,Maria,maria.bergman@example.com,+447080273312,2026-01-12,flown,437.21,USD,False
GLYVU2,safarilink,Petrov,Ingrid,ingrid.petrov@example.com,+447096391799,2026-01-12,flown,1646.68,USD,True
2NNUP6,safarilink,Rossi,Christopher,christopher.rossi@example.com,+447041522987,2026-03-18,flown,634.24,USD,False
BJL7KC,safarilink,Castellano,Michael,michael.castellano@example.com,+447074981607,2026-06-18,flown,537.34,USD,False
YVN2T4,safarilink,Whitfield,Julia,julia.whitfield@example.com,+447096075535,2026-05-03,flown,659.59,USD,False
XLQVZN,safarilink,Castellano,Daniel,daniel.castellano@example.com,+447088397885,2026-03-03,flown,1789.84,USD,False
9H789L,safarilink,Silva,Johan,johan.silva@example.com,+447069996234,2026-04-11,flown,1493.8,USD,False
D74L8Q,safarilink,Castellano,Paul,paul.castellano@example.com,+447043333255,2026-07-16,confirmed,1524.42,USD,False
CPW4G9,safarilink,Nakamura,Claire,claire.nakamura@example.com,+447061007098,2026-04-02,flown,767.3,USD,False
LZTKRY,safarilink,Kaufmann,Daniel,daniel.kaufmann@example.com,+447072037477,2026-03-17,flown,926.34,USD,False
HWQVGA,safarilink,Schneider,James,james.schneider@example.com,+447065336116,2026-03-29,flown,639.16,USD,False
9YDN7R,safarilink,Bauer,Christopher,christopher.bauer@example.com,+447024557439,2026-05-08,flown,494.02,USD,False
828R8M,safarilink,Andersen,Robert,robert.andersen@example.com,+447096243757,2026-04-12,flown,945.98,USD,False
GBP5DS,safarilink,Kowalski,Paul,paul.kowalski@example.com,+447097399909,2026-03-22,flown,336.39,USD,False
R3PG5E,safarilink,Nakamura,Ingrid,ingrid.nakamura@example.com,+447043737286,2026-03-17,flown,513.19,USD,False
4SHBD6,safarilink,Blackwood,Laura,laura.blackwood@example.com,+447040414522,2026-02-21,flown,302.8,USD,False
7SS2AH,safarilink,Petrov,James,james.petrov@example.com,+447030772867,2026-04-05,flown,850.49,USD,False
YNUXW3,safarilink,Ellingsen,Claire,claire.ellingsen@example.com,+447040046033,2026-04-20,flown,811.89,USD,False
37XHBZ,safarilink,Rossi,Grace,grace.rossi@example.com,+447055003135,2026-03-31,flown,257.42,USD,True
64KXQ8,safarilink,Van der Berg,Andrew,andrew.vanderberg@example.com,+447066688077,2026-05-17,confirmed,1445.8,USD,False
Y7LYFJ,safarilink,Ferreira,Julia,julia.ferreira@example.com,+447061128816,2026-01-11,flown,675.7,USD,False
J74TN7,safarilink,Fitzgerald,Johan,johan.fitzgerald@example.com,+447069157693,2026-04-13,flown,377.26,USD,False
E7WHFS,safarilink,Dubois,Julia,julia.dubois@example.com,+447093126777,2026-03-14,flown,1255.41,USD,False
TVUJTH,safarilink,Andersen,Robert,robert.andersen@example.com,+447037081886,2026-06-30,confirmed,930.05,USD,False
W7BSTE,safarilink,Osborne,Ingrid,ingrid.osborne@example.com,+447073139721,2026-02-13,flown,847.38,USD,False
W8FYDC,safarilink,Dubois,Freya,freya.dubois@example.com,+447020987731,2026-05-23,flown,924.91,USD,False
RXPFG9,safarilink,Lindqvist,Andrew,andrew.lindqvist@example.com,+447089218489,2026-03-19,flown,1100.89,USD,False
T2NMZR,safarilink,Osborne,Anna,anna.osborne@example.com,+447034788187,2026-03-28,flown,1661.97,USD,False
WJRBG7,safarilink,Silva,Maria,maria.silva@example.com,+447041597486,2026-03-02,flown,628.74,USD,False
DXJPBP,safarilink,Kaufmann,Emma,emma.kaufmann@example.com,+447035615256,2026-05-06,flown,625.03,USD,False
5YJ4YZ,safarilink,Vasquez,Sarah,sarah.vasquez@example.com,+447020349253,2026-05-09,flown,788.66,USD,True
UJV9W6,safarilink,Bergman,Emma,emma.bergman@example.com,+447047306172,2026-04-01,flown,466.61,USD,False
59BT2D,safarilink,Blackwood,Nicole,nicole.blackwood@example.com,+447039587980,2026-03-23,flown,1133.06,USD,False
HZCSP3,safarilink,Castellano,David,david.castellano@example.com,+447056979879,2026-05-30,flown,281.09,USD,False
3AV7UT,safarilink,Kaufmann,Grace,grace.kaufmann@example.com,+447060532254,2026-03-24,flown,1739.76,USD,False
8EPW5M,safarilink,Novak,Lars,lars.novak@example.com,+447094311611,2026-03-17,flown,402.27,USD,False
VCQPJG,safarilink,Andersen,Claire,claire.andersen@example.com,+447073741116,2026-03-15,flown,541.83,USD,False
957LSV,safarilink,Schneider,Grace,grace.schneider@example.com,+447025777477,2026-07-11,confirmed,2189.92,USD,False
CWCN3L,safarilink,Okonkwo,David,david.okonkwo@example.com,+447038800773,2026-04-24,flown,1240.11,USD,False
STRRTR,safarilink,Whitfield,Nicole,nicole.whitfield@example.com,+447089365965,2026-01-19,flown,1472.13,USD,True
CUM5MQ,safarilink,Lindqvist,Christopher,christopher.lindqvist@example.com,+447028402171,2026-07-01,confirmed,862.8,USD,False
XKXMUH,safarilink,Whitfield,Nicole,nicole.whitfield@example.com,+447030358959,2026-07-20,confirmed,505.39,USD,False
SP8X4U,safarilink,Bergman,Anna,anna.bergman@example.com,+447042769280,2026-05-26,flown,419.66,USD,False
9LLGPU,safarilink,Van der Berg,Paul,paul.vanderberg@example.com,+447025078157,2026-05-13,flown,1193.51,USD,False
2TAHFD,safarilink,Lindqvist,Andrew,andrew.lindqvist@example.com,+447051245285,2026-04-16,flown,247.46,USD,False
U6W2PP,safarilink,Osborne,Julia,julia.osborne@example.com,+447078645601,2026-01-14,flown,713.75,USD,False
UQ9N6S,safarilink,Rossi,Daniel,daniel.rossi@example.com,+447020247157,2026-05-08,confirmed,610.73,USD,False
KZYA9G,safarilink,Castellano,James,james.castellano@example.com,+447096411146,2026-02-22,flown,200.3,USD,True
