passenger_id,pnr,full_name,passenger_type,baggage_allowance_kg,special_assistance
9d6a45fb-7452-dc6f-06f3-4664b9bd3eb0,XKPT4M,Sarah Whitfield,adult,20,
eaec71f9-43ed-8b78-451f-b6405c50f7f8,XKPT4M,Ingrid Whitfield,adult,20,
763240c9-dd08-5372-4609-e62b010c8837,RM9K2T,Thomas Osborne,adult,15,
dd0b0526-9acd-ff31-1fff-6c5e23087da1,RM9K2T,Sarah Osborne,adult,15,
53ff56e7-8790-a328-b6dd-6cb4fbf19ef1,RVA9ZW,Peter Castellano,adult,15,
36fe0dda-f2cf-8e7e-1eed-65332c353a2d,RVA9ZW,Andrew Castellano,adult,15,
110ceabb-cdf4-9ed3-104c-fe1e3c610de1,RDLU4N,Elena Bergman,adult,20,
39d18cb8-a839-3365-eda8-2e9adaf399cc,RDLU4N,Robert Bergman,adult,20,
c7343241-ad53-cb6e-51eb-1ef18ad53f96,RDLU4N,Sophie Bergman,adult,20,
4bf25a10-2a9b-c9ac-0177-fa7cc4f52a06,67KDNK,Paul Blackwood,adult,15,
e7ccfdc0-431c-0df8-3b4e-b47f926c541e,67KDNK,Hannah Blackwood,adult,15,
4d9e869c-29a8-62b7-d8df-dc87212349d5,67KDNK,Maria Blackwood,adult,15,
f49c509b-c5f0-ec78-9f64-1850ebf9c5f8,J8CT37,Robert Thornton,adult,15,
681e22bc-722c-203d-9797-ac25c04c6f6f,J8CT37,Lars Thornton,adult,15,
eb9fa32d-893f-fea5-0023-3aa953d69536,J8CT37,Sarah Thornton,adult,15,
f67cbcfe-79ec-50d0-68a7-f8296efa695a,J8CT37,Sarah Thornton,adult,15,
443df353-8320-d952-7c2e-d66247491ab6,39MDK9,Rachel Bauer,adult,15,
33171440-0f93-c8b5-77aa-e223b3719377,39MDK9,Thomas Bauer,adult,15,
b15539a4-e7ed-7a5f-9144-5e76cf33db0a,39MDK9,Elena Bauer,adult,15,
bfd606c9-7d9b-82ef-c682-58979b12d276,B4E4G9,Elena Okonkwo,adult,20,
d7b59c0e-b2e9-5bbf-a587-0905ed94f169,B4E4G9,Grace Okonkwo,adult,20,
c30ed273-ecd6-74fe-4aff-02bafc30de23,B4E4G9,Elena Okonkwo,adult,20,
24b2bb11-1e90-416c-afdf-5f27d6d13635,B4E4G9,Emma Okonkwo,adult,20,
bac2152b-d68f-2cad-48f1-9ffa4847742b,6ER6AJ,Claire Bergman,adult,15,
1fd7dee6-bc47-ff9c-2dc1-3e9d6cf80de7,6ER6AJ,Mark Bergman,adult,15,
a064bebe-249d-433c-7be1-1a6dc5f9a0ba,6ER6AJ,Robert Bergman,adult,15,
1b85c6d3-9ef5-34f8-dac2-deddab34d800,6ER6AJ,Claire Bergman,adult,15,
f0d08ccd-7bfb-ec42-6701-5cc2a394d73a,VPTR25,Sarah Blackwood,adult,15,
3ff07e56-2506-e38f-1d13-6b9e6081dc8d,VPTR25,Maria Blackwood,adult,15,
3814674d-285e-001b-a187-001582a317c7,V97X8C,David Osborne,adult,15,
15ac31bf-257b-a3ca-7226-25a3c86ae57c,V97X8C,Stefan Osborne,adult,15,
8d1597af-656e-af8e-063c-cb232977f778,V97X8C,Paul Osborne,adult,15,
a5b5ff63-2eb5-a17a-b8c0-2e5dd1922f10,V97X8C,Johan Osborne,adult,15,
1d542dcf-c8f1-92fc-7ba8-e47c16f09bd7,STB9Y9,Elena Kowalski,adult,15,
6f102cd1-831f-1cdf-5e5d-9cbdbbc00d42,STB9Y9,Andrew Kowalski,adult,15,
5addf019-476f-5346-2ab4-47aff9144b1a,W5WEVH,Laura Holloway,adult,20,
3b08afde-a0c0-0989-0354-f4ef79468699,W5WEVH,Michael Holloway,adult,20,
44184af5-ed9b-e096-d868-20f21d15bd3d,W5WEVH,Sarah Holloway,adult,20,
b71511dc-6ead-bcbb-955d-b08387f5ce4d,SNGV3E,Elena Moreau,adult,15,
3a169a36-e83f-4fd7-a2af-5ad9bb47773c,SNGV3E,David Moreau,adult,15,
8d0c145e-b8ba-fea7-1b78-cd7e213ac36f,CZNT9H,Robert Van der Berg,adult,20,
02f35d85-423d-c0a2-1680-5a7e87ec4ebf,CZNT9H,Hannah Van der Berg,adult,20,
a9a64c4a-4cdf-1206-9997-9e35536522e2,CZNT9H,Simon Van der Berg,adult,20,
b0fff683-83df-3426-e20d-58987d0f4a2e,QTCRNJ,Emma Vasquez,adult,20,
5fa667ee-90b3-06b4-06c0-7945859c3064,QTCRNJ,Sophie Vasquez,adult,20,
7408c7de-1c60-8167-6212-ad421525aeac,QTCRNJ,Paul Vasquez,adult,20,
22e1c1fc-bc20-12a4-22da-d919c8f0bab8,QTCRNJ,Mark Vasquez,adult,20,
4e11aa44-1d98-0d92-abc6-d0e22fb90610,UG89HD,Claire Blackwood,adult,15,
c9a1c907-5f8e-917e-645b-356f7995c5b9,UG89HD,Sophie Blackwood,adult,15,
d98a917e-868e-ddf3-35ca-3beb71bcde92,9BXLQF,Michael Hargreaves,adult,20,
791a1e09-0d31-3835-f47d-7c26d1a7c2b8,9BXLQF,Simon Hargreaves,adult,20,
aad522ce-945f-721d-38db-e305738400ea,VNBP5G,Elena Fitzgerald,adult,20,
0e3b55d8-346c-65b1-5fdb-02e91e74d3c1,VNBP5G,Julia Fitzgerald,adult,20,
c84529fa-7043-7852-be78-81ffa37da4fc,VNBP5G,Mark Fitzgerald,adult,20,
44c0a078-5072-e79a-f483-da0ab0523f34,3LLT6Q,Robert Hargreaves,adult,20,
d2364c6d-36ea-a911-cceb-2873c2301727,MQ7X5G,Anna Whitfield,adult,15,
34720fe3-34f1-f864-dc17-476cfe2f0a88,P68RJS,Claire Hargreaves,adult,15,
5633346f-baa5-0400-3ff5-de758501b470,P68RJS,Julia Hargreaves,adult,15,
a9604c65-54e0-40ee-f4c4-004e31265e61,KAEGJ7,Simon Silva,adult,15,
008cddda-fb2d-2d2f-8e3d-c0f1497ff388,KAEGJ7,Robert Silva,adult,15,
3b778c0b-523d-9f77-87c3-e8fd79ff9d52,KAEGJ7,Nicole Silva,adult,15,
d18f0c4b-475d-d3b3-e493-547f29591627,KAEGJ7,Hannah Silva,adult,15,
fd1cd1ad-b403-150f-88b5-6aa0b4c0e44b,AGVQ3E,Michael Novak,adult,15,
044a92e8-bfc3-5b82-59f3-b963135a125b,AGVQ3E,Daniel Novak,adult,15,
742e57e2-73d0-434e-4875-ee88337c1110,SGLBM2,Claire Thornton,adult,20,
73262092-29b0-ef65-36bd-a7fdc530d24e,SGLBM2,Thomas Thornton,adult,20,
dc95c6c2-5b5d-b061-05cf-165c240bf8e9,SGLBM2,Robert Thornton,adult,20,
8fe9341b-76f7-a9a2-e49f-a316ee820629,SGLBM2,Michael Thornton,adult,20,
d3f632f0-e8d5-2067-bf87-d5cbe0a6ec14,GRAXVN,Claire Silva,adult,15,
cd96977e-775b-a49a-4c23-962e7d3f42fc,ZXDV3S,Johan Okonkwo,adult,20,
72d1d2e8-7bf8-cae9-fd97-ad162195676a,ZXDV3S,Christopher Okonkwo,adult,20,
4cb5b608-08e5-8dde-1c25-b96b5b18fbcc,7REXXM,Robert Osborne,adult,15,
94dc4ae4-59ba-ef23-0dfc-ee2bfe685434,UXXJ2V,Peter Bauer,adult,20,
3bd8a986-4b61-7bca-51df-20663473a6b1,UXXJ2V,Hannah Bauer,adult,20,
7a449191-9204-f4aa-2aba-4961361a7138,UXXJ2V,Grace Bauer,adult,20,
19883319-5311-442f-4789-6305d0942ebe,UXXJ2V,Andrew Bauer,adult,20,
88360059-20f7-4d01-fa0a-ef64e7beeaf4,3HQT5L,Sophie Whitfield,adult,20,
78e81501-68d0-2d6a-a6fc-81e49f807af0,3HQT5L,Elena Whitfield,adult,20,
c16ceb30-1f8d-d3f9-f4c8-8639338b8c63,UMYUWW,Laura Silva,adult,15,
a92c4c0d-6c78-2cb8-df3c-613aec891e08,UMYUWW,Elena Silva,adult,15,
240bcd38-08be-c17f-55d9-f0d440d9f8d6,PX5DJD,Sophie Moreau,adult,15,
4cec44ee-2878-e65d-99f1-189f1e2152e3,PX5DJD,Nicole Moreau,adult,15,
64263a9b-a1b2-4a8d-b512-4db190af3c6a,CWHS37,Julia Andersen,adult,15,
2fad4fa8-f622-74ed-00c3-50c39f1bdd62,CWHS37,Grace Andersen,adult,15,
256ef16c-4453-0795-bf7b-8f399311f87d,CWHS37,Thomas Andersen,adult,15,
a07e236a-e82d-2c24-8b30-2a281585f270,CWHS37,Lars Andersen,adult,15,
9c5e61ae-b302-c73e-e2e5-b751523336b7,7XUHKH,Stefan Lindgren,adult,20,
23d8732d-a96f-1f3e-abdb-81a356ebee62,7XUHKH,Simon Lindgren,adult,20,
bc837047-3b8b-dffd-c4c5-ab993ddfb185,9UHT6L,Laura Bauer,adult,15,
3bd38298-245b-debe-2a04-f1e721cc8f4d,9UHT6L,James Bauer,adult,15,
e0e95537-48e8-4f14-42c6-d4f7b7a4edea,KA86WW,Michael Bergman,adult,15,
006556bb-3bf5-5597-f086-f3e02c4de1df,KA86WW,David Bergman,adult,15,
037c4242-b2c8-48dd-bf7a-6141e79be06e,KA86WW,David Bergman,adult,15,
5cae18cc-1aed-d5d9-221f-8c9791e81455,MLUNUK,Johan Dubois,adult,15,
b2ada7a3-37ee-3a39-3ec3-1d6ca0932050,7HGX6D,Peter Bennett,adult,15,
2d36063f-0b5c-b4a3-af8d-bd9043146632,7HGX6D,Sarah Bennett,adult,15,
0cb95173-4559-f8d7-248d-70c049d9076d,ZHAQHL,Daniel Bennett,adult,15,
dc726db9-7579-8549-3a98-1c280b9d5781,ZHAQHL,Paul Bennett,adult,15,
0deda10a-3635-9f4e-10b5-4ccd09c5233c,G482G4,Freya Fitzgerald,adult,15,
9fa9ceaa-97d8-ea61-76f5-af17635d0d07,G482G4,Thomas Fitzgerald,adult,15,
f228d577-b11d-c0f8-7c61-8fd00b1bf2ea,UPMYFN,Claire Bennett,adult,15,
d6fc8955-7094-82f2-3eb1-03ea334a9037,UPMYFN,Ingrid Bennett,adult,15,
36dbe851-20df-99c7-60b0-9c2bd3caa4a8,28AGN7,Laura Andersen,adult,15,
e670a07d-c751-1a53-29c4-9a0c8964f53d,28AGN7,Sarah Andersen,adult,15,
3b9a932e-dd93-9b1f-e885-c1a2c34bf752,28AGN7,Elena Andersen,adult,15,
ca621a9e-0a59-204c-391f-6de04143a402,28AGN7,Johan Andersen,adult,15,
79c427a6-19d5-bb13-5279-12d67926a484,JQXT3S,Lars Whitfield,adult,20,
9b40260d-fa4b-7aaa-3bb8-f5e517d15443,JQXT3S,James Whitfield,adult,20,
95e0adcb-6be6-d00f-31bb-d9670e1cfff6,3CPKVQ,Rachel Marchetti,adult,20,
622d2423-1936-9052-6126-df5a79b9519a,3CPKVQ,James Marchetti,adult,20,
b5dad4aa-b24b-9ed9-7276-3e2c837738ba,GJQ9C6,Rachel Petrov,adult,15,
e20e3ca4-537b-9c0c-6469-845b29411280,4WCFNN,Laura Ferreira,adult,15,
9625787f-e2c5-64dc-07e3-ae4820deb287,4WCFNN,Hannah Ferreira,adult,15,
3d55da10-9041-bf88-bb19-0b473d7d6970,4WCFNN,Robert Ferreira,adult,15,
341568f6-9312-9f1c-f410-3d6bb129fcc3,4FCY9J,Julia Kaufmann,adult,20,
366c6b45-1fe6-bced-03dd-c97bb8d9e8b6,4FCY9J,Laura Kaufmann,adult,20,
7b91bee7-ed15-9af4-b472-476dbd3c0d59,4FCY9J,Julia Kaufmann,adult,20,
ce94c904-a741-4dfd-4374-3e9b89901c77,4FCY9J,David Kaufmann,adult,20,
d3c211e7-4080-2ea6-6f56-c6ca680b8022,52ATAU,Michael Bennett,adult,15,
3f4ed2e8-e288-0358-3b78-a38fbf1e3fe7,LXB6W6,Lars Ellingsen,adult,15,
233ee44f-3937-2a17-5a64-8df75d7119c2,LXB6W6,Emma Ellingsen,adult,15,
4de144c8-708f-2f8a-8387-d45b153508b5,GQ65GT,Ingrid Moreau,adult,15,
c2452a1e-3ade-2c91-bdd5-4c1fecc2ca8e,GQ65GT,Rachel Moreau,adult,15,
02f43afc-6087-ea42-a885-5a545ce28129,TD7GDT,Thomas Bauer,adult,20,
532fcf65-0dc3-d1f1-8659-0ebf732ac7ab,TD7GDT,Ingrid Bauer,adult,20,
bc4cb9a5-2203-32df-13e6-8d15fa848e7b,TD7GDT,Lars Bauer,adult,20,
cdac91b8-2499-8e08-1b9b-5830f8769fee,TD7GDT,Christopher Bauer,adult,20,
bd1979af-237f-97d1-df4a-a55351987e2a,RJ6QBF,Emma Holloway,adult,15,
de6ed84f-b010-e572-2d32-e48b486080a6,RJ6QBF,Michael Holloway,adult,15,
8b66155f-5c44-5794-0ed9-9563f3986c43,RJ6QBF,Paul Holloway,adult,15,
e499b9ce-e1e2-6e6b-bdcd-e897ac7e4bbc,METEAM,Michael Silva,adult,15,
e7af1923-60ab-dd18-dcb2-e253b0aa31a6,METEAM,Laura Silva,adult,15,
e3a85f27-a1a0-b211-51d6-ae3d043ab504,METEAM,Grace Silva,adult,15,
a165d66d-2758-3d93-5901-e8c491ae6e6e,METEAM,Johan Silva,adult,15,
bfae0e32-c76a-8b10-4317-21af11648144,3JXMXX,Claire Moreau,adult,15,
3c285fe0-39e8-aac9-c47c-c0d522c7deba,USMT9D,Anna Bergman,adult,15,
c6f13157-ec22-cf08-f59c-f2aee382ae6f,435G2R,Ingrid Marchetti,adult,15,
1aa3cb88-27b5-173d-c23e-8e5579f6a6ad,435G2R,Lars Marchetti,adult,15,
7b9360f7-884d-28c1-b4ec-bf14b1854c93,MBFM84,Lars Fitzgerald,adult,15,
7471a258-1288-eab7-036d-95651a6bfd99,MBFM84,Laura Fitzgerald,adult,15,
16cc4ade-6b53-2ba3-ffc7-4275d8fe5d0e,4R293X,Elena Kowalski,adult,15,
987297e8-6ca5-9bbb-02b5-da57aa568c82,4R293X,Michael Kowalski,adult,15,
5d47e95f-3c86-3f9d-861a-0bc565131223,4R293X,Julia Kowalski,adult,15,
712fd06d-121f-8e36-f9d0-acb17d66a79d,4R293X,Stefan Kowalski,adult,15,
5fa543b9-70be-e9ec-caee-dd3d9f0e0274,5KWET6,Simon Novak,adult,20,
919331da-d703-e282-e297-16afc910b749,MJACE6,Peter Silva,adult,15,
65ded526-2408-b608-6062-22785a2e8d55,MJACE6,Stefan Silva,adult,15,
af6ca21b-077e-36ac-4fda-9ab8a59b0637,ZSFGC7,James Moreau,adult,15,
2f221f28-6f7a-aeee-646f-57243be3e7ca,BGVCFX,Ingrid Blackwood,adult,15,
020385f6-2c81-13e2-0b1a-6afec26c1fed,BGVCFX,Hannah Blackwood,adult,15,
e3a24e61-0b0e-3790-e120-f3c07e3bbcb3,TRBEAU,Maria Osborne,adult,20,
290238d9-6c89-5c53-7dae-fc72e7e12e56,TRBEAU,Stefan Osborne,adult,20,
03ed9cad-cf3c-a45c-dfc2-4eb17a49aa53,TRBEAU,Robert Osborne,adult,20,
59201d26-3eed-a11a-4c00-b2ea2a9aefe8,3E5D3D,Michael Nakamura,adult,20,
b1c2cf2a-3b6b-f463-0b1a-b10735cf4f37,SG6936,Emma Thornton,adult,15,
77d97e01-9402-753f-c2a8-87aaeb5e4021,SG6936,Simon Thornton,adult,15,
bc0e9cf4-fdf8-8ed2-1d72-c00ad09ded91,Y3VYZP,Sarah Andersen,adult,20,
1d2ca5ef-d5b0-37bf-ba1f-a4db7c832c53,Y3VYZP,Robert Andersen,adult,20,
2430872a-b18b-7abd-9aef-dba783449896,AHGM8S,Laura Ferreira,adult,20,
8c52e15e-43f6-c014-1d12-937803e7c26c,AHGM8S,Nicole Ferreira,adult,20,
ad5cdec4-3205-a88b-aaf0-0004eb3ebdf3,AHGM8S,Johan Ferreira,adult,20,
360cb8e8-fe1b-f7fd-c462-f8f495e24410,SGQ65H,Freya Bennett,adult,15,
328b93cd-7de8-4a85-462f-7574ebc7a7b3,76R7J4,Sarah Vasquez,adult,15,
31a9324d-d94f-a2e7-9c2e-9f80a121b81e,76R7J4,Elena Vasquez,adult,15,
505d3ad5-fe79-49f0-cc77-077a508ebea8,RWQGBK,Hannah Petrov,adult,20,
82ebfb5e-ff10-3bb9-a00f-763c1d2fc81a,RWQGBK,Paul Petrov,adult,20,
c2b8ddac-228d-5d7c-9757-a5d0f0b1cf85,RWQGBK,Sophie Petrov,adult,20,
eab833d7-ddf5-12e6-bb9f-bea289839601,2DVKTW,Ingrid Bennett,adult,20,
ceea7642-6884-b8cb-294a-0064f14e0b33,2DVKTW,Nicole Bennett,adult,20,
bf5482fb-6af7-742a-ea88-de2e89ebf507,3VQSJQ,Andrew Castellano,adult,15,
35928475-c8fe-9622-7623-935b2ca9c4cf,3VQSJQ,Peter Castellano,adult,15,
16264fba-3e17-ed37-084a-ebd03e7326fd,X6US4W,Stefan Lindgren,adult,15,
59b38862-b188-6496-1f62-1fc91f611055,X6US4W,Michael Lindgren,adult,15,
9f3af6f5-ba56-42ab-edfc-0342470e9e7c,X6US4W,Robert Lindgren,adult,15,
c8f54dae-b54f-340b-097a-0c7490b70d54,PJZTMV,Freya Kowalski,adult,15,
dcc4809f-a6d8-8a70-2154-201f4ccb7e8b,PJZTMV,Julia Kowalski,adult,15,
32e1feb3-6a07-498f-f77f-51a6245f2e33,PJZTMV,Johan Kowalski,adult,15,
95e079bd-a46a-3b3b-d9be-cb1be6ebc6ae,PJZTMV,David Kowalski,adult,15,
b7dc0ca4-58ef-4d46-5959-3197a071e935,F5PP63,Hannah Kowalski,adult,15,
a865b9a0-2f19-39bd-6f12-81a2a709c271,F5PP63,Mark Kowalski,adult,15,
f31ec8b9-a3e2-b585-147b-b149f85d129f,F5PP63,Emma Kowalski,adult,15,
ccaf10fc-b6cf-c161-5be2-636b16840e4d,F5PP63,Christopher Kowalski,adult,15,
4db61357-4e1c-b637-b2e5-95b99d4e74f5,X3GVWK,Peter Lindqvist,adult,15,
1c1ce043-9df5-9e90-1f5b-e01013757ba0,3S2PYS,Nicole Vasquez,adult,20,
b30d58cd-b219-7e69-d6d8-507529563864,3S2PYS,Lars Vasquez,adult,20,
944297b7-9500-e143-ee3f-58dd2e4ece2b,GDH3MU,Laura Thornton,adult,15,
3b0fb3ea-3a3c-b5fe-c702-349b545552aa,GDH3MU,Andrew Thornton,adult,15,
0521e459-ad88-98e4-95b0-942f147255b3,GDH3MU,Julia Thornton,adult,15,
2084efd2-3554-e75c-231e-9c4926c5ef0f,66W92E,Hannah Thornton,adult,15,
aad47837-6cc0-d6f5-2630-03667e102c21,3MB2WJ,Johan Castellano,adult,15,
e138e99b-294b-c462-2e94-7d05ce9e3e2f,3MB2WJ,Michael Castellano,adult,15,
cfc20860-79e3-0ce3-8d3e-1c4a8369bb96,3MB2WJ,Julia Castellano,adult,15,
f79907da-a274-8cac-55b7-7cf4b0aca904,RSQ62W,Johan Bauer,adult,15,
b59c92db-bec1-3f9c-f19c-89a802cd82c6,RSQ62W,Emma Bauer,adult,15,
5c4fbb99-8dc9-ed08-1271-354a09aff6d0,RSQ62W,Freya Bauer,adult,15,
eb5bb609-a1f5-f786-a37d-545499728230,RSQ62W,Ingrid Bauer,adult,15,
79383e89-1128-b8fb-a1e7-c76b73137c50,REPS84,Michael Ferreira,adult,15,
9c27ffd2-1237-b812-05db-4f2aa67fbc12,REPS84,Nicole Ferreira,adult,15,
3698c503-a36b-320e-498d-3eb3376788d6,2T2834,Hannah Bennett,adult,15,
ad6e9388-04c8-f3a7-cf73-72ab9d0a26cf,2T2834,Johan Bennett,adult,15,
d0fc0342-6bdf-7c85-daa6-0c3b510ec160,QZPR2A,Michael Castellano,adult,20,
96d6361b-040b-afe2-ae11-371b3447984a,QZPR2A,Emma Castellano,adult,20,
aad503eb-bbbc-e20c-f65f-7cd2dfd2f75a,87R8XR,Stefan Schneider,adult,15,
9a5d2452-1b40-371d-2ad2-e1efdb2dfb38,DNT88L,Maria Andersen,adult,15,
9bb60c4d-dc67-c8c3-34b0-98752bfa30c6,DNT88L,Elena Andersen,adult,15,
09c13b90-e5d7-3665-7d60-1c2467135b70,JK4QG9,Paul Osborne,adult,15,
8baf1110-d74a-da2e-56aa-2b0061ec141a,JK4QG9,Robert Osborne,adult,15,
eab228e1-28a2-efdd-5f1a-b4e6e3e449c0,RS2L78,Sarah Nakamura,adult,20,
31652f94-cdb7-f1e3-0534-71a730288280,MPRF5Z,Paul Novak,adult,15,
65843e51-556d-c98e-0d88-92a4d7014c2d,UK92X2,Christopher Andersen,adult,15,
f17a3411-7dc6-9ecf-6a5b-2a989b5b1cd7,UK92X2,Mark Andersen,adult,15,
2c7948fd-7a9d-6971-8a27-f0bf662c088d,P4V99A,Maria Dubois,adult,15,
ffc31032-82a5-838e-b579-f933f7d7e6e1,EGGKKN,Simon Marchetti,adult,20,
40a355f6-b1f5-4d18-9a6a-dd53967cc2e6,643RJY,Thomas Whitfield,adult,15,
f62b99fe-d32c-b35d-8017-6526464dbc3a,MTF46Y,Hannah Lindgren,adult,15,
f2a97ad9-0f16-55ff-9f08-470e687256da,MTF46Y,Emma Lindgren,adult,15,
cfe8f64a-3f23-3b08-e030-c8f30ed82995,MTF46Y,Paul Lindgren,adult,15,
f3328031-d0b2-60db-e864-6188899e0160,FRCEVK,Claire Schneider,adult,15,
a3ee7e59-d684-e74a-33aa-8b5a545c4d02,FRCEVK,Elena Schneider,adult,15,
51c4217a-5fb2-c1a8-5de2-1a80a4942f4c,YSZHJS,Grace Bauer,adult,20,
b4e01023-7aa9-60d8-3950-9a772bc3816f,YSZHJS,Grace Bauer,adult,20,
7dd03ee0-5fee-2d74-936c-858e5811f8cf,YSZHJS,Emma Bauer,adult,20,
7b40ea96-b7ab-acfd-f8e3-8765ff4be07e,YSZHJS,Rachel Bauer,adult,20,
e0ec3234-f44c-9e7d-e2b4-94c2829b9b32,KAEXKZ,Simon Hargreaves,adult,15,
9026c31d-a576-23ba-4025-3a0cbe2521c2,KAEXKZ,Stefan Hargreaves,adult,15,
eb6563aa-5e37-2534-b13e-af8832416a5a,MNJD5P,Emma Lindgren,adult,20,
c8e9f9a4-7d3c-0705-33f0-d2be6bb515b2,MNJD5P,Nicole Lindgren,adult,20,
72d4abbf-bd3b-2180-f83d-1916bd169272,9P24CR,Mark Hargreaves,adult,15,
3aedef4e-b328-3088-ea9a-42240bda57a0,9P24CR,Anna Hargreaves,adult,15,
45be841a-f876-db67-90a4-c71d14e2aef1,9P24CR,Daniel Hargreaves,adult,15,
0f502ff1-a5a2-286f-4b72-fb15a99fac70,3P77GB,Hannah Van der Berg,adult,20,
01aa7957-8bac-ce17-3afe-4d66992ac795,3P77GB,Christopher Van der Berg,adult,20,
1b9f382c-e155-7f6b-b1a4-f6b6e74a4ff6,NTRM65,James Kaufmann,adult,20,
ab7cf705-04ff-043c-959f-4ed1d2107173,NTRM65,James Kaufmann,adult,20,
1bfc00f6-3467-9df2-d9c9-6c26906a1725,NTRM65,James Kaufmann,adult,20,
47d38b33-45de-ade9-f0c8-c982a2b97d51,NTRM65,Peter Kaufmann,adult,20,
7ad50ec7-3294-a496-d78e-f3df653b523c,JDDGVW,Andrew Schneider,adult,20,
7bf90ddf-1050-2c19-546d-44335841214c,JDDGVW,Maria Schneider,adult,20,
fcb4adf7-f87b-2b0a-ef40-999f6629781d,S952KQ,Daniel Andersen,adult,20,
30a73d0b-f887-cee8-1e05-f75bd83fbfb6,48HX4S,Freya Whitfield,adult,20,
3708d52d-5721-4809-ad50-232f9885ef1a,48HX4S,Michael Whitfield,adult,20,
8e7c1b89-3dec-f16b-9a4d-9598295ee3e6,48HX4S,Paul Whitfield,adult,20,
82a1bd8d-1886-343c-348d-0264c9772c4f,48HX4S,Peter Whitfield,adult,20,
a5908a1f-63f8-eed5-8571-c9b8a72e298a,EDDAAS,Maria Lindgren,adult,15,
5eff58b7-1e03-37ad-eec2-6721aaa6f0d5,EDDAAS,Grace Lindgren,adult,15,
e14201a1-3e26-c322-202d-47c85df561e5,5DQUYN,Mark Lindgren,adult,20,
246212f8-77a5-8b96-092a-c05e23c1e9cd,5DQUYN,Emma Lindgren,adult,20,
b1dcdcf6-e7a9-b543-455d-03bdc8f90946,DRN8L9,Robert Silva,adult,15,
a8865949-8406-fd9b-17ca-a37e6f84ba66,DRN8L9,Paul Silva,adult,15,
9fd22593-0e08-c535-1305-e88f9590bcba,DRN8L9,Simon Silva,adult,15,
183a6452-3001-5489-db67-d9239c9d0f5b,DRN8L9,Grace Silva,adult,15,
a70267e3-68d2-352b-6546-4a5fe3bac640,PV7D6U,David Ferreira,adult,20,
c46fe991-375a-296c-ff07-916292db72a1,PV7D6U,Maria Ferreira,adult,20,
3cb19eca-8f62-b0e2-8002-2bbd996e66e4,6FU2HF,Peter Silva,adult,15,
1839cfea-f779-327b-dcfa-df4564bc2b29,DRXFVW,Elena Petrov,adult,15,
c9d98138-d1e0-550e-eb27-5df4fa46b483,DRXFVW,Christopher Petrov,adult,15,
6dd2252d-0789-12cc-fd77-5e60cd29edbc,E5A2H2,Michael Castellano,adult,20,
05dd8433-e169-9230-57a1-b15a2579d88a,E5A2H2,Sarah Castellano,adult,20,
184ee266-eaa4-8da2-5574-391e7b73e644,8ABC88,Emma Van der Berg,adult,15,
73724f5d-776b-86ec-75a5-ccaa46167567,UMZP5W,Johan Petrov,adult,20,
b7a3dcc1-3bd3-5011-9a49-ce7a24943e7b,UMZP5W,Emma Petrov,adult,20,
f58a56be-2b2b-36d2-779c-a6fa2b08e707,8N8M5Q,David Silva,adult,20,
6e273333-9179-1f8a-3bc5-ad8c67a9df55,8N8M5Q,David Silva,adult,20,
43242650-d288-02b4-0a4d-716f53880e9c,BNEP46,Andrew Petrov,adult,15,
57ed62cb-8d5d-1a10-f26c-0cacc1c8162e,SPQX9X,Nicole Novak,adult,20,
e8e5f28e-83fa-d4f8-55ff-51a4fa12db8f,SPQX9X,Anna Novak,adult,20,
d7021821-8b4e-72d0-e1d8-622de8d7c1ee,ZETPBC,Michael Moreau,adult,20,
6d0e5c62-9705-2434-c1d1-6a0b6f96f138,ZETPBC,Peter Moreau,adult,20,
7f03b3c5-8334-c3a5-036a-eebdd21c4d02,ZETPBC,Emma Moreau,adult,20,
0f837f09-ca76-fa68-dea7-a7950be40125,ZETPBC,Michael Moreau,adult,20,
8bdcedfd-4c00-1a40-ec4d-221e9d0c6ee6,NMMMWE,Andrew Schneider,adult,20,
f27a76be-5a92-c1bd-4012-5c9d618b7a31,NMMMWE,Grace Schneider,adult,20,
6e4d773c-b8e2-a572-4b93-24a866e89614,A9XJUQ,David Whitfield,adult,15,
7257f5ae-13ad-9417-4c71-fb7013cf18c6,A9XJUQ,Thomas Whitfield,adult,15,
a884c2b4-e30c-6c2f-310d-e481f3c5b177,MAV49F,Ingrid Andersen,adult,15,
1ed57c37-93f6-6bbe-a856-8a2b0365dde5,MAV49F,Emma Andersen,adult,15,
21e8c46a-31e3-3543-306f-02f579179c27,MAV49F,Johan Andersen,adult,15,
cad3bafa-e0f9-1143-246a-96c759305f0e,MAV49F,Freya Andersen,adult,15,
61db3e46-bcf7-2647-ff9b-420c4f808089,ZLXRRF,Nicole Dubois,adult,15,
4c7f79f7-8b04-7afa-7a4b-939965dc04ef,ZLXRRF,Elena Dubois,adult,15,
8d5d6498-b100-493c-0e70-40e821fd3bb0,PKMPLT,Anna Van der Berg,adult,15,
76dfe2b9-16ce-825d-5bb4-f35c13dad29f,PKMPLT,Mark Van der Berg,adult,15,
c633b170-b472-6677-c766-a61caff14fe7,6FPFPX,Mark Schneider,adult,15,
3a02e7f1-6d0e-46ab-1948-04985b1325a7,6FPFPX,Anna Schneider,adult,15,
fe572491-0285-c7b6-4de5-4ca2812ad2e9,ZT4ADA,James Petrov,adult,15,
ffd2df6a-dba3-b51c-0f33-f70a82b31894,ZT4ADA,Lars Petrov,adult,15,
ecb18b61-881e-2b85-473f-417f00448600,HRFG4C,Grace Silva,adult,15,
cabcd765-9e5c-0d91-a70a-44181e2395a8,HRFG4C,Elena Silva,adult,15,
2517db44-7bf2-ebb5-9e7a-ee56cc05625e,HRFG4C,Ingrid Silva,adult,15,
0b854ff2-9c2e-5a10-5dbb-d0d26b9c0735,SJHMG6,Grace Ferreira,adult,15,
c81d515d-8f8a-1ac4-af59-7dff2227f2bd,SJHMG6,Stefan Ferreira,adult,15,
66a8009f-f6e9-6f75-061d-596d95cf541e,84CA6A,Elena Novak,adult,15,
7784cb92-e5ad-30e4-5ded-c1cf9de65aba,29TVJP,Sophie Lindgren,adult,15,
7637551d-4f04-9591-2028-f2f152a4e159,29TVJP,Grace Lindgren,adult,15,
4b7e4e14-b69f-b8fa-94df-26f8ae0cd1c4,7CA4H7,Johan Moreau,adult,20,
4ed0f1fc-c904-cca2-2410-20ba817d2844,7CA4H7,Laura Moreau,adult,20,
ccda4c6e-aeb5-a66c-f12d-75fe85438349,P6Z9MD,Mark Nakamura,adult,20,
5265a21f-753e-4020-b268-0128e317ea54,P6Z9MD,Maria Nakamura,adult,20,
06d28033-629c-10fc-eed6-3569bbaadf4f,DYKSRY,Julia Vasquez,adult,15,
fd307c2c-b35a-9de9-fc24-246379b88150,DYKSRY,Nicole Vasquez,adult,15,
175b1c5b-1701-f11f-875c-0b1fb617155e,DYKSRY,Stefan Vasquez,adult,15,
bbf44d42-2754-63e9-82ef-2fe1261d85ac,LFNYWF,Hannah Osborne,adult,15,
0da2c0ba-1f50-c86a-af20-8fe867ccc308,LFNYWF,Julia Osborne,adult,15,
b2aebf76-acdc-1885-43c2-08e1958902e6,LFNYWF,Nicole Osborne,adult,15,
f27c8c24-f732-58f3-2610-502534cc07e9,MZ5K8Q,Julia Schneider,adult,15,
64387eec-f6e1-f2e7-2801-f266de3d1ee8,MZ5K8Q,Emma Schneider,adult,15,
2684831a-cfa1-4a23-8ffa-e128c0b880ac,MZ5K8Q,Julia Schneider,adult,15,
238d906d-0ced-f2a3-250a-72d25e1b7558,CC9N55,Michael Nakamura,adult,15,
8ccf76d9-5aee-b1a8-5bc4-307a6c1e0dee,P2LFYS,Anna Bauer,adult,15,
a184f663-7582-7fe9-2a5c-dde81456061d,P2LFYS,Ingrid Bauer,adult,15,
7b3ef520-fb68-1f00-fdaf-72f35f8d09f5,QPC43P,James Kowalski,adult,15,
900c69cc-9538-290f-a67d-89e8e2ddab63,QPC43P,Michael Kowalski,adult,15,
a19258a1-a046-c77f-640d-57ad6ba82b0e,DWRCER,Freya Blackwood,adult,15,
5280108e-5fce-0341-f33e-b556e4d6113b,DWRCER,Maria Blackwood,adult,15,
0b51aee1-fcff-fd32-1d1e-9779cf76cc42,M7U9QJ,Sophie Castellano,adult,20,
066e2f5e-e94e-9142-1125-b42946afc3b6,EXSP4E,Robert Silva,adult,15,
49920cdc-282d-9232-1a7b-bb236ca75516,H2MSQF,Peter Novak,adult,20,
ee5e3d12-eccd-31cc-5caf-05d222d63d84,H2MSQF,Peter Novak,adult,20,
6e3fd9cf-4f60-bc59-0f84-a0108cb33502,GUPRTA,Mark Kaufmann,adult,20,
81f31ab7-5b3a-1197-e145-b78209bcc0e7,GUPRTA,Elena Kaufmann,adult,20,
72f53572-730b-8451-6c9d-adafc8e7e982,PZJGYS,Stefan Bennett,adult,20,
423fdb84-8a75-2de0-8c8a-93a52dbf45cd,D2743K,Sophie Fitzgerald,adult,15,
b24b4cab-d168-6585-8291-2e5dc244481d,23PSUW,Hannah Dubois,adult,20,
9594a522-9bbd-ae2f-c9aa-872e5f011bd8,23PSUW,Thomas Dubois,adult,20,
b6277350-3411-cb2f-fbce-2a9fd1144039,23PSUW,Andrew Dubois,adult,20,
2da35084-e5c3-9dcc-471e-8d722a87090d,23PSUW,Sophie Dubois,adult,20,
84c44a88-363b-daae-c04a-9241ed0973ce,KDMFMH,Anna Ferreira,adult,20,
a21fc455-8af4-9658-a288-7af3fd8189cb,KDMFMH,Freya Ferreira,adult,20,
3d18880e-97d2-30b4-df26-c2dcbcb192d1,KDMFMH,Emma Ferreira,adult,20,
884afca5-4939-44f5-0783-b5838b1a8004,KDMFMH,Christopher Ferreira,adult,20,
6d8d5275-9117-9215-4d38-08806710ea7b,BMU7NK,Simon Kaufmann,adult,20,
2a954e89-dc84-6544-cc58-109e839dfb79,BMU7NK,Ingrid Kaufmann,adult,20,
6c2965c4-9a43-f884-56c8-b315a47dc80f,BMU7NK,Rachel Kaufmann,adult,20,
448e6873-201c-5fd9-b535-7ff2a821e034,T2PWHV,Sarah Hargreaves,adult,15,
739ec0dc-b295-fd6f-dd40-499c5619b8e3,T2PWHV,Robert Hargreaves,adult,15,
880e27c6-a907-6886-d7f5-04cf1f6a7ee6,T2PWHV,Freya Hargreaves,adult,15,
381afb5f-e1cc-fdce-8621-c5c72cc2c516,T2PWHV,Nicole Hargreaves,adult,15,
2cd634b4-1f02-4432-0da0-06543924b141,35QFFJ,Johan Bergman,adult,15,
f3f254ec-25cc-8e0f-3bf8-2eb21d7410b1,TLZDUK,Mark Vasquez,adult,15,
1d9ce36f-db4e-8582-a640-a066dd192954,TLZDUK,Daniel Vasquez,adult,15,
8fed1fbe-ed0f-89da-5bda-54b73e15f164,96CHEZ,Lars Andersen,adult,15,
7aa0c430-5d1a-283e-57ac-2cca8499a30c,96CHEZ,Nicole Andersen,adult,15,
dc9e4588-e7bd-8819-a19c-0e128b43786b,A6VCLD,Ingrid Blackwood,adult,20,
eab82425-1224-75ce-61cf-355cf4c531f3,A6VCLD,Lars Blackwood,adult,20,
b041bdbc-62cb-9dad-496c-eb603a032ec9,A6VCLD,David Blackwood,adult,20,
5658adc4-1b35-36fc-8618-9c767f545da0,4XM4LE,James Thornton,adult,15,
f12d2ce8-8be8-a55d-af54-cf36ae255ffa,4XM4LE,Simon Thornton,adult,15,
03e77149-0030-7428-eae9-c389c055a1e3,4XM4LE,Simon Thornton,adult,15,
ff351c2e-8577-194e-f02b-84bfbd44c4f3,4XM4LE,Anna Thornton,adult,15,
683ad898-9a4c-3d70-ca01-7d477cfbf942,PQS4ND,Ingrid Petrov,adult,20,
58c2fa9e-80cd-b6f1-ddf8-41c6dd65f411,PQS4ND,Daniel Petrov,adult,20,
1626ab43-7b43-ad7f-de79-93b51cbb1d71,PQS4ND,Claire Petrov,adult,20,
3c7f17c8-1378-1e2e-81ef-afb7c54d3f6f,PQS4ND,Sarah Petrov,adult,20,
eb8af8f0-6b7d-4ecd-9bd7-365c852c31fc,JBY586,Sarah Hargreaves,adult,15,
be01bbcc-250e-d21a-32e2-4a3646ae9338,JBY586,Elena Hargreaves,adult,15,
74737e30-c14d-00f8-87a5-4ea2fb03b2a5,XS6ANW,James Andersen,adult,20,
db3a1ce5-4082-4ad0-2d9c-0bec71fb8491,XS6ANW,Elena Andersen,adult,20,
cfa86b3d-74dd-cf11-bfa5-ff32196c19a5,CH7MHN,Elena Marchetti,adult,15,
aacc0191-4140-f37e-5706-408d66bcab42,CH7MHN,Maria Marchetti,adult,15,
a819d76d-83f5-0b2d-4ea3-4cf4856cd78b,GWXBET,Robert Moreau,adult,15,
650e60b6-935b-9bf7-b4a6-51e3c9bb5c16,GWXBET,Elena Moreau,adult,15,
a9f2bf41-a9dd-0eff-b0a4-b0d23a48e396,GWXBET,Ingrid Moreau,adult,15,
0d74fc75-bde1-bb18-b102-2475bfe4be81,GWXBET,Johan Moreau,adult,15,
9290402c-b22c-f074-0ce0-67110256777c,M8FAKL,Stefan Kowalski,adult,15,
a4329d69-b143-274e-7da2-4f531084d39c,M8FAKL,Sarah Kowalski,adult,15,
7447fb17-1be4-a5ca-c91b-217bd4fe155f,M8FAKL,David Kowalski,adult,15,
3e2ebd1d-261e-c83e-01d3-c647e5f0d186,M8FAKL,Simon Kowalski,adult,15,
5082a81e-c0e7-0343-14ea-3b7be1d44469,HW3R47,Claire Castellano,adult,15,
cffdeff2-5681-0290-655d-c142a51d0e10,HW3R47,Sophie Castellano,adult,15,
e14dea1e-eb4b-ffbe-5064-c470edc55ced,VV7X44,Julia Marchetti,adult,20,
e1c868ca-4126-2e87-172f-f0f5ab87f744,VV7X44,Rachel Marchetti,adult,20,
ee746ea5-cea8-978a-658a-4bdf525f1947,VV7X44,Peter Marchetti,adult,20,
a179c317-c1e5-8431-2215-ffc95e7c1739,VV7X44,Simon Marchetti,adult,20,
d2d96cb0-fb3c-1da5-b2a0-cb26cdacc222,96MA9W,Claire Thornton,adult,20,
9bb84d2a-fdc0-6268-6865-a9278616b9a2,96MA9W,Maria Thornton,adult,20,
d4aabb54-a445-4f38-ced8-fef3579b4663,QWVGKU,Maria Nakamura,adult,15,
73be554e-6c5f-1f15-85a1-d764415c0104,7T3HCR,Freya Andersen,adult,20,
0acd0e37-31a0-b1f1-18f1-7a78f5e8293c,7T3HCR,Thomas Andersen,adult,20,
99160c3b-7688-83ea-edf4-85cf9b9b8ed0,ZJV8RU,Hannah Vasquez,adult,20,
9c53aab1-7650-45a7-468d-857f8e92aebd,ZJV8RU,Daniel Vasquez,adult,20,
5bb1081a-32ab-99eb-e215-b940a09184e1,YN59X9,Nicole Bergman,adult,15,
5eb0c047-ddcd-dc6f-686a-b4c6d828c6f3,YN59X9,Lars Bergman,adult,15,
d152060c-b87a-5b95-2947-9b4771d59381,Q8WVS3,Christopher Kowalski,adult,20,
5ec2b8f4-0290-2b5c-34f5-c4172641a4f9,V868DC,Peter Ferreira,adult,15,
2ca5a610-cdd4-0ffa-ef28-7293e3a1323d,V868DC,Simon Ferreira,adult,15,
44934c75-d1db-9fee-0ba5-0a613b718012,V868DC,Hannah Ferreira,adult,15,
1a92f2e3-3510-9c90-9c8e-c0b8d261d594,V868DC,Nicole Ferreira,adult,15,
26c9075f-ed75-292a-360f-632be7f52267,F3MPUS,David Vasquez,adult,20,
4f096a57-52e4-df16-7921-5f1952a4f021,F3MPUS,Peter Vasquez,adult,20,
5b608c27-a7d3-a12b-c439-6ff79570d120,F3MPUS,Grace Vasquez,adult,20,
d81877b9-5d77-02e3-5222-fe0e1769c236,F3MPUS,Nicole Vasquez,adult,20,
488bacfa-d496-9e79-88d3-bb760e78311f,XZ4DXH,Maria Rossi,adult,15,
96e09e0e-5632-218c-4c20-6a6b5a83ea30,TEVQLC,Johan Castellano,adult,20,
4867e17e-80dd-97ff-0119-437a265460b8,TEVQLC,Lars Castellano,adult,20,
50ac7586-f33d-8de2-78c8-34662a24136d,TEVQLC,Robert Castellano,adult,20,
fbb9f280-1764-2c49-57f1-784de0bb6432,TEVQLC,Hannah Castellano,adult,20,
6acfbe7f-e653-4acd-d532-aa70171e9e65,6QPUWQ,Christopher Thornton,adult,15,
65f80b1a-0952-336d-e422-6a39052a150f,6QPUWQ,Michael Thornton,adult,15,
37f9e1a9-3b54-b5f9-7630-414c4da92aff,DDUN42,James Castellano,adult,15,
074b67c7-5c57-c1f4-f684-89740612e710,V8TYQX,Lars Andersen,adult,15,
4c587c28-b6e7-2f56-3b9f-e2b2692dc988,V8TYQX,Simon Andersen,adult,15,
aa1ea63d-7a4d-8eec-0f71-0b8f400a30f5,Y3VUWF,Anna Lindgren,adult,20,
99a11851-73ce-4d98-42a0-5600e66b4786,Y3VUWF,Andrew Lindgren,adult,20,
f1374a8d-5bd7-5807-57e3-f9cc8bc03c3a,W3AU8G,Claire Rossi,adult,15,
f173a408-6189-3cd3-cafa-0d7eaf761e80,W3AU8G,Ingrid Rossi,adult,15,
f31490a4-43f9-b19a-2d6d-42a29fc01497,W3AU8G,Claire Rossi,adult,15,
d9d3970d-a6a7-1d71-0569-47c275c6a01c,W3AU8G,Peter Rossi,adult,15,
a6fe3744-37b1-c72b-e3eb-c2a2545159fd,CG2ETQ,Julia Nakamura,adult,20,
2fb26990-e16b-a1cf-1b48-1482bd6865ee,596KER,David Schneider,adult,15,
ef34684d-e2f6-52f7-9373-5147dd88186d,DKA6QL,Ingrid Marchetti,adult,20,
6a5275dc-b7cf-d673-e58a-e3c6416ac122,UKH9N3,Claire Whitfield,adult,20,
42f8e644-a383-53fc-6731-cc4d0261e95f,UKH9N3,Mark Whitfield,adult,20,
c52cfa40-a13a-f1ce-2cf1-5db4b2708430,J5SLKG,Grace Osborne,adult,20,
e8a52eec-b92d-8118-57ea-906eb98867f5,J5SLKG,Johan Osborne,adult,20,
8a1cfd7a-7ea6-3efb-fd32-debb16a79523,J5SLKG,Mark Osborne,adult,20,
c695c300-2cba-b428-0234-e4a13c873385,J5SLKG,Robert Osborne,adult,20,
a593f3ed-ecf1-55d9-d7ae-5f834bf086c2,KGPJN8,Sarah Blackwood,adult,15,
737e6db6-f17e-eb20-3fbc-52dc44ff78ba,KGPJN8,Robert Blackwood,adult,15,
d3dd826e-ae8a-01d1-c9f7-55f00d4e4fcb,YKXREP,Paul Bergman,adult,15,
f2a6de54-5a25-faef-8379-4df115e50556,YKXREP,Johan Bergman,adult,15,
f2a4948e-77c9-4a95-0694-570dd3ed2b10,JXQ4YJ,Sophie Kowalski,adult,15,
cf3e3038-6ef8-9feb-357e-d0c7efd0acf0,JXQ4YJ,Emma Kowalski,adult,15,
be5f1613-29d6-f81a-8115-75ea14f74e32,QM3MBA,Claire Blackwood,adult,15,
660e4c1c-b712-5539-60a9-dffc2dc0f950,QM3MBA,Simon Blackwood,adult,15,
222b5512-2bb9-2643-efbe-39d68e00c564,N6S4FQ,Rachel Kowalski,adult,15,
87e8fee7-f796-23d0-350f-fa5ae3660a40,N6S4FQ,Daniel Kowalski,adult,15,
83c2ba31-f544-7a0c-f799-42f8a4d74ce8,N6S4FQ,Hannah Kowalski,adult,15,
2c8f29a6-99ad-7d5f-fd8f-a8ad95b689d7,N6S4FQ,Hannah Kowalski,adult,15,
ce669f78-72ef-dc2b-76f1-ba607473e806,YLRRQW,Elena Silva,adult,15,
00e6062b-47a9-dd38-c03e-fb33b1d03826,YLRRQW,Julia Silva,adult,15,
f2a9426a-5fdd-23bf-e38e-ee6f265deb24,HB74M9,Emma Novak,adult,15,
0ec240e6-72ad-4bd2-0df6-7857aca27354,HB74M9,Thomas Novak,adult,15,
b4296697-b807-c55f-0c7a-410cc9bbba5f,73WC3A,Daniel Thornton,adult,20,
12194d56-628a-507c-62a9-2cf6ac53dc98,UBWFSF,Simon Rossi,adult,15,
b9db80b5-9652-38b0-5019-5782c1ecdff8,UBWFSF,Maria Rossi,adult,15,
c79ad2d1-a334-cc9c-dd31-a0ad57ee7a47,UBWFSF,Laura Rossi,adult,15,
f9177f4f-b44b-904a-ce64-000653e603ca,UBWFSF,Grace Rossi,adult,15,
e28971fe-271f-20b3-6170-5437a5928189,HUNTC8,Ingrid Marchetti,adult,15,
4d6320f4-9598-e842-06ed-ffd9ae525b3e,XZF5B9,Rachel Van der Berg,adult,20,
b944d791-cc56-b2e5-9c42-beddc240d115,XZF5B9,Johan Van der Berg,adult,20,
7fcc456a-52d5-5292-613c-8c788d4fe2f3,LS5HAX,Nicole Bauer,adult,20,
1ef002b7-d03a-ca3b-dcf0-389961f1615f,5CRQSQ,Hannah Schneider,adult,15,
71ae56f7-c2cb-c80b-3f4a-b9606ab95cfa,6MNDSP,Johan Marchetti,adult,20,
704d557a-0389-a1de-c4b7-365598f778d4,6MNDSP,Mark Marchetti,adult,20,
b789162d-29b5-8f61-b9ee-b43a7315e021,4FZCKT,Sophie Lindqvist,adult,15,
4dc3f095-2da3-eae6-2a03-dd681d02fcbb,ZF9R3G,Sophie Novak,adult,20,
864c80f6-3c7a-b938-cee3-0af3442d3757,ZF9R3G,Christopher Novak,adult,20,
56f21a8b-a52d-06e8-20fa-c3c003079376,GVJVPJ,Elena Rossi,adult,15,
891ab7f1-3271-a387-8d97-c37861d1f76f,5HLCKS,Mark Marchetti,adult,20,
3b03cca1-b933-1645-f7d7-12f9fec21962,3VXVYY,Rachel Ellingsen,adult,15,
310e1bbe-838c-b6a8-5674-f518722e3e7f,3VXVYY,James Ellingsen,adult,15,
646405ab-199b-c7e8-c471-baf0021d5b24,3VXVYY,Elena Ellingsen,adult,15,
a3b6d8e3-ec51-9adb-4b0b-5cdb2ffc5898,TMEBQ4,Anna Bergman,adult,15,
a43c2857-b309-e366-1332-8a813e21081e,TMEBQ4,David Bergman,adult,15,
283403fb-7fa2-1aea-59ac-d526cfb4ff8a,TMEBQ4,Robert Bergman,adult,15,
3ec9864a-9046-9210-abf3-f08f0b62d36f,TMEBQ4,Johan Bergman,adult,15,
1095a428-a441-43c4-e7b4-f9f00fbced63,3HD5WU,Emma Whitfield,adult,15,
a106017f-21d4-0326-ed5b-e7bf0e51baf3,3HD5WU,Julia Whitfield,adult,15,
4c029421-bf18-6eae-59d0-ecb332a85d72,6BHQQH,David Blackwood,adult,20,
a917ab87-f44d-ba10-9af7-ac4804140ed9,6BHQQH,Julia Blackwood,adult,20,
6df5a522-24a9-6d78-a5cb-c64de097b01e,8MBXEH,Sarah Kowalski,adult,15,
d3d6944f-8e5c-2c21-6884-4a78097af862,8MBXEH,Johan Kowalski,adult,15,
17bb2cc1-e943-9482-17cb-2082fc0ab9b6,2C7QY8,Claire Bennett,adult,20,
818c48c9-8750-581f-50f8-a935ab63acc5,2C7QY8,Simon Bennett,adult,20,
f9f56136-1652-0222-9051-2d7be08c8bf1,NDKUKS,Robert Castellano,adult,15,
4f15ab5a-36c4-7232-8b3e-1273a87a81f7,NDKUKS,Sophie Castellano,adult,15,
434c955f-5e40-e20e-f7e7-309de4144fee,EPYPG9,Sarah Kowalski,adult,15,
98b24a31-7305-80a1-4d33-8467d39b53c1,EPYPG9,Ingrid Kowalski,adult,15,
0ee6576e-0077-3f84-597e-cd23b1e271ac,EPYPG9,Sarah Kowalski,adult,15,
ed27ba1b-d315-e2b6-d333-cbe9487d93f7,EPYPG9,Thomas Kowalski,adult,15,
71078a12-9c2d-52c7-b003-45b8ebea8cb2,PEJXSD,Christopher Okonkwo,adult,15,
0382e6dd-0325-f3a5-b780-09e4f794780a,PEJXSD,Mark Okonkwo,adult,15,
6ef2a00f-c60e-3c63-0c90-4ac970ce3488,PEJXSD,Daniel Okonkwo,adult,15,
118eb8be-9529-a328-b6e4-da5dea3205c6,66MJRR,Christopher Bauer,adult,15,
45bc698b-bdaf-9f62-8312-58b057630ea6,66MJRR,Maria Bauer,adult,15,
d88fe7fd-24dd-e64a-f33b-d1bb66fed55f,66MJRR,Thomas Bauer,adult,15,
9d9880a1-3fe6-fd10-99b3-9084a73228ad,66MJRR,Maria Bauer,adult,15,
210709f7-7056-bfd8-0a74-bf145a78e22c,6LWDW9,Sophie Hargreaves,adult,15,
ba9aaad1-ba5a-5131-1ab2-9074ed580111,6LWDW9,Stefan Hargreaves,adult,15,
62e85568-6398-ea63-a379-a41621964cf6,XUC4KZ,Thomas Novak,adult,15,
57e4b0fe-be1a-c572-e9b6-38ed6faf5299,N99MWT,Daniel Kaufmann,adult,20,
797c0483-10a8-bc47-055a-c2670c8002ca,N99MWT,Mark Kaufmann,adult,20,
83ea5006-be3c-5e40-85dd-17a3becbf902,U7PQ65,Anna Novak,adult,15,
b0d394ff-0d14-fee6-5855-3b5cd1d34359,U7PQ65,Nicole Novak,adult,15,
0cca75f1-84dd-b4a9-54f0-7e279ed559ac,UT7MGC,Andrew Thornton,adult,20,
6270ddb4-b9d5-8d84-4b83-fcc59c9b77e1,UT7MGC,Claire Thornton,adult,20,
594366ff-ceef-f07e-d607-086ce6d41497,N3EK5R,Freya Kowalski,adult,15,
6271c168-2068-635e-0647-a06f583b4713,N3EK5R,Michael Kowalski,adult,15,
f0930131-5b85-5ed7-225a-e6355fde2b61,ZL7SFF,Anna Dubois,adult,15,
735039b8-45ad-1078-bba2-d757102ab22d,ZL7SFF,Rachel Dubois,adult,15,
b70b230c-5c39-ed21-4a63-dbc1bf9ad417,ZL7SFF,Paul Dubois,adult,15,
bc19b1be-e3c7-5152-ee2c-06638a53039f,5UNMXP,Michael Schneider,adult,15,
f8a35f83-5f18-092a-e6c0-e77027c579f2,Y4T2KT,Grace Petrov,adult,20,
88867bf5-43ee-0d8c-0ee2-cb84c8a3e668,99MVMM,Ingrid Lindqvist,adult,15,
7bb67abb-707f-6224-bd84-91cbef418360,EVTKU6,Michael Hargreaves,adult,15,
dc42afe8-31c0-ea31-821c-340c8f3b1536,EVTKU6,Freya Hargreaves,adult,15,
332a379c-420d-3b88-b8bb-891f6b46b15f,EVTKU6,Anna Hargreaves,adult,15,
0dadb4c4-2c8c-4859-fbca-672c3e322738,EGBSLF,Christopher Ferreira,adult,20,
e1a010b5-e952-acb6-791e-52e2820803fb,EGBSLF,Johan Ferreira,adult,20,
e5510fcb-c9d6-8914-9143-e71e3b5a6e92,ZJS2CW,Thomas Van der Berg,adult,20,
0ed9183a-66d6-1d19-808e-f4eed04bbe34,ZJS2CW,Stefan Van der Berg,adult,20,
0f769845-8b08-b9eb-19d3-a6888c010d21,VXWFA3,Johan Marchetti,adult,20,
3b1d61c8-e020-d046-08cc-f3fc4e891bb8,VXWFA3,Michael Marchetti,adult,20,
35cc1e49-fd1b-c1d6-9a36-f3a7f7bb369f,4GR2UR,Peter Whitfield,adult,15,
524333f1-ad71-a6ba-02b1-d4f33cadc7a7,4GR2UR,Paul Whitfield,adult,15,
15d2a6d4-5b12-7948-2210-06ff9e3f1bc8,H5LVY3,Ingrid Castellano,adult,15,
101c76a8-3d45-8663-eed1-a22e708bb31f,H5LVY3,Rachel Castellano,adult,15,
9af2acd7-0548-48fc-a3f2-b0d96bed23b3,JBFFBA,Sarah Vasquez,adult,15,
3564c621-f0d9-26e1-a91e-47c5e68d08be,JBFFBA,Lars Vasquez,adult,15,
d547221b-7da5-2700-a91c-9e981bdf3441,JBFFBA,Ingrid Vasquez,adult,15,
ad1bfcb3-4d23-69a9-463c-7b5279c68e65,PRCPYA,Maria Novak,adult,15,
81ce67e8-1d78-f73e-206f-15da1e4fbf0b,PRCPYA,Andrew Novak,adult,15,
fb67e12b-7be0-baa7-7030-53bdaefa71ab,GZ5DNR,Maria Blackwood,adult,15,
2e102206-eb0a-e669-3dfd-db379a1ab743,8DEXAM,Nicole Dubois,adult,20,
adfa9d8e-e858-1477-2f5b-2d787e71bc22,8DEXAM,Nicole Dubois,adult,20,
71fa0dae-b804-04b7-a8de-61cf36b0a2de,CVR7Z2,Paul Osborne,adult,20,
33904a38-3c13-42ba-bb65-4c3af14d0004,CVR7Z2,Daniel Osborne,adult,20,
a603ae98-9f5d-b990-6aba-86da8300da1a,SXJGCN,Simon Fitzgerald,adult,20,
1916a233-376a-82fe-c456-5ea62e174664,SXJGCN,Anna Fitzgerald,adult,20,
7cd0af3a-58c2-f2d2-d4fb-500524a61fd0,SXJGCN,Stefan Fitzgerald,adult,20,
4f47dfcd-12ce-9c76-cea0-1da49441dc10,SXJGCN,Julia Fitzgerald,adult,20,
6459a224-af7e-74d1-26c9-b310b6864060,GJ2BGF,Sophie Ellingsen,adult,15,
a9b96075-e884-d95d-7263-7771316000a1,GJ2BGF,Robert Ellingsen,adult,15,
75701952-44c5-a1aa-6491-24d2e4c796a0,GJ2BGF,Claire Ellingsen,adult,15,
f6f309d7-2451-bc01-a089-3891f3948cbb,GJ2BGF,Rachel Ellingsen,adult,15,
fdd5697f-caf1-5cf5-27f7-58c9e347852c,3EHR22,Simon Schneider,adult,15,
c2c42b12-851c-ed27-cf4e-db2d17cb0732,3EHR22,Lars Schneider,adult,15,
ba4655d4-7034-2a99-6326-12bdc3fcccbb,3EHR22,Freya Schneider,adult,15,
96385f8e-da92-f8ca-fc84-8137a646e098,3EHR22,Nicole Schneider,adult,15,
475cbb21-fd13-70f3-e577-f966e3607456,5GKA6H,Laura Fitzgerald,adult,15,
8f520080-e008-e717-ccde-a3913cf47bb4,5GKA6H,James Fitzgerald,adult,15,
25ed5622-178b-de94-3352-a5f86f79d527,5GKA6H,Maria Fitzgerald,adult,15,
cf9cf981-9675-83de-aae0-097e09ec776d,5GKA6H,Robert Fitzgerald,adult,15,
1e0edac4-e059-131b-4c77-34a7d433293d,6VZ8MC,Freya Thornton,adult,20,
371305b6-d7aa-e8b3-d0e6-00b22fdabf13,6VZ8MC,Hannah Thornton,adult,20,
e32cd57d-2819-6c29-9f87-658e463b45da,LQHCGA,David Ferreira,adult,15,
29502e3b-a165-d076-fa4f-eef25051059a,LQHCGA,Stefan Ferreira,adult,15,
ce099607-e454-df17-b470-45cb6f51466a,7T4L5R,Elena Schneider,adult,15,
9762b9f7-1af5-6562-8d43-8e5f471f03a1,7T4L5R,Peter Schneider,adult,15,
97988261-424e-389a-73a9-e3d63e61a925,8JDYRM,Johan Kaufmann,adult,15,
b777207e-6e28-cfd0-744d-d978e7632ce2,8JDYRM,Stefan Kaufmann,adult,15,
ff49d557-5879-d2a0-56ea-377933061a16,8JDYRM,Mark Kaufmann,adult,15,
6b0d8ae9-0cf7-660a-b1de-ac7fb4f56381,8JDYRM,Michael Kaufmann,adult,15,
9898cd25-9f7c-bef0-c597-43fe11ee4226,YQGMYP,Andrew Castellano,adult,15,
67210e24-a4dc-7fd9-aeb0-53e6fde243a8,YQGMYP,Rachel Castellano,adult,15,
46f6b9f5-4972-3193-65a6-661a2c811fc5,J2NEEB,Peter Blackwood,adult,20,
b7177c2a-a72a-7998-46f7-ffb888a36338,J2NEEB,Grace Blackwood,adult,20,
74c71775-66c8-b4a3-5f0c-c636fbefbf42,S4LTJS,Maria Thornton,adult,20,
cfd9cec6-1002-75b6-4394-b43d2f0902d0,S4LTJS,Julia Thornton,adult,20,
ac95c58e-161e-afff-cb60-d3a3ae2d1cf9,XTP8CN,Rachel Fitzgerald,adult,15,
c67936b4-ec44-12d4-e603-75d0f79f9506,XTP8CN,Daniel Fitzgerald,adult,15,
7ce4f5db-b186-5328-20ef-82872bd7e426,XTP8CN,Stefan Fitzgerald,adult,15,
e6fd2962-0dfa-ba3a-231a-d87c4cc0a382,DD82F7,Andrew Osborne,adult,20,
44854970-5af8-8153-e82b-7c016e41e698,DD82F7,Claire Osborne,adult,20,
7bf4f725-0ce8-0f35-84dc-bc1566c3ffa8,DD82F7,Anna Osborne,adult,20,
8b539b53-9401-fa9b-db7a-8665d611d1b0,DD82F7,Ingrid Osborne,adult,20,
c62690db-7c24-3409-7984-dedbb120430a,346LYC,Hannah Fitzgerald,adult,20,
e910d3f9-15f2-e1dc-df39-cdae61abc43e,346LYC,David Fitzgerald,adult,20,
55c3eb93-21f5-e5cc-4d8c-7014dea07606,32N7Q6,Laura Hargreaves,adult,15,
e8b8ec4e-e054-46bf-e29b-fa3180933d9c,32N7Q6,Paul Hargreaves,adult,15,
0fefe7a6-55e7-e5aa-2a38-bee780c1c69b,EC2GM8,Anna Bauer,adult,20,
bdc22f27-c947-88bd-3897-1d2b9b8d85d1,EC2GM8,Freya Bauer,adult,20,
7aaf0f17-f4ec-4975-d350-310503407aea,WUACDU,Julia Nakamura,adult,20,
d1bbd556-fca2-7a9d-58c6-240f6bf9be2d,WUACDU,Michael Nakamura,adult,20,
fee0aef2-e6f3-6d0c-e006-36c0f01eb71f,WUACDU,Peter Nakamura,adult,20,
99fba5e7-6348-2035-6b7e-f5769555c7d0,WUACDU,David Nakamura,adult,20,
c8c7929d-b5ee-8354-bc2d-cac2fae47b3a,FMMS6S,Robert Van der Berg,adult,15,
e310235b-b84d-cd3d-0310-9ae3817f7bcf,FMMS6S,David Van der Berg,adult,15,
872dc910-13aa-a4c7-d2d1-5494fabba088,UJFUHV,Michael Van der Berg,adult,20,
f515b08b-a8ad-fdaf-13c5-9e4dd88a7276,UJFUHV,Elena Van der Berg,adult,20,
b9fa181f-e049-b901-0353-a8077648a506,S4NRVN,Peter Van der Berg,adult,15,
8a3c0abf-fd55-5ac5-dc7f-170a44859894,S4NRVN,Peter Van der Berg,adult,15,
556b68dd-1c9c-601f-7686-7e3f28fca120,S4NRVN,Thomas Van der Berg,adult,15,
7c96f618-aa46-fd60-2454-0f5cf2815283,S4NRVN,Peter Van der Berg,adult,15,
3f9a6d49-bb0c-bb3d-a14d-36888d56698c,AY37XV,James Blackwood,adult,15,
3f11762a-515d-0fa1-f90d-5d9806df9bf3,AY37XV,Maria Blackwood,adult,15,
b62bea22-0099-9d97-0891-a9dcb7171ca5,TZ9WNH,Andrew Castellano,adult,15,
2a08723f-6fea-bbc8-12e1-808ec47c6086,TZ9WNH,Grace Castellano,adult,15,
b4d6f929-d9ae-9995-e13d-8d0338d0ac65,TZ9WNH,Daniel Castellano,adult,15,
0a87110f-8357-44d2-51fd-fb5eced933cd,2G558A,Emma Blackwood,adult,20,
ff0f50da-032c-e8e9-b264-7202c3a01b24,2G558A,Maria Blackwood,adult,20,
4ada0a16-a8b8-bed3-1dac-0ee5badcb08e,JPQHSQ,Simon Blackwood,adult,20,
4c234f58-5bef-a3a3-d4cf-5c86b87b918f,JPQHSQ,Daniel Blackwood,adult,20,
b6dc710a-ad22-a5f0-7e7c-ec85824ba48d,A3FSCA,Maria Dubois,adult,15,
45f0a237-004c-0b67-6a8e-ae726ef2f58d,A3FSCA,Rachel Dubois,adult,15,
9f8ad5f4-2962-d7a9-8718-20daff4bd754,A3FSCA,Laura Dubois,adult,15,
69ab172c-8a04-73be-2421-7ec655640fa4,3TGV7W,Johan Bennett,adult,15,
9828680d-20d6-b8b6-938a-230805da9c80,3TGV7W,Lars Bennett,adult,15,
4bba2586-60d7-9c89-1519-1b356a1ed61d,T57VNZ,Peter Bauer,adult,15,
c67313e6-b40c-3d32-84c0-bfcf476285bd,T57VNZ,Sophie Bauer,adult,15,
3af97627-8233-587c-9771-e5f38dcc46f7,2KDB3E,Lars Moreau,adult,20,
b0b3ef1d-daac-1121-0e8f-05500d2fbf07,2KDB3E,Hannah Moreau,adult,20,
d2ad5533-1796-80c2-ca98-7cf941950e05,2KDB3E,Emma Moreau,adult,20,
dae67ea2-4a58-682d-4f7a-f5a82e9c5b73,2KDB3E,Nicole Moreau,adult,20,
84b9d786-2d6a-5b5a-94a7-e3b2b0764b64,GJSSQY,Julia Dubois,adult,15,
debf50eb-f67f-4e81-04f0-34aed2e41cf1,GJSSQY,Lars Dubois,adult,15,
682599f9-be73-3cda-63d7-40536b720727,GJSSQY,Anna Dubois,adult,15,
06ac8bb0-88d5-bd59-3f15-1ec459756e20,3XPRTQ,Sophie Andersen,adult,15,
6ba0a126-5a55-4bae-8f29-7b0548759f84,3XPRTQ,Johan Andersen,adult,15,
f6297081-b60a-5fb2-a4ba-a199215c0411,VT2EQN,Christopher Dubois,adult,20,
e00c8916-5201-bbce-c539-ca3e172c0470,5UT4GK,Robert Ellingsen,adult,15,
9eb47113-c03c-0e05-39c1-ee7684e83170,5UT4GK,Julia Ellingsen,adult,15,
3a3fe12e-b262-0baa-e041-df2955d7d8a0,4V46PX,Rachel Fitzgerald,adult,20,
aab4d9b5-45af-6854-5a8f-454382ba1075,4V46PX,Ingrid Fitzgerald,adult,20,
6bc906f8-7fce-7da4-5e22-6e998db261c5,CVCSRQ,Maria Petrov,adult,15,
19c14827-3871-591c-0d5d-2336230678b5,GHCKRQ,Mark Holloway,adult,20,
37ce9686-af6f-11c6-200f-cd7e599088eb,GHCKRQ,Christopher Holloway,adult,20,
43f235fd-2cb8-0e43-77aa-cf5f502eabd2,KDHUMB,Johan Thornton,adult,15,
4f5e80e8-758a-51ac-cbfa-970f8171d224,KDHUMB,Anna Thornton,adult,15,
8995aea2-f288-a22d-12ee-97eaea55e9ac,KDHUMB,Elena Thornton,adult,15,
bde369a1-2e3c-b309-ac3b-069421cbaef0,JBWT4M,Freya Rossi,adult,15,
25808035-b8ab-d248-42d5-92c540eede2b,JBWT4M,Andrew Rossi,adult,15,
a4b0c55b-5243-5fc8-2123-674a2e20229b,9M645C,Maria Novak,adult,15,
0448cdf8-758c-f4ac-0a72-dcaa5a82f81a,9M645C,Sarah Novak,adult,15,
38e6f79f-8463-7d90-93fe-45f143a6eb46,2PL3FS,Andrew Petrov,adult,20,
c0274a54-6b6d-6273-96b6-df9fe7699741,2PL3FS,Elena Petrov,adult,20,
64f6631f-b6e1-1ff8-4f25-26983c877ba2,P26R5B,Anna Fitzgerald,adult,20,
14f078f0-cce4-037b-37a1-0de52babcd92,N8Z88M,Grace Ferreira,adult,20,
3ce9bca9-6fe5-50fe-38fc-b1e27d5a6630,N8Z88M,Simon Ferreira,adult,20,
8c480647-6331-b28f-a773-43007f2c0147,9P6DQ8,Andrew Petrov,adult,20,
88dab10b-7f0c-fe64-a591-8674910ea00d,9P6DQ8,Nicole Petrov,adult,20,
fb96f33c-adfb-3c8e-0d7d-2b755bea0230,9P6DQ8,Maria Petrov,adult,20,
dea3d060-4c64-8474-db00-ead17eebf795,YTBSK5,Julia Dubois,adult,15,
ef502f97-2abb-7a48-fb0a-099fe2b736a1,YMKU2V,Ingrid Marchetti,adult,20,
d0b06c82-e56f-93cf-fe26-9d496205fa43,YMKU2V,Stefan Marchetti,adult,20,
9c08133b-8960-a7aa-b20f-828b7efbb12c,D7ZMWK,Andrew Andersen,adult,20,
9b047723-8861-138c-d8f9-9facaac0bfa6,D7ZMWK,Grace Andersen,adult,20,
8011fdce-e31b-2da9-7717-b6e9188f5696,HQCHDJ,Elena Novak,adult,20,
afcfe60f-a9d7-1842-1251-cc675173e8c3,HQCHDJ,Andrew Novak,adult,20,
ba5d7328-bbbb-d8e1-2e1f-aae0da87e89c,HQCHDJ,Daniel Novak,adult,20,
cbbf40e4-947c-f4ce-0945-c443237d5e9a,HQCHDJ,Sarah Novak,adult,20,
20f91d14-45c0-e0dd-7e6a-43ccfe9494a9,NC49SA,Claire Rossi,adult,15,
ed7b5a27-3ae9-ec69-0f8f-0c52c57d1a0e,NC49SA,Robert Rossi,adult,15,
0ee0dc76-0145-5b12-d6b4-b18dd2cc393c,UBE9MG,Elena Andersen,adult,20,
2189e176-2f0f-bfb1-d2df-0208ceafe785,UBE9MG,Johan Andersen,adult,20,
1cde8ed8-b651-434d-a328-136ceda063c0,WAZBHN,James Schneider,adult,15,
60669f59-3920-5288-42c3-477b1d5adef3,WAZBHN,Sarah Schneider,adult,15,
6404efd9-8fbf-9405-9184-26fa74337948,LGZD2V,Michael Lindqvist,adult,20,
68334767-faa9-9a82-292d-29073b149a7a,LGZD2V,James Lindqvist,adult,20,
6f7a7a6a-ea75-5fc6-efa0-44efa534d9ec,LGZD2V,Michael Lindqvist,adult,20,
e00e1844-f202-10f1-f8a1-723e28c2cf25,LGZD2V,Stefan Lindqvist,adult,20,
b2a7a41b-3eaf-270b-d735-719384eb0a16,SA67NL,Michael Hargreaves,adult,15,
fb0fa3f5-61b5-b42a-0b0e-d9fe38c08e0c,SA67NL,Sophie Hargreaves,adult,15,
590adcf0-dc57-0e9c-2e08-151ba447b5fe,5G5396,Claire Okonkwo,adult,15,
1f69a2ae-fe21-9f7f-047f-c8b3c02891fd,5G5396,Claire Okonkwo,adult,15,
7ace6d84-319e-594d-8b8d-fd676b9c8dca,5G5396,James Okonkwo,adult,15,
2c95940a-bd91-69f6-631f-f18bb372a1f7,TZCT3B,Emma Okonkwo,adult,15,
cc39329a-6e23-b5fe-1763-743afe08e3a8,TZCT3B,Laura Okonkwo,adult,15,
f57083d4-d47f-79d7-9df7-faaf6136d087,TZCT3B,Christopher Okonkwo,adult,15,
6670312c-2aec-5ac4-4c32-8bb3278f0adf,TZCT3B,Daniel Okonkwo,adult,15,
d1f6efc6-710a-4c74-4aa2-959d249beef3,J7PQL8,Thomas Marchetti,adult,15,
6d3f7c9a-a180-efab-e4a2-e00b6e4e86ec,J7PQL8,Stefan Marchetti,adult,15,
235a7220-cc2b-55dc-e7ca-3c41a1765867,J7PQL8,Stefan Marchetti,adult,15,
c918f663-9358-ce4f-dd38-4d74810b141c,J7PQL8,Julia Marchetti,adult,15,
e1759d2b-d7a2-0246-d6b2-8a557511450d,ULQPBU,Sophie Schneider,adult,15,
38e6482b-320b-6a6f-3a74-f1bc1b3a2200,ULQPBU,Freya Schneider,adult,15,
9ddceaf0-d002-e413-ad07-fdbfc5ee0e23,HH7GRB,Christopher Lindgren,adult,15,
7dcb18eb-ea18-4b29-ab50-85e6d2a10b28,HH7GRB,Nicole Lindgren,adult,15,
e6e4b100-4c71-db6a-2529-34dea56a50e4,HH7GRB,Sophie Lindgren,adult,15,
35a7e01b-d2f7-ac59-21cd-cb4a9f64becc,MVDWAZ,Sophie Silva,adult,15,
06ff5411-5351-ab35-a971-9581d4aeafd2,YQMAKZ,Ingrid Lindgren,adult,20,
18943923-17cd-e920-6426-dae926dc65d7,YQMAKZ,Nicole Lindgren,adult,20,
bbe41f24-1581-98bc-5a54-d58e2494551b,XMYNZ9,Peter Bauer,adult,15,
eda4993c-905d-217f-389d-e50d014ede42,XMYNZ9,Simon Bauer,adult,15,
93f23b35-3e36-28af-0cad-247ca378de24,BEA73Y,Ingrid Petrov,adult,15,
a53d8ded-01a3-c6db-d569-35aa7371b7de,95GNWS,Simon Ellingsen,adult,15,
11469003-823c-fba0-ca80-e0e878bc736a,RRFU6P,Ingrid Kowalski,adult,15,
4fba45b6-29ef-5d9d-e657-bf81e0acca62,RRFU6P,Ingrid Kowalski,adult,15,
1994e63b-04c7-6578-0c84-3471a91f6891,RRFU6P,Stefan Kowalski,adult,15,
bd2f4408-cf03-8e57-0230-e2ee9f8ce31d,RRFU6P,Michael Kowalski,adult,15,
29463279-c91e-1362-214c-1c6101eb0286,EL58K6,Mark Ferreira,adult,15,
e8f979e3-2810-2bf9-61a3-a3dd42a2d515,EL58K6,Emma Ferreira,adult,15,
ff389858-de6f-958c-7f67-a5973e27ac3d,4WNHL6,Maria Bergman,adult,15,
9a1377b6-8cc3-75be-9ded-92beedc25092,GLYVU2,Ingrid Petrov,adult,20,
5b3d3242-7dbc-a54c-24ff-ed4ca2289c79,GLYVU2,Laura Petrov,adult,20,
420c0750-72a8-aced-0d6b-9b089eee412e,GLYVU2,Anna Petrov,adult,20,
3320a237-cd09-e600-590e-511bf3a804b9,2NNUP6,Christopher Rossi,adult,15,
09484565-5940-243f-4028-98bb41ea8545,2NNUP6,Freya Rossi,adult,15,
1e9203ee-7b3d-53e8-3e9b-fd57f2112e26,2NNUP6,David Rossi,adult,15,
afb472ba-cfad-ae9f-4379-a9d30d81481b,BJL7KC,Michael Castellano,adult,20,
6c25c45d-1fdb-0376-ea7f-47f717dfa1b8,BJL7KC,David Castellano,adult,20,
02b2a398-7fcc-1269-5ec2-1df9376ef24e,YVN2T4,Julia Whitfield,adult,20,
324bad93-9532-53b8-f6dd-e06876cd6d7f,YVN2T4,Nicole Whitfield,adult,20,
e63ad84d-6011-2544-3003-ddf7f15fbb9b,YVN2T4,Freya Whitfield,adult,20,
579f43f8-eaa7-226f-24fd-4bf745654348,XLQVZN,Daniel Castellano,adult,15,
32cf3d96-30b9-1e9c-83e4-3cd2e5390119,XLQVZN,Sarah Castellano,adult,15,
bbbb0ec9-fd57-0331-d4f1-bd6cf01fd448,XLQVZN,James Castellano,adult,15,
4d0d8fdf-6a82-fa37-ba2e-f03b1f91475e,XLQVZN,Robert Castellano,adult,15,
af54e4a3-afbd-eb79-cbde-6392f31543d2,9H789L,Johan Silva,adult,20,
0cea6c02-ecb5-7762-0d5c-f33e16b5c758,9H789L,Christopher Silva,adult,20,
c7d4b9e9-e72f-e879-912e-34690b6aa2b8,9H789L,Nicole Silva,adult,20,
08573acc-ebdf-8bce-3f92-5c4133d4ea53,9H789L,Anna Silva,adult,20,
f99f40b3-eb92-d80d-949c-8bc5f4f1b625,D74L8Q,Paul Castellano,adult,15,
596f48ff-1fd6-9f47-0d2f-130fa9482e9b,D74L8Q,Julia Castellano,adult,15,
0793e78e-466a-cad5-077f-4abba5ae8b2d,D74L8Q,Claire Castellano,adult,15,
ad86586f-3ebe-beba-262a-54561358de7a,D74L8Q,Michael Castellano,adult,15,
25e0d26b-29d6-ee82-1357-6f7e93195050,CPW4G9,Claire Nakamura,adult,15,
a7578348-d7da-07d3-ce4f-ff196bdd8a98,CPW4G9,Johan Nakamura,adult,15,
d25221f7-97ee-7b61-1abc-a450e5f8d1b1,LZTKRY,Daniel Kaufmann,adult,15,
85454572-a747-3f97-15e9-e0c979086241,LZTKRY,Ingrid Kaufmann,adult,15,
523a0c0c-265e-85e7-1081-212f3f06d8bd,HWQVGA,James Schneider,adult,15,
4b4cc41b-0753-880a-1b78-e72b8afe0b54,HWQVGA,Paul Schneider,adult,15,
e8652e7c-d69a-b9ac-ac33-62734d444648,9YDN7R,Christopher Bauer,adult,15,
4dcc3a0c-185e-009e-182c-bbdd34178ec8,828R8M,Robert Andersen,adult,15,
b2c24700-66d5-b12a-c1d3-d76c5a547835,828R8M,Nicole Andersen,adult,15,
69806ccb-df2f-db90-93a4-b6197762bcc4,GBP5DS,Paul Kowalski,adult,15,
e79bbce5-f0c7-1a80-4766-c947d8540ae1,R3PG5E,Ingrid Nakamura,adult,20,
63b25d49-23ba-bf31-9dbb-6be6236e62f4,R3PG5E,Ingrid Nakamura,adult,20,
c0b9764d-c624-1a92-1083-af6cfc728d5d,4SHBD6,Laura Blackwood,adult,15,
3993b555-c8f8-41d0-2cd3-c17a643d0d6e,7SS2AH,James Petrov,adult,20,
ce035cb3-6a25-f785-58cc-11d0c8881e86,7SS2AH,Christopher Petrov,adult,20,
6ba2e1d5-7691-b3e0-c681-ca0616b96438,YNUXW3,Claire Ellingsen,adult,20,
c0fcc940-a387-5231-f2b4-f461ad041dee,YNUXW3,Rachel Ellingsen,adult,20,
3c03066d-436f-64eb-6e79-309219016869,37XHBZ,Grace Rossi,adult,15,
ab8f7ce3-2b7a-602d-9237-c0f0e7d4c73c,64KXQ8,Andrew Van der Berg,adult,20,
ec327368-9e6c-f084-ceee-2a3a309b41ef,64KXQ8,Rachel Van der Berg,adult,20,
e543b502-adb1-e6e8-b460-48253dd108f3,64KXQ8,Andrew Van der Berg,adult,20,
09c7f0d6-4f75-482a-7008-34f2f08e2940,64KXQ8,Lars Van der Berg,adult,20,
ee1ebac8-8293-b0c6-7757-f1d84c06002a,Y7LYFJ,Julia Ferreira,adult,20,
3f7f22b6-b360-85ec-90a3-c7db8c09a108,Y7LYFJ,Anna Ferreira,adult,20,
ef51cebc-a0ba-44a1-5e62-57754da56dc3,J74TN7,Johan Fitzgerald,adult,15,
78572c17-c999-11cb-b2d1-5e8258345d7c,J74TN7,Mark Fitzgerald,adult,15,
354eb0c7-d659-135f-daa4-455376a738cc,E7WHFS,Julia Dubois,adult,15,
7411bdbd-08a0-37c8-9694-ab496c095def,E7WHFS,Claire Dubois,adult,15,
601e08fc-7c87-8878-2785-23dbbad38ad6,TVUJTH,Robert Andersen,adult,20,
30115daf-4ef2-5a70-5cd3-211aa0b1278d,TVUJTH,Nicole Andersen,adult,20,
e9ba5509-2a01-d337-4515-30f64a56162e,W7BSTE,Ingrid Osborne,adult,15,
49b904c3-f945-8bd1-1c17-8efc49a6b9f4,W7BSTE,Johan Osborne,adult,15,
53cce475-d93a-6bab-01e1-d67b5401ccbc,W7BSTE,Christopher Osborne,adult,15,
6101f0eb-139f-4ed0-6778-af9109c45131,W7BSTE,Christopher Osborne,adult,15,
3fcb41ce-b943-545d-68c7-8ce7d1dda2d0,W8FYDC,Freya Dubois,adult,20,
e4da0db4-8866-ea02-4eb4-92616fd376db,W8FYDC,Mark Dubois,adult,20,
d3ccd793-fb47-bdcc-9d42-9c6e5b5e9b0b,RXPFG9,Andrew Lindqvist,adult,20,
ce532ec1-2eb7-d18c-d271-f6c7893e35b2,RXPFG9,Michael Lindqvist,adult,20,
ae23d8d6-dd15-c432-976f-7e17c97a50c9,T2NMZR,Anna Osborne,adult,15,
b537d4c6-5bbd-e927-60f9-92e3f5c2e75f,T2NMZR,Daniel Osborne,adult,15,
6b109ed1-c4aa-95d6-aa05-1ea33399d505,T2NMZR,James Osborne,adult,15,
5c268ee5-8eed-6e72-de16-03fd51527c77,WJRBG7,Maria Silva,adult,20,
acdb3ffc-ce92-dc38-0381-c01ff45e8864,WJRBG7,Claire Silva,adult,20,
e0a7da24-0333-c3c5-59ed-01b66452f779,DXJPBP,Emma Kaufmann,adult,15,
79157b17-9757-75fb-b49a-8be7561cc506,DXJPBP,Stefan Kaufmann,adult,15,
3f26c84d-2531-9397-268c-b788ba8ccad2,5YJ4YZ,Sarah Vasquez,adult,15,
99d24fcd-f241-fe41-d140-d61968dd6828,5YJ4YZ,Daniel Vasquez,adult,15,
cdb70d1b-d2a9-7cfb-ab3f-0e36039a652d,UJV9W6,Emma Bergman,adult,20,
c059a452-10de-a1b3-08c4-ec229709993b,UJV9W6,Freya Bergman,adult,20,
94dc5391-0378-4d5c-3513-c8507abc4d85,59BT2D,Nicole Blackwood,adult,15,
79cae9e8-0483-fde0-fd63-51753667a11a,59BT2D,Hannah Blackwood,adult,15,
822b7a01-c0d7-34a2-ad59-8cb498f01fbf,59BT2D,Nicole Blackwood,adult,15,
446c4f60-a8fe-5026-f804-2567d71a98f3,59BT2D,Daniel Blackwood,adult,15,
f2d7815a-788a-eb90-90c3-26cf44e8daa5,HZCSP3,David Castellano,adult,15,
b5c56269-d6bd-4aba-bee6-830598b6ad6c,3AV7UT,Grace Kaufmann,adult,15,
17ec04cc-2dad-4c2a-5f80-621c95534c63,3AV7UT,Sarah Kaufmann,adult,15,
d949c06e-55ed-5037-144d-890528327776,3AV7UT,Maria Kaufmann,adult,15,
54c7aec9-0d86-038e-febd-c02ffe45b8dc,8EPW5M,Lars Novak,adult,15,
e65a1c88-8b61-fe28-6ecd-a181e93962ef,VCQPJG,Claire Andersen,adult,15,
d269d80c-d931-8809-5101-c3486249fd1d,957LSV,Grace Schneider,adult,15,
f5718f47-eb06-cf2c-d36b-de7a9b1faea4,957LSV,Julia Schneider,adult,15,
236ec22c-0aed-1c83-7f16-b56e1a0e4057,957LSV,Grace Schneider,adult,15,
fc9e096f-f142-2e1e-8007-ac4731baecb3,957LSV,Emma Schneider,adult,15,
bc54f0b0-d80f-0634-a851-a1286a4bde12,CWCN3L,David Okonkwo,adult,20,
55a8a656-44d6-52ec-0c0b-2e703920c0fe,CWCN3L,Robert Okonkwo,adult,20,
b76d31e1-c164-b842-f518-3fae30708a73,STRRTR,Nicole Whitfield,adult,15,
bbda0056-4ba3-1a16-1e51-03dd3fec887c,STRRTR,Thomas Whitfield,adult,15,
20e589fa-f680-fe99-88b1-d2e109f37ec3,STRRTR,James Whitfield,adult,15,
a10701fb-5c77-285f-1297-2c754ef9f6ad,STRRTR,Laura Whitfield,adult,15,
b48896ab-a5f3-cfa1-1772-1245d775fe36,CUM5MQ,Christopher Lindqvist,adult,20,
c2ec8ab3-0d59-8570-13f0-02dcb8fd4315,CUM5MQ,Sarah Lindqvist,adult,20,
acae17f2-dcc0-06bf-2288-cff5ba1d9960,CUM5MQ,Johan Lindqvist,adult,20,
778bd268-e2cf-a94b-2380-eeaa19f65986,CUM5MQ,Emma Lindqvist,adult,20,
475009e5-360e-5e2d-df55-2f08bc63faeb,XKXMUH,Nicole Whitfield,adult,20,
0576fbdc-fae7-c5a0-bd4e-c25b759a3d91,XKXMUH,Grace Whitfield,adult,20,
4036753e-a01a-365f-8504-911dce6d1ce1,SP8X4U,Anna Bergman,adult,15,
fa603a4a-8a9b-436d-fcca-218ed52ca4d9,SP8X4U,Christopher Bergman,adult,15,
cc1537b9-c3d7-1f6f-4d42-52962af9123e,9LLGPU,Paul Van der Berg,adult,15,
c05d5100-72af-2a58-d959-642180898ce3,9LLGPU,Robert Van der Berg,adult,15,
fa0ca7f3-fe0f-2d24-0d28-a1dfea6228c7,2TAHFD,Andrew Lindqvist,adult,15,
7ccfa511-a55a-2f62-7398-1616a055d0a0,U6W2PP,Julia Osborne,adult,15,
cbdc0ca4-dc6f-dae1-fd0b-290cd0c3bc2c,U6W2PP,Peter Osborne,adult,15,
c11d7b7b-b125-1689-595d-1f716594dc73,UQ9N6S,Daniel Rossi,adult,15,
69a9a9c6-9f79-ae2c-213d-9c0d2b55c374,UQ9N6S,Daniel Rossi,adult,15,
d7905996-71a8-0747-6912-bad1f8205ef5,UQ9N6S,Michael Rossi,adult,15,
3d7ee348-1847-b73d-6d6a-d2c4c203b9d8,KZYA9G,James Castellano,adult,15,
