segment_id,pnr,flight_no,flight_date,origin_iata,destination_iata,departure_time,arrival_time,segment_order
11401f2b-e574-6561-98e6-bb98ca599172,XKPT4M,F2-142,2026-08-26,WIL,UKA,10:15,11:05,1
bba53c6b-b278-8fce-4739-45a10c432929,XKPT4M,F2-164,2026-09-01,UKA,WIL,09:00,09:50,2
1293fece-2ca5-f8b8-648f-8a5f33ebb5e3,RM9K2T,F2-102,2026-08-17,WIL,OLX,07:30,08:15,1
008cabb3-f9d9-0bee-090d-85d80b5bb162,RVA9ZW,F2-146,2026-05-31,LSB,WIL,09:00,09:55,1
7f03c1ed-77e4-2f4b-bfa1-c0166f57f215,RDLU4N,F2-164,2026-05-12,UKA,WIL,09:00,09:50,1
a5e36a5f-c55b-8480-e31b-67fbd18e32e4,67KDNK,F2-150,2026-08-23,NYK,WIL,09:15,09:50,1
c7ec0c17-7229-5697-f65b-99906ccedb03,J8CT37,F2-150,2026-05-25,NYK,WIL,09:15,09:50,1
bf79ccce-748e-336d-141e-a6769970f5e1,39MDK9,F2-132,2026-05-07,WIL,ASV,07:45,08:25,1
c7ef6206-eb71-7e4a-0fee-4aa245f79104,B4E4G9,F2-172,2026-08-20,MYD,WIL,09:15,10:20,1
bf364874-c9d8-ed4c-5890-2e2c925ce16e,6ER6AJ,F2-132,2026-05-18,WIL,ASV,07:45,08:25,1
6c0226ab-bfbd-f667-9e17-9b2c64b9f7b6,VPTR25,F2-102,2026-09-05,WIL,OLX,07:30,08:15,1
4f7ea47b-2793-ace6-fd1a-63784d192f87,V97X8C,F2-150,2026-07-27,NYK,WIL,09:15,09:50,1
455b616c-be24-8e9d-13aa-43846e0604ff,STB9Y9,F2-132,2026-04-16,WIL,ASV,07:45,08:25,1
67533cf0-9f59-0a65-f710-0f10cd8c0e17,W5WEVH,F2-164,2026-07-29,UKA,WIL,09:00,09:50,1
be18d10e-d279-7f07-871e-adaa9b7410b0,SNGV3E,F2-144,2026-04-22,WIL,LSB,07:15,08:10,1
e72131fe-f8ce-e904-40cf-cd98a48870c0,CZNT9H,F2-170,2026-08-13,WIL,MYD,07:45,08:50,1
7f843d8a-9fe8-80d3-417b-6d49abbb9c66,QTCRNJ,F2-188,2026-04-22,EBB,WIL,09:00,10:45,1
10db5e37-ff50-b1ee-5402-f2850e3f7434,UG89HD,F2-148,2026-06-23,WIL,NYK,07:15,07:50,1
f702023d-8f85-34ff-eb81-30047539cc91,9BXLQF,F2-176,2026-05-24,LAU,WIL,09:30,10:50,1
63f845d1-c153-f49e-130c-0bb242e886c2,VNBP5G,F2-162,2026-08-18,WIL,UKA,10:15,11:05,1
4508354e-df0b-122c-cc17-91c07c346e9d,3LLT6Q,F2-172,2026-08-13,MYD,WIL,09:15,10:20,1
ee275873-97cd-c3d9-0b7e-2999a9d4f0e1,MQ7X5G,F2-130,2026-09-03,OSE,WIL,09:00,09:48,1
0336a64f-f6da-8e5f-560e-38203ec761da,P68RJS,F2-138,2026-06-08,UAS,WIL,09:45,10:45,1
c0a27830-1bff-3615-576f-8b61a2253694,KAEGJ7,F2-190,2026-06-06,WIL,JRO,07:45,09:00,1
fc5308f3-d790-f4d0-396f-5003de70d6a7,AGVQ3E,F2-126,2026-05-22,MNA,WIL,09:30,10:20,1
7f3d5696-227b-a041-ee87-477069ab6562,SGLBM2,F2-170,2026-04-24,WIL,MYD,07:45,08:50,1
b604e20b-5229-b4a6-15b4-3f03176c25ae,GRAXVN,F2-136,2026-06-01,WIL,UAS,07:00,08:00,1
2551503d-34f2-ef64-4bbd-a49b4a3a41b8,ZXDV3S,F2-142,2026-05-17,WIL,UKA,10:15,11:05,1
6e7f1049-d63c-f389-e803-43720be62ce6,7REXXM,F2-194,2026-07-27,WIL,ARK,07:15,08:35,1
f5204508-e488-4c92-18a7-7c04e2db31e9,UXXJ2V,F2-186,2026-08-31,WIL,EBB,07:45,09:30,1
f0b0040d-1aa4-1e8b-2e6c-7e3b59e6fc0b,3HQT5L,F2-176,2026-05-13,LAU,WIL,09:30,10:50,1
1d32367b-db4a-3494-af96-579116303600,UMYUWW,F2-150,2026-04-25,NYK,WIL,09:15,09:50,1
d4636598-f085-bdae-6a96-fa45e5f5e285,PX5DJD,F2-128,2026-08-30,WIL,OSE,07:45,08:33,1
e0a96aba-2cf0-7b5d-11a1-c72740589a51,CWHS37,F2-122,2026-09-09,KTJ,WIL,09:00,09:50,1
a8739838-ee2c-8ac7-5b18-89fd502a7900,7XUHKH,F2-168,2026-05-25,MBA,WIL,09:45,10:40,1
39b53dfc-2d4d-2398-34ca-da69dff6a4fd,9UHT6L,F2-106,2026-08-28,OLX,WIL,09:30,10:15,1
dcbfadfa-d213-b62a-886e-e405fc32c736,KA86WW,F2-150,2026-08-14,NYK,WIL,09:15,09:50,1
2e29165e-eaf2-094a-9061-0e3f6d0104f3,MLUNUK,F2-130,2026-07-16,OSE,WIL,09:00,09:48,1
c6e70a3e-8f1e-5984-5406-60bbc9a712dc,7HGX6D,F2-108,2026-05-13,WIL,KEU,07:45,08:35,1
f4c1bc30-67ac-1431-9595-5a92950d5981,ZHAQHL,F2-134,2026-05-21,ASV,WIL,09:30,10:10,1
5b553d57-a276-9296-afdf-56e74a40c2c8,G482G4,F2-158,2026-06-28,KIU,WIL,09:45,10:30,1
66731652-e7fc-2558-3952-267448be1eda,UPMYFN,F2-124,2026-07-21,WIL,MNA,07:30,08:20,1
5de2597c-66a8-3f47-c3ac-f2ba0a5d5ceb,28AGN7,F2-126,2026-08-08,MNA,WIL,09:30,10:20,1
5fa3a3de-d105-8bc7-250d-9a80aae1c75d,JQXT3S,F2-180,2026-06-07,KIS,WIL,09:15,10:10,1
0a77cbeb-5983-202a-f1be-06980feb36fd,3CPKVQ,F2-184,2026-04-15,ZNZ,WIL,09:00,10:50,1
32718138-2396-0d10-71ee-e0a09c950b74,GJQ9C6,F2-134,2026-07-22,ASV,WIL,09:30,10:10,1
7db485f7-fdad-f312-601e-64a8ce55c73c,4WCFNN,F2-158,2026-07-16,KIU,WIL,09:45,10:30,1
012ae4fd-c94f-2d40-7862-86ac44dfbf22,4FCY9J,F2-172,2026-07-13,MYD,WIL,09:15,10:20,1
4cc09e88-23db-efcc-8631-349d2477b8e2,52ATAU,F2-148,2026-08-30,WIL,NYK,07:15,07:50,1
5163ac0a-c18a-10d0-11e0-a1e4f13ef3a2,LXB6W6,F2-132,2026-07-14,WIL,ASV,07:45,08:25,1
1aa2a71d-3a44-a74a-5b7e-1db2a7a48513,GQ65GT,F2-128,2026-07-05,WIL,OSE,07:45,08:33,1
3e3be8df-6691-9ead-94a2-622011b93428,TD7GDT,F2-170,2026-05-04,WIL,MYD,07:45,08:50,1
df860bed-007b-2204-6acb-b0abe67c5f8c,RJ6QBF,F2-116,2026-08-15,WIL,MRE,10:15,11:10,1
42d93468-1730-e1f7-7560-c1b0f9cec797,METEAM,F2-116,2026-08-22,WIL,MRE,10:15,11:10,1
1c5f1c04-f8c2-40a0-3810-b7a2d9a9ba28,3JXMXX,F2-158,2026-05-27,KIU,WIL,09:45,10:30,1
cb740ece-729c-249c-2a79-def03793459b,USMT9D,F2-154,2026-07-11,NVA,WIL,09:15,09:40,1
ab6facdb-6060-6167-ce4d-39b029d827a6,435G2R,F2-150,2026-09-01,NYK,WIL,09:15,09:50,1
a3e0dc41-c934-f903-2644-f2336374de8e,MBFM84,F2-158,2026-05-17,KIU,WIL,09:45,10:30,1
3d78ebf9-5992-e703-2ce9-65bf23561290,4R293X,F2-108,2026-04-15,WIL,KEU,07:45,08:35,1
5a2d204b-8768-a8f0-5fc1-1529c381ecdb,5KWET6,F2-174,2026-07-04,WIL,LAU,07:15,08:35,1
0f3da091-455f-c877-57b7-fbcc8348fb73,MJACE6,F2-110,2026-05-12,WIL,KEU,10:15,11:05,1
345c3089-1f1c-09b3-c4fc-6edd507d1974,ZSFGC7,F2-154,2026-04-13,NVA,WIL,09:15,09:40,1
1c535203-c67e-bff1-3231-9f01daff5912,BGVCFX,F2-104,2026-08-21,WIL,OLX,10:15,11:00,1
cec1124c-1dfb-f5d5-ce98-8d9834b13864,TRBEAU,F2-164,2026-09-07,UKA,WIL,09:00,09:50,1
d3e081b4-75de-046f-04bb-2069771279a7,3E5D3D,F2-164,2026-06-23,UKA,WIL,09:00,09:50,1
eda6dc81-a47f-cfd3-623f-b2754f5ae429,SG6936,F2-138,2026-05-18,UAS,WIL,09:45,10:45,1
9d10c4ab-949d-1c0c-2be0-71c65f701ac3,Y3VYZP,F2-164,2026-09-03,UKA,WIL,09:00,09:50,1
b9d6edc2-61d1-1b28-6389-bbfa68ecc253,AHGM8S,F2-160,2026-07-01,WIL,UKA,07:00,07:50,1
7bdbc058-d22a-0bdf-3228-257199f1c45e,SGQ65H,F2-128,2026-06-15,WIL,OSE,07:45,08:33,1
acf44bbd-dd85-cdfd-9497-00f7c8b397b2,76R7J4,F2-152,2026-05-04,WIL,NVA,07:30,07:55,1
e2194645-487a-7eee-0f99-97483d2acd61,RWQGBK,F2-172,2026-07-21,MYD,WIL,09:15,10:20,1
e70a295a-753f-8b0d-b7f8-be33aef1714d,2DVKTW,F2-166,2026-04-20,WIL,MBA,07:15,08:10,1
603f20b0-258c-9f3a-2f12-233e6cb145eb,3VQSJQ,F2-108,2026-07-15,WIL,KEU,07:45,08:35,1
adf60ab6-fe63-18eb-7c55-5d723f78c829,X6US4W,F2-104,2026-08-18,WIL,OLX,10:15,11:00,1
914213ae-8da2-af79-ab04-50b6544ce186,PJZTMV,F2-132,2026-08-29,WIL,ASV,07:45,08:25,1
ca98f493-fe8d-7b07-d111-ecb6f5eaaeba,F5PP63,F2-146,2026-07-16,LSB,WIL,09:00,09:55,1
ce330700-6124-10b8-c1cc-90427d2a0b9e,X3GVWK,F2-132,2026-07-24,WIL,ASV,07:45,08:25,1
5436c625-1a68-bfcf-26da-10f658d3ee0e,3S2PYS,F2-186,2026-08-04,WIL,EBB,07:45,09:30,1
3884f703-e15b-8e20-1c13-9b8cf219b3fd,GDH3MU,F2-154,2026-05-29,NVA,WIL,09:15,09:40,1
7f8c36b7-571e-84b6-3632-3084b4544e1f,66W92E,F2-194,2026-07-23,WIL,ARK,07:15,08:35,1
e223d2ce-5395-6284-a55a-eb586b606faa,3MB2WJ,F2-132,2026-05-24,WIL,ASV,07:45,08:25,1
5518698f-31be-9656-e82b-cf4a1aa85cad,RSQ62W,F2-150,2026-06-07,NYK,WIL,09:15,09:50,1
86cdd9c5-45e3-8ccd-9d74-e6a0f86efa18,REPS84,F2-112,2026-05-26,KEU,WIL,09:00,09:50,1
f1acffce-8d87-b22e-cda3-ef7dcfce2bf6,2T2834,F2-190,2026-05-03,WIL,JRO,07:45,09:00,1
d7f54ae7-1bae-c0df-d247-e89d7386df82,QZPR2A,F2-174,2026-07-19,WIL,LAU,07:15,08:35,1
b99a84f2-7dff-511e-a9e4-72e20797c2a0,87R8XR,F2-122,2026-06-11,KTJ,WIL,09:00,09:50,1
f03e8d06-7999-549f-8221-dfba39d98b59,DNT88L,F2-150,2026-05-15,NYK,WIL,09:15,09:50,1
11f6fce2-1d03-f769-881b-f2388b8a9280,JK4QG9,F2-152,2026-07-07,WIL,NVA,07:30,07:55,1
4b351709-85d2-b102-f1e3-ec83f05dff4e,RS2L78,F2-184,2026-08-15,ZNZ,WIL,09:00,10:50,1
d57c8234-01d8-be54-1d61-4146963a9d48,MPRF5Z,F2-152,2026-08-11,WIL,NVA,07:30,07:55,1
fdc8d509-bb44-65ad-ca64-0216feeeda81,UK92X2,F2-196,2026-08-10,ARK,WIL,09:30,10:50,1
01970346-e7b9-6dba-e6b5-2facae497e20,P4V99A,F2-150,2026-07-14,NYK,WIL,09:15,09:50,1
1d0cd85d-49d0-b770-9d66-cca0983a565c,EGGKKN,F2-172,2026-08-28,MYD,WIL,09:15,10:20,1
8248fa5c-7e3f-f77e-2557-d2c3fa422235,643RJY,F2-130,2026-08-21,OSE,WIL,09:00,09:48,1
a0f04a4a-f36d-810f-7f68-f43dafc7c112,MTF46Y,F2-158,2026-05-31,KIU,WIL,09:45,10:30,1
293dfc08-4a91-f78d-548f-f594906169a8,FRCEVK,F2-134,2026-04-19,ASV,WIL,09:30,10:10,1
3f1ab444-61b4-f65c-31cb-be19e5e4cdb0,YSZHJS,F2-180,2026-08-15,KIS,WIL,09:15,10:10,1
15aee1fa-87d9-40fb-9f20-2b749aaf2106,KAEXKZ,F2-156,2026-07-15,WIL,KIU,07:00,07:45,1
053cf2c9-3c2f-6343-fd75-85087b74b8de,MNJD5P,F2-172,2026-04-16,MYD,WIL,09:15,10:20,1
a89286ad-5dd6-a2aa-20b7-cd199bf2efce,9P24CR,F2-132,2026-06-21,WIL,ASV,07:45,08:25,1
b7cfd4a5-b29f-b97f-077f-f1b65930e4a9,3P77GB,F2-170,2026-08-02,WIL,MYD,07:45,08:50,1
448ebbce-72b3-034f-fed8-afbdc1dca3d0,NTRM65,F2-182,2026-07-09,WIL,ZNZ,07:30,09:20,1
80a1265d-887c-ec02-7123-c3f102cfa2c6,JDDGVW,F2-142,2026-07-21,WIL,UKA,10:15,11:05,1
7ff37b07-a597-f73c-64d9-d24b2076cb34,S952KQ,F2-184,2026-07-03,ZNZ,WIL,09:00,10:50,1
796e65dc-05fa-b86b-5232-28cc2eedb9b3,48HX4S,F2-182,2026-04-15,WIL,ZNZ,07:30,09:20,1
ed6ff9a1-88ee-9e3d-1b5a-ec88e944e92f,EDDAAS,F2-118,2026-07-19,MRE,WIL,09:45,10:40,1
fbe09f44-28b0-3dfa-192d-dcd4d4d6931d,5DQUYN,F2-174,2026-08-05,WIL,LAU,07:15,08:35,1
5a2fcb06-f43a-f02e-dcc4-9507efa91ed2,DRN8L9,F2-154,2026-08-31,NVA,WIL,09:15,09:40,1
6d25a0ef-2b98-e80e-d0d9-937a19de8aa6,PV7D6U,F2-186,2026-07-10,WIL,EBB,07:45,09:30,1
4ec6a353-3bf4-226a-7c39-9469d006aa1e,6FU2HF,F2-122,2026-08-25,KTJ,WIL,09:00,09:50,1
74bd6666-1a94-801c-6df0-a232d3913e47,DRXFVW,F2-158,2026-07-09,KIU,WIL,09:45,10:30,1
bd86e945-e78a-7c09-cf81-0ea34aac863d,E5A2H2,F2-166,2026-08-28,WIL,MBA,07:15,08:10,1
3c5ce63b-4275-8e3d-a1da-95c20303ec30,8ABC88,F2-106,2026-08-31,OLX,WIL,09:30,10:15,1
984ee897-5736-b095-7a95-ed04c193261d,UMZP5W,F2-188,2026-05-05,EBB,WIL,09:00,10:45,1
2435f803-c723-fdc3-3c3d-ee4d1fec9237,8N8M5Q,F2-166,2026-08-14,WIL,MBA,07:15,08:10,1
5d9a1ccd-14de-505d-f605-0684d8d972f9,BNEP46,F2-112,2026-04-22,KEU,WIL,09:00,09:50,1
59a6c8c2-c205-65fd-3710-837b2904498b,SPQX9X,F2-180,2026-06-01,KIS,WIL,09:15,10:10,1
a1cb3f12-6d9e-7737-bff7-8b77a0fb310c,ZETPBC,F2-168,2026-04-15,MBA,WIL,09:45,10:40,1
10fa4c43-e7eb-75d0-c37b-0c1a77ce7704,NMMMWE,F2-174,2026-06-17,WIL,LAU,07:15,08:35,1
1cf5eb56-4b15-8de2-2ef8-f48328b556c0,A9XJUQ,F2-158,2026-05-18,KIU,WIL,09:45,10:30,1
0f742445-502d-8935-ff7e-adf5ee16414f,MAV49F,F2-128,2026-07-27,WIL,OSE,07:45,08:33,1
8198b87d-60a8-ec13-bb36-ddeb1f3092e7,ZLXRRF,F2-156,2026-09-04,WIL,KIU,07:00,07:45,1
9c64fb7b-4566-89a4-b07e-3dacec93e73b,PKMPLT,F2-114,2026-07-27,WIL,MRE,07:30,08:25,1
0ac75de2-ad63-bbb8-175b-a7a397f6c926,6FPFPX,F2-194,2026-04-13,WIL,ARK,07:15,08:35,1
a13904ae-36ca-7be8-6da6-e4bffd65d3ef,ZT4ADA,F2-132,2026-07-14,WIL,ASV,07:45,08:25,1
3bae2d02-f50a-87c5-71c1-e512cefa5dcd,HRFG4C,F2-194,2026-06-12,WIL,ARK,07:15,08:35,1
378825fd-d158-810c-0507-de010606887d,SJHMG6,F2-190,2026-05-04,WIL,JRO,07:45,09:00,1
955ba15a-44a9-93e3-7c66-e303157cdf8d,84CA6A,F2-104,2026-06-08,WIL,OLX,10:15,11:00,1
1a93fe0c-946c-99d4-e6a9-23b53e9da029,29TVJP,F2-192,2026-06-15,JRO,WIL,09:30,10:45,1
cfc0a659-ee2f-9e22-064b-87d802f2cd9f,7CA4H7,F2-172,2026-05-14,MYD,WIL,09:15,10:20,1
ba2384c0-01be-3b09-1d7b-c028661b6d3d,P6Z9MD,F2-176,2026-04-26,LAU,WIL,09:30,10:50,1
7755b824-fa8a-98eb-cfae-0419dee39938,DYKSRY,F2-106,2026-06-08,OLX,WIL,09:30,10:15,1
9fa4a721-2ede-ef87-6a08-bc042a5ffd5d,LFNYWF,F2-130,2026-08-29,OSE,WIL,09:00,09:48,1
8380b56b-09d6-c5d8-0c7c-17db39d90303,MZ5K8Q,F2-122,2026-05-12,KTJ,WIL,09:00,09:50,1
4d4e37b6-aefc-4ab1-e5e4-93fdeba0fcb1,CC9N55,F2-130,2026-07-14,OSE,WIL,09:00,09:48,1
8f8b4744-3333-e50d-f09c-214ff256a6ff,P2LFYS,F2-106,2026-06-29,OLX,WIL,09:30,10:15,1
1e268b54-5f7b-d859-8141-591a6e38e5d2,QPC43P,F2-122,2026-08-16,KTJ,WIL,09:00,09:50,1
707ca111-6bc3-186a-5ed7-2a6fb7edb34b,DWRCER,F2-192,2026-06-11,JRO,WIL,09:30,10:45,1
8dcd998d-adce-17bf-702d-4ae62a492d65,M7U9QJ,F2-142,2026-07-03,WIL,UKA,10:15,11:05,1
75a4c837-86f6-48e1-fdcf-ea0643345010,EXSP4E,F2-150,2026-08-21,NYK,WIL,09:15,09:50,1
df194486-9387-451a-b7fe-80f856c0678d,H2MSQF,F2-142,2026-08-09,WIL,UKA,10:15,11:05,1
1a28e279-2edc-766e-c298-c91aa6f3ccdf,GUPRTA,F2-174,2026-06-19,WIL,LAU,07:15,08:35,1
8a7a18af-60bf-68d5-77a7-56e0336daf5f,PZJGYS,F2-142,2026-07-05,WIL,UKA,10:15,11:05,1
085f3e18-42b5-b529-7b1e-1dbf45296c1a,D2743K,F2-120,2026-07-05,WIL,KTJ,07:15,08:05,1
b30c8975-8df6-b75c-af94-a41857e2b2d2,23PSUW,F2-164,2026-05-29,UKA,WIL,09:00,09:50,1
8f19c326-53f3-1c08-5618-f00cc70b847c,KDMFMH,F2-180,2026-04-15,KIS,WIL,09:15,10:10,1
4226d5f3-27d6-c435-697a-294a7b5c0b2f,BMU7NK,F2-176,2026-05-25,LAU,WIL,09:30,10:50,1
ceb72abf-5d9f-e4ce-f6d8-0eb9edfa72e2,T2PWHV,F2-126,2026-06-24,MNA,WIL,09:30,10:20,1
3b253d64-24d2-ee3d-e6f4-979873c7e6fd,35QFFJ,F2-152,2026-04-15,WIL,NVA,07:30,07:55,1
fd3264cf-754b-d221-36b1-8748d56f7c72,TLZDUK,F2-126,2026-05-16,MNA,WIL,09:30,10:20,1
21f4974c-9cb8-3e75-c703-1304a043968e,96CHEZ,F2-106,2026-06-07,OLX,WIL,09:30,10:15,1
24db9130-7214-2423-dc02-8a06c52d30b2,A6VCLD,F2-176,2026-04-30,LAU,WIL,09:30,10:50,1
2a222109-5534-9b0d-7e7e-ccd7402ef2ac,4XM4LE,F2-150,2026-07-02,NYK,WIL,09:15,09:50,1
cce3f21e-a4fd-5dc5-1079-7af51d939ce8,PQS4ND,F2-188,2026-08-06,EBB,WIL,09:00,10:45,1
9d7b7902-dc87-14a2-9285-59d396183127,JBY586,F2-194,2026-04-21,WIL,ARK,07:15,08:35,1
c4010ef5-e03d-4c53-97c9-170b6e8d6754,XS6ANW,F2-166,2026-04-14,WIL,MBA,07:15,08:10,1
3ddde113-2db7-34b6-f8b5-4fb0564874a8,CH7MHN,F2-116,2026-05-07,WIL,MRE,10:15,11:10,1
96fe82ba-bfdb-e059-e41a-1f9c3e950d32,GWXBET,F2-122,2026-05-12,KTJ,WIL,09:00,09:50,1
20817778-c760-1876-ac6b-2c722ad68e3e,M8FAKL,F2-122,2026-05-14,KTJ,WIL,09:00,09:50,1
74394543-f82a-b69e-9040-670f3dd83e06,HW3R47,F2-106,2026-08-06,OLX,WIL,09:30,10:15,1
7891d182-29fb-ded5-be0b-201a48043187,VV7X44,F2-182,2026-06-05,WIL,ZNZ,07:30,09:20,1
00899d6f-926c-da12-7e40-4e38576a142a,96MA9W,F2-172,2026-05-23,MYD,WIL,09:15,10:20,1
fbfbc4e2-19c0-7865-5f66-f6e333c80ebd,QWVGKU,F2-144,2026-04-13,WIL,LSB,07:15,08:10,1
afa0916d-7281-075d-04a1-6611197f26fa,7T3HCR,F2-180,2026-05-09,KIS,WIL,09:15,10:10,1
4befed6e-a2b5-565d-91db-a535cf106ae8,ZJV8RU,F2-176,2026-05-21,LAU,WIL,09:30,10:50,1
c8e38d40-3f48-8926-4115-1dbf24b6ce71,YN59X9,F2-122,2026-06-01,KTJ,WIL,09:00,09:50,1
8576e48f-54b6-ea17-1c48-4d8dc175235a,Q8WVS3,F2-170,2026-08-14,WIL,MYD,07:45,08:50,1
ad1a87a8-7f49-4d2d-800a-5be6857f2932,V868DC,F2-130,2026-05-23,OSE,WIL,09:00,09:48,1
844ae68b-185f-d505-e9c5-b19e814b0db3,F3MPUS,F2-186,2026-06-20,WIL,EBB,07:45,09:30,1
e2d0327d-4304-6fc9-2004-b03d17896d22,XZ4DXH,F2-146,2026-05-27,LSB,WIL,09:00,09:55,1
65426b2e-7f16-bc34-e44d-afbf4e3dd352,TEVQLC,F2-174,2026-08-13,WIL,LAU,07:15,08:35,1
6f18c638-ab70-d577-3665-45b5685282d7,6QPUWQ,F2-158,2026-09-05,KIU,WIL,09:45,10:30,1
9f80aefe-b28c-4670-05ba-f4e3a30a94b9,DDUN42,F2-192,2026-08-05,JRO,WIL,09:30,10:45,1
7e3b6892-1a7c-d6fa-6d5e-cd061eb088b9,V8TYQX,F2-138,2026-04-22,UAS,WIL,09:45,10:45,1
1bc4ebfc-9419-290b-18fe-daaf801c19c7,Y3VUWF,F2-164,2026-06-25,UKA,WIL,09:00,09:50,1
7faa280d-2811-4562-c617-655e12928965,W3AU8G,F2-194,2026-07-21,WIL,ARK,07:15,08:35,1
ef093fe2-fd5b-a2a7-a234-e18c25804220,CG2ETQ,F2-142,2026-04-20,WIL,UKA,10:15,11:05,1
a178b324-aa97-80df-aba6-292f36be8fc5,596KER,F2-196,2026-05-12,ARK,WIL,09:30,10:50,1
7684e3e0-2fc8-229a-65c6-2bf9b1d98b24,DKA6QL,F2-182,2026-06-11,WIL,ZNZ,07:30,09:20,1
b7f8af56-970e-7894-0d36-410b56508b8d,UKH9N3,F2-180,2026-04-18,KIS,WIL,09:15,10:10,1
1a715e4a-6ffc-b9b0-5200-719eb78d0c4f,J5SLKG,F2-178,2026-09-07,WIL,KIS,07:30,08:25,1
6ecaec8d-8992-95d2-933a-cfb4f6d7d44c,KGPJN8,F2-126,2026-08-23,MNA,WIL,09:30,10:20,1
8a6c7e56-3f59-047b-8419-7ece67f2be4f,YKXREP,F2-126,2026-05-25,MNA,WIL,09:30,10:20,1
f79c5424-eb65-bc09-8da1-27d04339f841,JXQ4YJ,F2-190,2026-05-19,WIL,JRO,07:45,09:00,1
c4bb71f5-bce5-8193-0cfa-c34f06d7d17f,QM3MBA,F2-158,2026-08-27,KIU,WIL,09:45,10:30,1
b34e5995-d3e9-a900-d873-96840dccbd9b,N6S4FQ,F2-114,2026-07-06,WIL,MRE,07:30,08:25,1
c077a1cc-179c-0564-e778-3cab20d5ca23,YLRRQW,F2-104,2026-06-02,WIL,OLX,10:15,11:00,1
3fed2c1b-b4fd-d740-28cf-278ac4f2866e,HB74M9,F2-124,2026-08-25,WIL,MNA,07:30,08:20,1
479be16c-8429-cd84-4f18-5d0b55e17dcb,73WC3A,F2-142,2026-06-10,WIL,UKA,10:15,11:05,1
3ab0b4a2-79d7-b0bb-4bf4-8a2fc23c9ca6,UBWFSF,F2-152,2026-04-24,WIL,NVA,07:30,07:55,1
ea7237ed-09e3-9820-ece4-d148433ab8d3,HUNTC8,F2-136,2026-09-02,WIL,UAS,07:00,08:00,1
1c042faf-4e0a-940f-4ae8-073157bab6b4,XZF5B9,F2-162,2026-08-21,WIL,UKA,10:15,11:05,1
65fcbcae-a651-445a-85d9-57cffb9475fd,LS5HAX,F2-162,2026-07-29,WIL,UKA,10:15,11:05,1
7f4e723d-c6e6-3d24-7278-3315788dfe54,5CRQSQ,F2-122,2026-08-22,KTJ,WIL,09:00,09:50,1
7fecbc1c-2ed6-fdcb-1691-7e0e672f3418,6MNDSP,F2-142,2026-05-13,WIL,UKA,10:15,11:05,1
aef4caca-f62a-b11e-ffda-920be2a60ff8,4FZCKT,F2-146,2026-05-15,LSB,WIL,09:00,09:55,1
ac41a39e-ae4e-401b-6309-69ec54cf5560,ZF9R3G,F2-142,2026-08-02,WIL,UKA,10:15,11:05,1
da565c92-aded-341d-3cf3-0b8fa4fec064,GVJVPJ,F2-140,2026-07-07,WIL,LKU,07:30,08:20,1
30ea406c-a418-b109-c9fa-bf6bfa522f30,5HLCKS,F2-174,2026-07-23,WIL,LAU,07:15,08:35,1
1ba594e2-90e7-1787-9321-936ebf248fa8,3VXVYY,F2-108,2026-07-22,WIL,KEU,07:45,08:35,1
cac4a184-292e-f665-46ea-abd6be83d818,TMEBQ4,F2-192,2026-05-12,JRO,WIL,09:30,10:45,1
d28f90bf-e876-1ba0-e100-e35041d8f822,3HD5WU,F2-118,2026-06-01,MRE,WIL,09:45,10:40,1
c7042cb3-63b4-89b3-510d-712184f184a3,6BHQQH,F2-174,2026-07-05,WIL,LAU,07:15,08:35,1
e95b22dc-2e39-9162-a40d-4ba059636d31,8MBXEH,F2-130,2026-08-29,OSE,WIL,09:00,09:48,1
6d9d7d1b-0d99-5f70-fc39-c4e5aec3fd86,2C7QY8,F2-170,2026-08-05,WIL,MYD,07:45,08:50,1
d81fb5e6-2510-5d4f-3b40-ac4204ed4059,NDKUKS,F2-190,2026-06-30,WIL,JRO,07:45,09:00,1
4969c279-c6d7-3754-09fe-07c86538251c,EPYPG9,F2-158,2026-04-13,KIU,WIL,09:45,10:30,1
7a29a867-3751-d5f9-f068-254087be22c2,PEJXSD,F2-194,2026-06-29,WIL,ARK,07:15,08:35,1
b6db4453-f831-bc48-bfd4-e9a9ddd6d9d2,66MJRR,F2-140,2026-06-16,WIL,LKU,07:30,08:20,1
7fa66f6c-8cfa-f61f-44a5-b7cac90b5ab4,6LWDW9,F2-118,2026-07-17,MRE,WIL,09:45,10:40,1
2d5940c1-ab31-11cf-6832-20948bf8bd69,XUC4KZ,F2-122,2026-07-30,KTJ,WIL,09:00,09:50,1
38862d82-738e-49d2-511e-0e09536f0475,N99MWT,F2-172,2026-07-24,MYD,WIL,09:15,10:20,1
b608716f-a0f4-5234-1a44-d0a6e9156b78,U7PQ65,F2-110,2026-06-18,WIL,KEU,10:15,11:05,1
e153adba-2c35-c0a2-2ba1-9b6c7c4060b7,UT7MGC,F2-172,2026-06-03,MYD,WIL,09:15,10:20,1
caef444e-cda1-7279-1ceb-340a87e4963f,N3EK5R,F2-106,2026-06-21,OLX,WIL,09:30,10:15,1
2bc2a922-492d-59ca-8266-83c6684f793e,ZL7SFF,F2-158,2026-04-17,KIU,WIL,09:45,10:30,1
95f17dab-3492-3a6e-8c8a-099f68eaad6f,5UNMXP,F2-134,2026-07-10,ASV,WIL,09:30,10:10,1
8da888c2-b78a-4f18-e8d4-4638359b9e1f,Y4T2KT,F2-188,2026-08-02,EBB,WIL,09:00,10:45,1
783cc969-c348-4910-4f7e-2db2cea77734,99MVMM,F2-102,2026-05-28,WIL,OLX,07:30,08:15,1
f6bdbf6a-994a-2026-4319-43f4009bd913,EVTKU6,F2-130,2026-07-01,OSE,WIL,09:00,09:48,1
52b471bb-0815-afa1-8d46-708f52660989,EGBSLF,F2-166,2026-08-19,WIL,MBA,07:15,08:10,1
598345b0-2b63-89b1-40ac-81f49aca7b76,ZJS2CW,F2-180,2026-09-08,KIS,WIL,09:15,10:10,1
49490c07-b659-3d28-6f53-3b6b8629e3c6,VXWFA3,F2-162,2026-06-05,WIL,UKA,10:15,11:05,1
75ca5e00-b8a8-7050-a54c-8d7b1fa1fd6f,4GR2UR,F2-144,2026-05-29,WIL,LSB,07:15,08:10,1
8d1b32dc-b59e-e566-7043-9c5d1b113adc,H5LVY3,F2-134,2026-07-27,ASV,WIL,09:30,10:10,1
237dd16e-64f5-abf0-4abe-776acc3f0f02,JBFFBA,F2-158,2026-08-18,KIU,WIL,09:45,10:30,1
029209e7-4b9e-7646-09bf-03c39a2df7dd,PRCPYA,F2-154,2026-05-06,NVA,WIL,09:15,09:40,1
62745a22-354b-ec1d-5c51-921cfceeee49,GZ5DNR,F2-130,2026-08-26,OSE,WIL,09:00,09:48,1
c51ed2bf-8644-5d56-5e15-70f356f5e362,8DEXAM,F2-170,2026-06-22,WIL,MYD,07:45,08:50,1
c5a7391b-046a-2ec2-8272-79295419c3a5,CVR7Z2,F2-188,2026-04-24,EBB,WIL,09:00,10:45,1
555100fc-705c-2a2f-4691-ab143a85113a,SXJGCN,F2-184,2026-04-14,ZNZ,WIL,09:00,10:50,1
bbf943c7-4979-1e8b-9bb9-e4a061d6a6e9,GJ2BGF,F2-138,2026-05-07,UAS,WIL,09:45,10:45,1
8e496236-086e-f674-9ca1-cf0474c4a0b6,3EHR22,F2-112,2026-06-07,KEU,WIL,09:00,09:50,1
49030d97-d71d-f4ad-4d52-e808d50f9c57,5GKA6H,F2-130,2026-07-20,OSE,WIL,09:00,09:48,1
17aab946-25fb-5e07-775d-c669f64f8568,6VZ8MC,F2-164,2026-04-18,UKA,WIL,09:00,09:50,1
5c14aee7-9df1-ad28-68de-8a840b9164c1,LQHCGA,F2-132,2026-06-22,WIL,ASV,07:45,08:25,1
fcc94fdb-a22f-c867-3115-15edf2b6ad8d,7T4L5R,F2-122,2026-07-17,KTJ,WIL,09:00,09:50,1
40e48467-cfb8-c533-0c06-70310396ef99,8JDYRM,F2-140,2026-06-01,WIL,LKU,07:30,08:20,1
dfd6ae2e-775d-c10d-f228-05a491532a91,YQGMYP,F2-194,2026-07-18,WIL,ARK,07:15,08:35,1
4026aaf2-9a1c-bb35-1c99-ad81e69b2275,J2NEEB,F2-162,2026-08-14,WIL,UKA,10:15,11:05,1
9118cca5-d5e7-21b7-4bce-d41f6266c380,S4LTJS,F2-168,2026-05-11,MBA,WIL,09:45,10:40,1
aa0cb720-50b1-85f1-fe87-eae9ea2e0e42,XTP8CN,F2-116,2026-07-30,WIL,MRE,10:15,11:10,1
f65036ba-67b0-d7c7-7ab7-bea2fbc6a868,DD82F7,F2-180,2026-07-07,KIS,WIL,09:15,10:10,1
a272c22c-b21f-edcb-15a4-dcd3f7255573,346LYC,F2-168,2026-07-06,MBA,WIL,09:45,10:40,1
a0878a5e-061e-24e3-ef38-aa5937dbfb0c,32N7Q6,F2-114,2026-05-04,WIL,MRE,07:30,08:25,1
2269161d-42b8-d2f1-dc77-17c64bef77d3,EC2GM8,F2-176,2026-06-08,LAU,WIL,09:30,10:50,1
e3e3a3aa-00b2-6386-445d-4070d0836df1,WUACDU,F2-170,2026-08-28,WIL,MYD,07:45,08:50,1
70f6339e-b107-51b0-5408-6a9b8fd89ce2,FMMS6S,F2-112,2026-06-24,KEU,WIL,09:00,09:50,1
8aa094fb-620a-95bf-935c-10fb7a8c6d37,UJFUHV,F2-178,2026-07-28,WIL,KIS,07:30,08:25,1
68f606f1-834f-35b4-4802-437eb743cf09,S4NRVN,F2-144,2026-07-05,WIL,LSB,07:15,08:10,1
baac16ee-a3c9-2e49-4bfc-bca1a545453c,AY37XV,F2-144,2026-05-25,WIL,LSB,07:15,08:10,1
185d0658-e5d6-1c05-ed6a-d6b6df8d136b,TZ9WNH,F2-194,2026-05-06,WIL,ARK,07:15,08:35,1
eb00ea55-27ad-f030-49e8-2bd42bcce3c6,2G558A,F2-160,2026-08-08,WIL,UKA,07:00,07:50,1
df73b45d-8195-3e18-99bb-47f50b42754e,JPQHSQ,F2-168,2026-07-10,MBA,WIL,09:45,10:40,1
4da9c0e6-09bb-3ed0-6c0f-f85a5f8c0b6d,A3FSCA,F2-126,2026-05-24,MNA,WIL,09:30,10:20,1
2b4d3e42-1cb2-40c4-e379-f93a2bedb5e8,3TGV7W,F2-158,2026-08-07,KIU,WIL,09:45,10:30,1
7351f9d3-c023-96c5-f7d1-6af293f783ed,T57VNZ,F2-132,2026-08-04,WIL,ASV,07:45,08:25,1
78e92e88-8a92-4a2f-5caa-2d3c31cbcad0,2KDB3E,F2-168,2026-09-09,MBA,WIL,09:45,10:40,1
706c77c7-20fa-ef75-320b-924995c823b8,GJSSQY,F2-130,2026-08-19,OSE,WIL,09:00,09:48,1
87847146-4aba-0d8e-7d16-0d82c0c06a58,3XPRTQ,F2-154,2026-05-29,NVA,WIL,09:15,09:40,1
56615e94-0428-382d-2148-d6004b09a5aa,VT2EQN,F2-172,2026-05-01,MYD,WIL,09:15,10:20,1
19e3ecfd-7556-f34f-48eb-71ad365f1a33,5UT4GK,F2-134,2026-07-22,ASV,WIL,09:30,10:10,1
4b848c13-2404-d5bf-4334-5f58a8da271c,4V46PX,F2-182,2026-09-05,WIL,ZNZ,07:30,09:20,1
383db810-d55d-bd5d-9a0e-5f7c8b213d17,CVCSRQ,F2-152,2026-06-05,WIL,NVA,07:30,07:55,1
92e70c50-a340-8d39-7950-4a37e7380a0f,GHCKRQ,F2-176,2026-05-03,LAU,WIL,09:30,10:50,1
96aa11c5-6bc9-ba66-a6d2-c52f153e56ec,KDHUMB,F2-118,2026-06-29,MRE,WIL,09:45,10:40,1
dc00336f-99a6-b567-0d64-02762ba47d1c,JBWT4M,F2-108,2026-07-10,WIL,KEU,07:45,08:35,1
250fdeb7-c1a3-12d6-7450-bec75816174f,9M645C,F2-114,2026-07-29,WIL,MRE,07:30,08:25,1
7dc84476-cd13-bb30-e940-79f4b7d13c81,2PL3FS,F2-170,2026-09-05,WIL,MYD,07:45,08:50,1
e6f3ded4-b7f7-cd2f-b116-e537613feb69,P26R5B,F2-180,2026-08-13,KIS,WIL,09:15,10:10,1
65ec7391-2363-3cfd-1d7d-118be85b497b,N8Z88M,F2-182,2026-07-23,WIL,ZNZ,07:30,09:20,1
d7c000b9-81c7-0b00-2321-0c153112f509,9P6DQ8,F2-164,2026-07-08,UKA,WIL,09:00,09:50,1
c5e1a7ff-3543-c9e7-ed79-7d7040676d72,YTBSK5,F2-148,2026-07-06,WIL,NYK,07:15,07:50,1
e7304e87-da6f-6699-935f-9938e9fc3804,YMKU2V,F2-182,2026-06-19,WIL,ZNZ,07:30,09:20,1
e12bc11d-9839-8279-314a-b320cb7fa3c8,D7ZMWK,F2-170,2026-07-19,WIL,MYD,07:45,08:50,1
132572da-4fa5-6f33-4d77-47cee448ffe9,HQCHDJ,F2-182,2026-07-25,WIL,ZNZ,07:30,09:20,1
4e8daf62-1d30-e405-b06d-79fe839743ae,NC49SA,F2-156,2026-06-24,WIL,KIU,07:00,07:45,1
cba9b205-b79b-b82c-3c75-91bbbe9a8e05,UBE9MG,F2-186,2026-07-05,WIL,EBB,07:45,09:30,1
631487ed-cee9-7d6d-ebaf-a18f26a95dcd,WAZBHN,F2-140,2026-08-09,WIL,LKU,07:30,08:20,1
075802fa-8e2c-94d9-b223-828d55c09e3b,LGZD2V,F2-160,2026-06-07,WIL,UKA,07:00,07:50,1
e557e029-5e50-20ae-fc1c-238a2b8a10d2,SA67NL,F2-114,2026-04-13,WIL,MRE,07:30,08:25,1
3abb2cc5-510b-1963-bc9c-9637701be6ce,5G5396,F2-108,2026-06-05,WIL,KEU,07:45,08:35,1
83f80f9b-2418-63fd-d657-eb5e4094a37a,TZCT3B,F2-152,2026-08-12,WIL,NVA,07:30,07:55,1
c61eaa69-dc3c-956a-77d3-612c0b63ced4,J7PQL8,F2-150,2026-07-28,NYK,WIL,09:15,09:50,1
488a89b6-6627-ceab-5817-0de3a7b9bf1e,ULQPBU,F2-148,2026-06-24,WIL,NYK,07:15,07:50,1
4b9df9c9-5476-8f25-c0b9-649ba65bb8c5,HH7GRB,F2-190,2026-06-25,WIL,JRO,07:45,09:00,1
15dd65a2-5065-fdc7-ff64-a0484334c2f3,MVDWAZ,F2-190,2026-05-13,WIL,JRO,07:45,09:00,1
4c8f8e5b-f611-1d36-1f96-633c03c8d3e6,YQMAKZ,F2-186,2026-05-02,WIL,EBB,07:45,09:30,1
2750be08-481d-a919-8e72-b0162a409635,XMYNZ9,F2-150,2026-08-22,NYK,WIL,09:15,09:50,1
fd19f686-c519-b951-c96d-8b5a0dc67f68,BEA73Y,F2-192,2026-07-24,JRO,WIL,09:30,10:45,1
0ef11b32-13ea-3d2e-d4d7-d6efb795a49f,95GNWS,F2-150,2026-06-01,NYK,WIL,09:15,09:50,1
507351c5-7c12-4516-7b55-fe5e43f90f48,RRFU6P,F2-194,2026-07-31,WIL,ARK,07:15,08:35,1
7c920e4e-6ef3-d2fd-5a46-ee5c41786109,EL58K6,F2-156,2026-04-20,WIL,KIU,07:00,07:45,1
ac1a88f2-c0e0-26f5-d26a-9c06998e7e1d,4WNHL6,F2-126,2026-04-26,MNA,WIL,09:30,10:20,1
19809f40-5262-fb59-b05a-8b185fccaaee,GLYVU2,F2-164,2026-04-16,UKA,WIL,09:00,09:50,1
d953859d-77c5-f1f4-b6e7-19aa6aa8ea31,2NNUP6,F2-146,2026-04-17,LSB,WIL,09:00,09:55,1
759d7ac3-0eb8-a384-060c-da5cbaf0b075,BJL7KC,F2-178,2026-08-02,WIL,KIS,07:30,08:25,1
59233a46-c937-2e37-3acb-d522d3c5961e,YVN2T4,F2-176,2026-08-03,LAU,WIL,09:30,10:50,1
5d837fc6-fffd-b1ac-d8d3-de2a48f2d0e0,XLQVZN,F2-136,2026-05-25,WIL,UAS,07:00,08:00,1
616e2ef2-79e3-7b4d-0bcf-d3e02e78fef7,9H789L,F2-184,2026-07-21,ZNZ,WIL,09:00,10:50,1
0e2f46fa-3083-e4d6-eed3-174046c3cd29,D74L8Q,F2-114,2026-09-01,WIL,MRE,07:30,08:25,1
a14bd2e6-ea6d-57f4-c24b-1703654f7a5e,CPW4G9,F2-194,2026-05-01,WIL,ARK,07:15,08:35,1
13dc1ab7-13a0-7087-7b04-58c75c2bc5a2,LZTKRY,F2-148,2026-07-03,WIL,NYK,07:15,07:50,1
ee56f8ad-9e59-9c10-63b2-f57e5b61119f,HWQVGA,F2-146,2026-04-22,LSB,WIL,09:00,09:55,1
7f394a53-3c0c-1ef3-b225-67ea58ea72f1,9YDN7R,F2-190,2026-07-19,WIL,JRO,07:45,09:00,1
a9fe181e-3cf5-2c46-c049-1fdf7c3f4057,828R8M,F2-126,2026-06-09,MNA,WIL,09:30,10:20,1
a236b29b-967c-b8dc-f898-fc50d7e06a99,GBP5DS,F2-104,2026-07-05,WIL,OLX,10:15,11:00,1
9daa95b3-996d-9677-4e99-9f548b1717ec,R3PG5E,F2-162,2026-05-03,WIL,UKA,10:15,11:05,1
54ddf19b-9e48-a4a2-2929-068e7fd60730,4SHBD6,F2-190,2026-05-01,WIL,JRO,07:45,09:00,1
353e023d-d09c-42e5-28a1-83868b61e2f3,7SS2AH,F2-166,2026-07-10,WIL,MBA,07:15,08:10,1
19c2c72b-d4a2-5bf5-af0a-087f2e6b0b48,YNUXW3,F2-162,2026-06-17,WIL,UKA,10:15,11:05,1
ce8168c2-2909-6a68-1c41-e833889b63bd,37XHBZ,F2-134,2026-07-09,ASV,WIL,09:30,10:10,1
57470b92-69d4-e306-8fa8-145b60705314,64KXQ8,F2-186,2026-09-05,WIL,EBB,07:45,09:30,1
1e3feed0-76cd-107c-42cf-0d25a8a19249,Y7LYFJ,F2-176,2026-05-10,LAU,WIL,09:30,10:50,1
26244344-4ebf-b788-68dd-ea896ae8665f,J74TN7,F2-140,2026-07-20,WIL,LKU,07:30,08:20,1
380bccdb-052a-0ccc-1519-fba861f2250e,E7WHFS,F2-148,2026-07-12,WIL,NYK,07:15,07:50,1
eb9210c5-17d5-559c-3d09-0087843640c1,TVUJTH,F2-164,2026-09-03,UKA,WIL,09:00,09:50,1
83391cfc-22e3-aaa3-5ff6-57a9a7fc8b48,W7BSTE,F2-150,2026-05-15,NYK,WIL,09:15,09:50,1
92f482a7-e8f9-1b49-e8bb-60c661b465eb,W8FYDC,F2-180,2026-07-15,KIS,WIL,09:15,10:10,1
66a25fea-764f-d946-ce2f-55e2fa28d658,RXPFG9,F2-162,2026-06-24,WIL,UKA,10:15,11:05,1
593ebda6-edf3-73c8-bcab-9d30c6366614,T2NMZR,F2-108,2026-06-14,WIL,KEU,07:45,08:35,1
0c7ea7ca-0ec9-6ef9-d395-e9cbc9126b94,WJRBG7,F2-188,2026-06-24,EBB,WIL,09:00,10:45,1
1694557c-691e-63c7-6536-d37fcd294851,DXJPBP,F2-134,2026-07-11,ASV,WIL,09:30,10:10,1
948be786-04a6-a7e7-b056-d7449a1a7707,5YJ4YZ,F2-134,2026-07-05,ASV,WIL,09:30,10:10,1
d8d2684d-236d-a974-0ea7-954912451660,UJV9W6,F2-164,2026-06-08,UKA,WIL,09:00,09:50,1
d3933fd0-8bda-df7b-1b28-d891444a8c16,59BT2D,F2-148,2026-07-02,WIL,NYK,07:15,07:50,1
94265ae9-c06e-9f33-82b3-7af77a7163e4,HZCSP3,F2-126,2026-08-03,MNA,WIL,09:30,10:20,1
31eaa86e-8cfd-d67b-437a-2f23b3f6a416,3AV7UT,F2-118,2026-07-06,MRE,WIL,09:45,10:40,1
41455499-f18d-643a-378f-f5e1541f02e1,8EPW5M,F2-148,2026-05-29,WIL,NYK,07:15,07:50,1
92b0a49e-7155-72dd-6562-d31d206e14d6,VCQPJG,F2-148,2026-05-21,WIL,NYK,07:15,07:50,1
9b97efc4-f753-abaa-22d1-2d515b746da5,957LSV,F2-122,2026-08-14,KTJ,WIL,09:00,09:50,1
52ec94e7-c524-36ef-d754-03d81dc72549,CWCN3L,F2-174,2026-07-23,WIL,LAU,07:15,08:35,1
a3ac1a2d-64a0-fad9-1049-8a828e49d6ed,STRRTR,F2-128,2026-05-01,WIL,OSE,07:45,08:33,1
af75d9c3-a7cc-88f8-a3f7-4e9fc9326439,CUM5MQ,F2-162,2026-08-29,WIL,UKA,10:15,11:05,1
c5a7d461-9b45-e2e1-da95-c30e43708445,XKXMUH,F2-178,2026-08-15,WIL,KIS,07:30,08:25,1
de6af16c-57af-fa81-dfaf-4ada87ea216d,SP8X4U,F2-148,2026-07-24,WIL,NYK,07:15,07:50,1
51be2568-ce62-7d78-aebc-ffe7ca095d63,9LLGPU,F2-122,2026-07-28,KTJ,WIL,09:00,09:50,1
3e7d9500-6500-4fba-8d93-3156f270083c,2TAHFD,F2-194,2026-07-29,WIL,ARK,07:15,08:35,1
2e3c393d-3b3e-0c82-1213-45535b00b652,U6W2PP,F2-146,2026-05-02,LSB,WIL,09:00,09:55,1
cd679d1f-94fe-be24-1491-3911db8101fc,UQ9N6S,F2-140,2026-09-05,WIL,LKU,07:30,08:20,1
4b25900a-382d-d944-a139-d158d0a78470,KZYA9G,F2-132,2026-05-13,WIL,ASV,07:45,08:25,1
