history_id,project_ref,stage,entered_at,exited_at,duration_hours,note
978d350e-3a84-f080-fac4-0a5625644c29,KB-1201,enquiry,2026-05-24 00:00:00,2026-05-26 20:19:01.490915,68.32,
55f5068b-4777-499d-dcfd-0ad4f46b8630,KB-1201,showroom_consultation,2026-05-26 20:19:01.490915,2026-05-30 15:20:32.955667,91.03,
2dca22ea-5fc3-2fea-bb52-32c30404e96f,KB-1201,survey,2026-05-30 15:20:32.955667,2026-06-02 06:04:23.363991,62.73,
37a6ed4b-203d-5ac7-5461-6e00e1705f8a,KB-1201,design_3d,2026-06-02 06:04:23.363991,2026-06-12 05:19:32.415887,239.25,
06a01c78-a80c-828f-c98a-4d7c8ad9f4af,KB-1201,client_selections,2026-06-12 05:19:32.415887,,,waiting on client
5316c0e8-0ecc-ad0f-cc9a-ac63a89227a3,KB-1202,enquiry,2026-07-07 00:00:00,2026-07-16 14:04:03.412458,230.07,
5c60ca36-bcea-465c-3daf-480a22f1bb2c,KB-1202,showroom_consultation,2026-07-16 14:04:03.412458,,,
d48b28bc-00f7-ec9a-8654-8e3fb33c43ec,KB-1203,enquiry,2026-05-21 00:00:00,2026-05-27 01:24:06.835757,145.4,
9a4ab02e-3eca-d740-0b83-13c83f45fc98,KB-1203,showroom_consultation,2026-05-27 01:24:06.835757,2026-05-31 14:08:35.678556,108.74,
b94edb8d-44f0-1b55-c029-2d9df49b2803,KB-1203,survey,2026-05-31 14:08:35.678556,2026-06-03 19:10:19.851105,77.03,
01d09b12-07e9-6ddf-3e4e-fb5fe5e3c956,KB-1203,design_3d,2026-06-03 19:10:19.851105,2026-06-11 23:12:47.218464,196.04,
0cc3a5fb-77c4-318c-50e3-16924d5af650,KB-1203,client_selections,2026-06-11 23:12:47.218464,2026-06-22 04:48:49.159723,245.6,waiting on client
03fcc7e8-acb9-03c1-a274-473c068dc9aa,KB-1203,quotation_approval,2026-06-22 04:48:49.159723,2026-06-25 06:01:54.898302,73.22,waiting on client
17d22443-d05c-846f-449d-304dae3a4f5a,KB-1203,order_placed,2026-06-25 06:01:54.898302,2026-06-28 11:06:28.790451,77.08,
cc3f2ddb-7480-ba40-44b1-465f24350f2c,KB-1203,delivery,2026-06-28 11:06:28.790451,2026-07-04 13:12:45.991306,146.1,
1704b202-bb68-e3c5-4f69-dba668926cc0,KB-1203,installation,2026-07-04 13:12:45.991306,2026-07-13 00:09:44.602946,202.95,
00cc6fb0-f76e-2505-0ed3-816a7b025f04,KB-1203,handover,2026-07-13 00:09:44.602946,,,
ad0c9a91-e8cb-ae28-abde-6d76d34626fc,KB-1204,enquiry,2026-03-12 00:00:00,2026-03-15 01:04:34.863339,73.08,
8a507404-0ed5-e845-2cfe-41a0109b5ce4,KB-1204,showroom_consultation,2026-03-15 01:04:34.863339,2026-03-17 09:37:23.829205,56.55,
69188e57-0ca8-5ff0-f7a4-b59aea9c217b,KB-1204,survey,2026-03-17 09:37:23.829205,2026-03-23 08:04:44.696656,142.46,
6a0154eb-0989-c423-5722-5ecf09a33509,KB-1204,design_3d,2026-03-23 08:04:44.696656,2026-03-27 13:19:33.282267,101.25,
f6a0070b-7a81-cfbb-057c-ad8437f2f461,KB-1204,client_selections,2026-03-27 13:19:33.282267,2026-04-04 03:53:43.378925,182.57,waiting on client
3ac9de80-b86e-db0c-44ac-cc21f960d11c,KB-1204,quotation_approval,2026-04-04 03:53:43.378925,2026-04-06 05:38:53.779216,49.75,waiting on client
6210978d-d166-439d-fbbe-76086cbc9be1,KB-1204,order_placed,2026-04-06 05:38:53.779216,2026-04-10 05:32:57.560065,95.9,
28985310-ad80-e3c0-f64f-eeae0f083457,KB-1204,delivery,2026-04-10 05:32:57.560065,,,
0d8b7f26-30bb-a3cb-972f-7f80d6e453c0,KB-1205,enquiry,2026-07-14 00:00:00,2026-07-22 23:20:17.351092,215.34,
d1210855-970e-f5d6-f285-5f9a89fad77c,KB-1205,showroom_consultation,2026-07-22 23:20:17.351092,2026-07-31 01:09:18.387258,193.82,
31eb5f21-8b6e-d164-cb81-71d5686e63cf,KB-1205,survey,2026-07-31 01:09:18.387258,2026-08-07 17:52:51.780437,184.73,
896e3819-13a9-fcb1-aab1-e8687aa7f0d2,KB-1205,design_3d,2026-08-07 17:52:51.780437,2026-08-16 22:04:27.097694,220.19,
01016bf4-ef0e-21b7-e672-22fc7366ac70,KB-1205,client_selections,2026-08-16 22:04:27.097694,,,waiting on client
8d536a31-7f7a-0245-49b7-b954f1e4c005,KB-1206,enquiry,2026-04-25 00:00:00,2026-04-27 09:56:30.466347,57.94,
ca9ea2e8-352a-b68a-6fdd-373198d2e4f9,KB-1206,showroom_consultation,2026-04-27 09:56:30.466347,2026-05-05 07:14:40.418523,189.3,
86f6b524-56f0-3d3f-c219-b5da2d4f40a3,KB-1206,survey,2026-05-05 07:14:40.418523,,,
8eb4b38d-e5ba-9489-64dc-10805662a07a,KB-1207,enquiry,2026-06-08 00:00:00,2026-06-16 15:01:04.509907,207.02,
52f73e1c-314e-afef-be5b-5442b5d41f21,KB-1207,showroom_consultation,2026-06-16 15:01:04.509907,2026-06-25 14:04:05.456919,215.05,
99de5d7c-68b0-d2ec-858d-1ddd4adf61c5,KB-1207,survey,2026-06-25 14:04:05.456919,2026-07-01 19:00:22.541098,148.94,
a16ce516-b0f5-e0ba-fcfe-f4d6da16414c,KB-1207,design_3d,2026-07-01 19:00:22.541098,2026-07-10 02:35:32.838818,199.59,
cf5cc7e9-e068-67af-4fc8-1815285299ed,KB-1207,client_selections,2026-07-10 02:35:32.838818,,,waiting on client
f9790678-d4b0-ef1f-59ef-aad228a84942,KB-1208,enquiry,2026-05-08 00:00:00,2026-05-13 21:30:18.023471,141.51,
88c281df-7e35-33d9-8016-e807135bb478,KB-1208,showroom_consultation,2026-05-13 21:30:18.023471,2026-05-17 17:33:11.974176,92.05,
3a79773f-6594-0769-ca20-e056c4c65ab8,KB-1208,survey,2026-05-17 17:33:11.974176,2026-05-19 19:19:29.166237,49.77,
566315ee-6729-00cc-afc6-717211e55ab1,KB-1208,design_3d,2026-05-19 19:19:29.166237,2026-05-24 19:53:08.234968,120.56,
a37d0960-7b9b-c24a-84ef-dcef57eadbf9,KB-1208,client_selections,2026-05-24 19:53:08.234968,2026-06-02 00:16:44.163836,196.39,waiting on client
4a53f242-8e2b-46d0-0fde-ebb0a80b3571,KB-1208,quotation_approval,2026-06-02 00:16:44.163836,2026-06-05 01:09:34.138195,72.88,waiting on client
35cf0558-774a-4025-4686-d759c26ca4d2,KB-1208,order_placed,2026-06-05 01:09:34.138195,,,
7dcba166-5102-743f-cd52-e0755120c7d2,KB-1209,enquiry,2026-05-15 00:00:00,2026-05-23 10:25:19.301165,202.42,
3a247af1-553f-8aac-2d6c-9afe6347722c,KB-1209,showroom_consultation,2026-05-23 10:25:19.301165,2026-05-30 18:52:38.193424,176.46,
489df689-a919-5e65-5b78-89f68210ca21,KB-1209,survey,2026-05-30 18:52:38.193424,2026-06-09 12:54:45.869650,234.04,
03a9be7b-dc8a-4656-89fb-379e94fc95a5,KB-1209,design_3d,2026-06-09 12:54:45.869650,2026-06-17 06:20:58.472056,185.44,
86756b50-3baa-32db-1721-c5a0500f13b6,KB-1209,client_selections,2026-06-17 06:20:58.472056,2026-06-19 07:15:41.620720,48.91,waiting on client
cddb0c08-5b54-b9c5-9f05-5ead3781710c,KB-1209,quotation_approval,2026-06-19 07:15:41.620720,2026-06-25 08:29:07.928268,145.22,waiting on client
2fcd6b3c-8520-3d94-76ad-8f696891d9ac,KB-1209,order_placed,2026-06-25 08:29:07.928268,2026-06-28 12:42:45.675332,76.23,
05527043-7311-b4b6-d8e1-5d44b8dd534a,KB-1209,delivery,2026-06-28 12:42:45.675332,,,
ca21b7e8-6550-a112-32d7-10414896ddea,KB-1210,enquiry,2026-05-26 00:00:00,2026-05-29 20:43:36.887104,92.73,
457d673a-a4b3-068f-1052-b0c9fdd12064,KB-1210,showroom_consultation,2026-05-29 20:43:36.887104,2026-06-05 09:28:37.531451,156.75,
9f49c64b-c2f8-c09a-07dd-d7f74505e161,KB-1210,survey,2026-06-05 09:28:37.531451,2026-06-15 07:24:56.106407,237.94,
325f5d8d-cdbb-51ba-1235-edd28cc76ad1,KB-1210,design_3d,2026-06-15 07:24:56.106407,2026-06-18 00:40:19.653017,65.26,
7644dd0a-7f13-572d-a3ba-5fcba18f5af6,KB-1210,client_selections,2026-06-18 00:40:19.653017,2026-06-28 20:27:24.404036,259.78,waiting on client
43bce609-84c6-8003-a210-89ae2fccf10b,KB-1210,quotation_approval,2026-06-28 20:27:24.404036,2026-07-01 00:34:45.620219,52.12,waiting on client
e842390d-d39e-4e80-6e8b-1496439a2403,KB-1210,order_placed,2026-07-01 00:34:45.620219,2026-07-03 22:02:40.847087,69.47,
b9d24a0b-dc74-7709-2ec2-1af0f92a5e2b,KB-1210,delivery,2026-07-03 22:02:40.847087,2026-07-14 14:45:06.511756,256.71,
d9b81c83-a7e0-f031-1b06-193a7730517a,KB-1210,installation,2026-07-14 14:45:06.511756,,,
7bf22a56-9842-bc19-6dd0-4c8676417df2,KB-1211,enquiry,2026-05-13 00:00:00,2026-05-18 20:15:27.635283,140.26,
7cc03690-2b7d-907a-9649-a37040f75e54,KB-1211,showroom_consultation,2026-05-18 20:15:27.635283,2026-05-29 15:23:46.486688,259.14,
56bdd4c4-56c9-935d-e307-ccbfb87779ff,KB-1211,survey,2026-05-29 15:23:46.486688,2026-06-08 15:23:48.506087,240.0,
fda9b96e-96bb-be5e-6d72-0b116bb22d3a,KB-1211,design_3d,2026-06-08 15:23:48.506087,2026-06-18 09:20:39.779903,233.95,
15d1e82a-6a75-0294-034c-6d10d01ab39b,KB-1211,client_selections,2026-06-18 09:20:39.779903,2026-06-26 00:45:02.763538,183.41,waiting on client
eb6a8fa7-9510-a4f4-ae62-ff869b35fdf8,KB-1211,quotation_approval,2026-06-26 00:45:02.763538,2026-07-03 01:06:56.926452,168.37,waiting on client
56bad444-5453-3c2b-c202-7a386638fa3e,KB-1211,order_placed,2026-07-03 01:06:56.926452,2026-07-09 00:17:47.296567,143.18,
2ddb89b8-5d98-539c-ea61-60012ab75a37,KB-1211,delivery,2026-07-09 00:17:47.296567,2026-07-16 15:19:29.825450,183.03,
227cd479-cc75-e75e-7819-36d0719f3845,KB-1211,installation,2026-07-16 15:19:29.825450,2026-07-21 05:59:15.960914,110.66,
7f6cbbd2-ce93-379c-3935-d2c3520afe46,KB-1211,handover,2026-07-21 05:59:15.960914,,,
7d096507-0811-e04d-feae-e77880c59593,KB-1212,enquiry,2026-04-22 00:00:00,2026-04-27 22:52:59.367601,142.88,
f99e18ac-47fe-4513-1d65-c63f10d3fe83,KB-1212,showroom_consultation,2026-04-27 22:52:59.367601,2026-05-02 10:40:24.781241,107.79,
f5700195-6de8-5bee-ef9f-81970cf97c4c,KB-1212,survey,2026-05-02 10:40:24.781241,2026-05-07 17:25:23.546895,126.75,
fd603557-beea-fe57-019a-cd1d269e9816,KB-1212,design_3d,2026-05-07 17:25:23.546895,,,
177f5570-c7e0-2dc5-c5ee-17ab152fbaac,KB-1213,enquiry,2026-06-04 00:00:00,2026-06-11 09:19:22.973311,177.32,
6a868ddb-e6b7-24d4-e00c-65a9a7bed342,KB-1213,showroom_consultation,2026-06-11 09:19:22.973311,2026-06-14 07:24:13.641195,70.08,
779f6550-ede4-fafb-bf8c-310e4a70236f,KB-1213,survey,2026-06-14 07:24:13.641195,2026-06-20 22:46:18.791484,159.37,
38269631-4545-3eda-7251-4c80c7a0f95d,KB-1213,design_3d,2026-06-20 22:46:18.791484,2026-06-29 03:32:01.134218,196.76,
056b915d-1aa6-43b2-7054-9c05beb8dbf5,KB-1213,client_selections,2026-06-29 03:32:01.134218,2026-07-09 19:39:23.872431,256.12,waiting on client
da15b813-7a14-e3ce-7253-716175ed6c6f,KB-1213,quotation_approval,2026-07-09 19:39:23.872431,2026-07-15 02:03:01.986974,126.39,waiting on client
c5a26dbc-9892-598a-ce7d-26251f54fab6,KB-1213,order_placed,2026-07-15 02:03:01.986974,2026-07-24 23:03:18.767699,237.0,
6641d1d0-89e5-9a6f-b80b-94107a7858ae,KB-1213,delivery,2026-07-24 23:03:18.767699,2026-07-28 20:15:15.021782,93.2,
d75e8cdc-c683-11ea-1be2-08fc7a07f804,KB-1213,installation,2026-07-28 20:15:15.021782,2026-08-06 11:31:08.904689,207.26,
747f2d5d-9e1e-8450-20b2-2f3b70e25620,KB-1213,handover,2026-08-06 11:31:08.904689,,,
9698c76e-8edf-8ea7-3030-7aeb2655aad1,KB-1214,enquiry,2026-05-21 00:00:00,2026-05-24 09:46:25.594040,81.77,
4e58a303-f090-2040-c225-6e8cb7d8a4e4,KB-1214,showroom_consultation,2026-05-24 09:46:25.594040,2026-05-27 18:44:18.248969,80.96,
b5ca527c-b606-bffb-645d-be6e9ab8df7a,KB-1214,survey,2026-05-27 18:44:18.248969,2026-06-06 10:00:02.311251,231.26,
1b6003a6-b109-63ed-ca0d-c0b6ec1ea546,KB-1214,design_3d,2026-06-06 10:00:02.311251,2026-06-09 00:05:29.525024,62.09,
a19c82ba-0394-e0d9-60dc-e249b6a23758,KB-1214,client_selections,2026-06-09 00:05:29.525024,2026-06-11 23:56:02.648568,71.84,waiting on client
01675817-b594-115b-fbba-8babdafcca54,KB-1214,quotation_approval,2026-06-11 23:56:02.648568,2026-06-14 17:41:34.192363,65.76,waiting on client
23d90b2d-413f-b203-a0ff-3a8d09f7eb38,KB-1214,order_placed,2026-06-14 17:41:34.192363,2026-06-23 18:21:05.253161,216.66,
42c3656c-de51-857d-2bac-c951b16669a9,KB-1214,delivery,2026-06-23 18:21:05.253161,,,
4e0e0da3-991e-0fc7-4ec4-a2952f2facd1,KB-1215,enquiry,2026-04-23 00:00:00,2026-05-01 03:02:15.707891,195.04,
e7a3e15c-6d92-8dd7-7853-fcafd8c4cf44,KB-1215,showroom_consultation,2026-05-01 03:02:15.707891,2026-05-05 03:34:18.907697,96.53,
e7810f94-afb1-9a18-3fbb-cafce62c9e4e,KB-1215,survey,2026-05-05 03:34:18.907697,2026-05-15 16:47:21.566980,253.22,
c28a3eba-e1d2-8a17-382f-fa3fb863f775,KB-1215,design_3d,2026-05-15 16:47:21.566980,2026-05-19 09:34:04.674836,88.78,
88e0df62-239d-9463-2455-6167e07710e1,KB-1215,client_selections,2026-05-19 09:34:04.674836,2026-05-25 16:59:08.385012,151.42,waiting on client
25b2ba78-6664-3511-1705-7215bca783fb,KB-1215,quotation_approval,2026-05-25 16:59:08.385012,2026-05-31 23:48:49.620169,150.83,waiting on client
ab5d3254-f767-1890-5f81-2da9c3c4f0dd,KB-1215,order_placed,2026-05-31 23:48:49.620169,2026-06-08 13:24:30.768410,181.59,
fc9805d0-428b-8656-7775-c6d552c15559,KB-1215,delivery,2026-06-08 13:24:30.768410,2026-06-12 23:24:23.270855,106.0,
9a832ba1-fd4e-e279-0e99-d5dd47410770,KB-1215,installation,2026-06-12 23:24:23.270855,2026-06-18 03:14:10.783474,123.83,
706829a6-e4ae-6e79-6a8e-b07b069073f5,KB-1215,handover,2026-06-18 03:14:10.783474,,,
2ae40ffa-6562-9ec7-504b-7a82e90cbb4e,KB-1216,enquiry,2026-03-03 00:00:00,2026-03-13 13:13:50.425337,253.23,
1bf7580d-a4c5-d381-ddd1-c97edb697ce4,KB-1216,showroom_consultation,2026-03-13 13:13:50.425337,2026-03-22 01:44:04.294450,204.5,
7f127157-f521-0a3e-aec0-bbd3e46d95c6,KB-1216,survey,2026-03-22 01:44:04.294450,2026-03-24 14:16:06.454675,60.53,
1c176e8d-3e32-d505-3994-ec69b7205cd0,KB-1216,design_3d,2026-03-24 14:16:06.454675,2026-03-29 08:03:40.219304,113.79,
53d2cafe-1c38-37c7-19a1-b35ded40758b,KB-1216,client_selections,2026-03-29 08:03:40.219304,2026-04-02 23:51:11.945677,111.79,waiting on client
7b65faf1-7451-237e-32a1-56ca1c3884aa,KB-1216,quotation_approval,2026-04-02 23:51:11.945677,2026-04-08 11:29:49.627165,131.64,waiting on client
5a6925ff-763c-e7c9-03e3-fbfe153332e6,KB-1216,order_placed,2026-04-08 11:29:49.627165,,,
ab532fb2-488a-11f3-786f-5b5675771997,KB-1217,enquiry,2026-05-21 00:00:00,2026-05-31 12:41:54.529304,252.7,
19347e6a-eba9-982e-8ddd-a1f9580b73c1,KB-1217,showroom_consultation,2026-05-31 12:41:54.529304,2026-06-05 02:03:26.170585,109.36,
73b88814-5081-4d3d-e9f7-7db2be496d06,KB-1217,survey,2026-06-05 02:03:26.170585,2026-06-15 12:49:42.376277,250.77,
831d1863-f21a-22e6-97b1-2bbfb75b4bb8,KB-1217,design_3d,2026-06-15 12:49:42.376277,2026-06-25 08:03:41.543073,235.23,
cbdcfd7d-3ebf-257b-2767-6a684263d0b1,KB-1217,client_selections,2026-06-25 08:03:41.543073,2026-07-04 10:24:20.412052,218.34,waiting on client
011fb276-cc35-ee55-5304-382f03ce29bc,KB-1217,quotation_approval,2026-07-04 10:24:20.412052,2026-07-10 23:36:10.582516,157.2,waiting on client
321fed29-90e6-a8a7-72bf-ff69ac5841b0,KB-1217,order_placed,2026-07-10 23:36:10.582516,2026-07-15 18:59:33.786699,115.39,
9b4458dd-316e-5a0f-0648-9dd14fcaf7ad,KB-1217,delivery,2026-07-15 18:59:33.786699,2026-07-24 08:54:08.293135,205.91,
d44cf793-18a7-44e4-a8f8-613034e59edd,KB-1217,installation,2026-07-24 08:54:08.293135,,,
629cc263-09d2-1ef9-518a-6933cb65a6b8,KB-1218,enquiry,2026-04-24 00:00:00,2026-04-26 04:34:59.050755,52.58,
29245e3b-f4e5-4ef8-b0ae-0ae65c73b389,KB-1218,showroom_consultation,2026-04-26 04:34:59.050755,2026-04-28 20:22:58.674901,63.8,
4077958a-0772-2e3c-bc94-ec708a68237d,KB-1218,survey,2026-04-28 20:22:58.674901,2026-05-06 23:00:16.335137,194.62,
0fd108dc-e7d8-2b26-922f-ae5857cb9bbe,KB-1218,design_3d,2026-05-06 23:00:16.335137,2026-05-10 23:21:12.453182,96.35,
c4a5c473-59ad-2b16-dcc7-aa6800123116,KB-1218,client_selections,2026-05-10 23:21:12.453182,2026-05-19 04:16:29.545916,196.92,waiting on client
ade3bdd2-a628-27f0-b195-96b73cb4f320,KB-1218,quotation_approval,2026-05-19 04:16:29.545916,2026-05-25 09:35:41.508461,149.32,waiting on client
57401944-8977-8b94-7a3c-36fe7f09b8ae,KB-1218,order_placed,2026-05-25 09:35:41.508461,2026-05-30 17:16:19.664185,127.68,
555ee508-45cb-5fca-a1aa-def7db5988b4,KB-1218,delivery,2026-05-30 17:16:19.664185,,,
bb967049-0c38-efe6-b68c-620bf5851d33,KB-1219,enquiry,2026-06-21 00:00:00,2026-06-29 01:18:28.184222,193.31,
a5fca442-db92-187f-1d48-a5d4b591351b,KB-1219,showroom_consultation,2026-06-29 01:18:28.184222,2026-07-02 06:28:58.868834,77.18,
a9a338c7-77bd-6c5f-368c-98ce7d0aa612,KB-1219,survey,2026-07-02 06:28:58.868834,2026-07-04 10:57:42.584891,52.48,
963e46bd-3be0-e08a-42fc-243c464ad7f1,KB-1219,design_3d,2026-07-04 10:57:42.584891,2026-07-09 05:20:11.336722,114.37,
928f5aed-0780-0616-e45f-444ab147343e,KB-1219,client_selections,2026-07-09 05:20:11.336722,2026-07-15 17:57:55.781018,156.63,waiting on client
fa2323af-42b2-2e0f-9d6b-4f1d0d9755c3,KB-1219,quotation_approval,2026-07-15 17:57:55.781018,,,waiting on client
54f761a1-7cc5-e9cf-63d4-0c1f20af56df,KB-1220,enquiry,2026-03-17 00:00:00,2026-03-20 15:49:48.712003,87.83,
6b590432-bde1-77b2-75c6-40481dcca99d,KB-1220,showroom_consultation,2026-03-20 15:49:48.712003,2026-03-30 00:42:36.957274,224.88,
5fc2f8e0-26a4-5759-826b-3775488a0711,KB-1220,survey,2026-03-30 00:42:36.957274,2026-04-01 15:18:34.158470,62.6,
3e14d55f-b38f-de38-63b9-bea00aff46aa,KB-1220,design_3d,2026-04-01 15:18:34.158470,2026-04-07 23:59:42.827389,152.69,
e5ae79ff-84c6-0a75-7ab7-26c7d3fe7e43,KB-1220,client_selections,2026-04-07 23:59:42.827389,2026-04-13 23:34:49.384288,143.59,waiting on client
2dc0bed1-6709-19ea-81c2-972af89064aa,KB-1220,quotation_approval,2026-04-13 23:34:49.384288,,,waiting on client
456b94bd-35d0-615c-4063-8d8e6de4a375,KB-1221,enquiry,2026-06-10 00:00:00,2026-06-20 19:08:26.073321,259.14,
ae1b0d03-7477-7998-0d75-d3ffef3f88fa,KB-1221,showroom_consultation,2026-06-20 19:08:26.073321,2026-06-29 17:03:21.599413,213.92,
b1ebe7a6-3b20-8494-4fc4-432cc8010cc2,KB-1221,survey,2026-06-29 17:03:21.599413,2026-07-07 23:18:03.149694,198.24,
52b638fe-8aee-4c60-b4e5-569b3cd136c9,KB-1221,design_3d,2026-07-07 23:18:03.149694,2026-07-10 01:00:30.970170,49.71,
22f0b1c5-c79e-be8c-e4e5-5257a6668f71,KB-1221,client_selections,2026-07-10 01:00:30.970170,2026-07-18 22:36:34.770774,213.6,waiting on client
6006ad28-f52a-dda2-7c3c-7b7814689fdd,KB-1221,quotation_approval,2026-07-18 22:36:34.770774,2026-07-22 04:15:07.717549,77.64,waiting on client
28e0e814-ec21-1477-35fa-d28e67b7c9f2,KB-1221,order_placed,2026-07-22 04:15:07.717549,2026-07-24 12:50:49.706310,56.59,
823fd309-17e8-0367-e654-faad44214b3d,KB-1221,delivery,2026-07-24 12:50:49.706310,,,
fd1598f1-6a3d-2838-fe6b-66f4a8880866,KB-1222,enquiry,2026-06-30 00:00:00,2026-07-02 01:08:21.618993,49.14,
93569a9f-8426-d320-2306-c8bdf3a77425,KB-1222,showroom_consultation,2026-07-02 01:08:21.618993,2026-07-07 20:59:20.178262,139.85,
08a4e4f9-744a-38e5-f798-4fb3dc0b2305,KB-1222,survey,2026-07-07 20:59:20.178262,,,
85debd80-3415-f2bd-a073-9d53387b4bbf,KB-1223,enquiry,2026-06-10 00:00:00,2026-06-17 21:36:53.198771,189.61,
55e2506e-b042-82d3-8084-98be6209a895,KB-1223,showroom_consultation,2026-06-17 21:36:53.198771,2026-06-24 21:12:37.478401,167.6,
ade47802-fbfc-f275-fc22-7b886ffefcfe,KB-1223,survey,2026-06-24 21:12:37.478401,2026-06-28 21:11:59.569483,95.99,
360e92e5-978c-4228-90b3-a90640f1587a,KB-1223,design_3d,2026-06-28 21:11:59.569483,2026-07-02 02:49:39.779741,77.63,
9ac4d788-063c-8b5d-6b46-4a42839ef14d,KB-1223,client_selections,2026-07-02 02:49:39.779741,2026-07-04 22:10:09.149949,67.34,waiting on client
05011e87-a26a-9a4f-b917-0aed043d1c9a,KB-1223,quotation_approval,2026-07-04 22:10:09.149949,2026-07-11 10:31:16.653052,156.35,waiting on client
52287839-c213-1615-1a31-05899c7815e0,KB-1223,order_placed,2026-07-11 10:31:16.653052,2026-07-15 21:38:02.378302,107.11,
bca8e5a9-41f6-a1b1-60e3-425e533890d1,KB-1223,delivery,2026-07-15 21:38:02.378302,,,
1ba14a9e-4d3b-ef68-6805-039c7505a913,KB-1224,enquiry,2026-06-03 00:00:00,2026-06-13 02:56:10.084604,242.94,
c832e443-ad45-b0a6-e967-837b21f45907,KB-1224,showroom_consultation,2026-06-13 02:56:10.084604,2026-06-20 12:19:35.337116,177.39,
05c04e94-b4df-60cd-d048-baf43da725b7,KB-1224,survey,2026-06-20 12:19:35.337116,2026-06-27 17:19:48.084340,173.0,
2528bdbd-a86c-84be-01e1-cd92c826388a,KB-1224,design_3d,2026-06-27 17:19:48.084340,,,
a8b2f1b5-d344-9207-2094-72523b532d3a,KB-1225,enquiry,2026-04-14 00:00:00,2026-04-18 11:57:08.666700,107.95,
d617b8dd-fb50-7103-317c-6b225c952328,KB-1225,showroom_consultation,2026-04-18 11:57:08.666700,2026-04-22 07:41:53.033995,91.75,
88cf4d7d-9d87-2317-a3b1-681ce2f8d3dc,KB-1225,survey,2026-04-22 07:41:53.033995,2026-04-24 18:37:21.066399,58.92,
4abcba93-62d4-eed7-c4fd-cfbab68c39ff,KB-1225,design_3d,2026-04-24 18:37:21.066399,2026-04-30 21:45:29.738021,147.14,
8426438b-e046-a82f-ab0b-4907a3ba53b2,KB-1225,client_selections,2026-04-30 21:45:29.738021,2026-05-05 20:18:42.850766,118.55,waiting on client
a6adeafb-90e3-26eb-754c-337220858415,KB-1225,quotation_approval,2026-05-05 20:18:42.850766,,,waiting on client
95e202aa-2bfe-1da6-1c26-4511a811e048,KB-1226,enquiry,2026-03-31 00:00:00,2026-04-08 03:58:24.879902,195.97,
a51ad20d-34b9-8bb0-f14b-6a68465c78bd,KB-1226,showroom_consultation,2026-04-08 03:58:24.879902,2026-04-15 19:06:18.453768,183.13,
41fb9265-acbe-4880-d879-9e9c5362de33,KB-1226,survey,2026-04-15 19:06:18.453768,2026-04-23 11:24:50.994795,184.31,
351768be-eaf8-e4c5-1c62-db710ff3f355,KB-1226,design_3d,2026-04-23 11:24:50.994795,2026-05-01 06:20:32.492935,186.93,
4dfa260c-eb4b-458e-6f4e-29bb4f458584,KB-1226,client_selections,2026-05-01 06:20:32.492935,2026-05-11 21:49:58.932211,255.49,waiting on client
030366d2-9597-ff6a-bc57-1a82ec298da5,KB-1226,quotation_approval,2026-05-11 21:49:58.932211,,,waiting on client
b60a9285-0ca9-3323-dcf6-ea7b5d3044b6,KB-1227,enquiry,2026-05-02 00:00:00,2026-05-06 14:25:45.721625,110.43,
c463b26e-aecf-5753-3537-341fe387a985,KB-1227,showroom_consultation,2026-05-06 14:25:45.721625,2026-05-14 10:50:14.194596,188.41,
0525edb8-9699-a692-f2ab-9d8bd55b09b5,KB-1227,survey,2026-05-14 10:50:14.194596,2026-05-22 19:05:49.802480,200.26,
435a03ec-fca0-dab5-a5f3-a1a2377e4927,KB-1227,design_3d,2026-05-22 19:05:49.802480,,,
a78b4d0c-5158-57c5-7864-f361f288a3e2,KB-1228,enquiry,2026-03-13 00:00:00,2026-03-15 20:06:29.394907,68.11,
1948d1a6-6743-f616-a671-10baaf635488,KB-1228,showroom_consultation,2026-03-15 20:06:29.394907,2026-03-25 18:29:56.903746,238.39,
f3306fa5-b6fd-ebd7-a45c-37de4e1fd290,KB-1228,survey,2026-03-25 18:29:56.903746,2026-03-27 20:25:01.894661,49.92,
048ca396-6c2b-d475-84ed-b25d3d983d87,KB-1228,design_3d,2026-03-27 20:25:01.894661,2026-04-04 03:57:08.774960,175.54,
2858b4e4-ba27-c792-7db7-59b140495f46,KB-1228,client_selections,2026-04-04 03:57:08.774960,2026-04-09 15:29:23.936255,131.54,waiting on client
3a043e99-ac42-42c1-d80c-3c649d6f1240,KB-1228,quotation_approval,2026-04-09 15:29:23.936255,2026-04-18 22:07:46.066111,222.64,waiting on client
c51f1fc3-7796-f7c6-1d96-1166c5b6deaf,KB-1228,order_placed,2026-04-18 22:07:46.066111,2026-04-24 01:09:10.517602,123.02,
b1b3f043-d38f-57fe-e155-61dba9e920b1,KB-1228,delivery,2026-04-24 01:09:10.517602,,,
b9e1e3cf-267b-e6c3-d6fd-382f6ef51989,KB-1229,enquiry,2026-05-19 00:00:00,2026-05-21 04:48:33.483821,52.81,
925800f6-bd30-72de-dac7-81f8c3b84ac8,KB-1229,showroom_consultation,2026-05-21 04:48:33.483821,2026-05-24 08:35:15.854331,75.78,
68238369-eb3e-26e1-976b-b4617143795b,KB-1229,survey,2026-05-24 08:35:15.854331,2026-05-31 00:15:02.016091,159.66,
10bc85b5-25a0-8f1f-4fa5-8ee47ee5df3f,KB-1229,design_3d,2026-05-31 00:15:02.016091,2026-06-07 17:49:48.826360,185.58,
885104f6-a750-c428-6910-0aca5b02a41e,KB-1229,client_selections,2026-06-07 17:49:48.826360,2026-06-11 23:49:36.275648,102.0,waiting on client
79ed53c0-f6c4-e65b-4904-223cbaf4465a,KB-1229,quotation_approval,2026-06-11 23:49:36.275648,,,waiting on client
0601b605-3d38-0804-3695-d72b255ac1d9,KB-1230,enquiry,2026-05-02 00:00:00,2026-05-06 10:54:20.307308,106.91,
7992ffa6-110b-212c-99f2-f7cfacabcfd9,KB-1230,showroom_consultation,2026-05-06 10:54:20.307308,2026-05-13 09:22:04.929822,166.46,
0921992a-a52e-7941-4565-98beba973c7c,KB-1230,survey,2026-05-13 09:22:04.929822,2026-05-18 10:07:50.403294,120.76,
0ddebe5f-f1ad-c077-5612-98ce2dd3a49c,KB-1230,design_3d,2026-05-18 10:07:50.403294,2026-05-22 12:32:14.546480,98.41,
a5cab019-8f80-1c2b-2f09-0fef117edc96,KB-1230,client_selections,2026-05-22 12:32:14.546480,,,waiting on client
48ef342c-3554-d29f-97af-a5ba4e629315,KB-1231,enquiry,2026-05-21 00:00:00,2026-05-29 01:47:47.342764,193.8,
267a0fde-7c10-bf5e-b085-492874c0be10,KB-1231,showroom_consultation,2026-05-29 01:47:47.342764,2026-05-31 10:15:09.671402,56.46,
67a730dd-f813-913c-e6ee-075ab701064f,KB-1231,survey,2026-05-31 10:15:09.671402,2026-06-03 17:39:27.977600,79.41,
8aa22539-9f03-bfe5-337f-44e74042e3a6,KB-1231,design_3d,2026-06-03 17:39:27.977600,2026-06-12 05:11:43.528001,203.54,
fa4fb270-61ae-3f4a-c9bb-5d80250b84be,KB-1231,client_selections,2026-06-12 05:11:43.528001,2026-06-17 13:18:55.270513,128.12,waiting on client
00cd7936-b797-ca28-12c4-40ebf906fbf0,KB-1231,quotation_approval,2026-06-17 13:18:55.270513,2026-06-25 14:18:37.364692,193.0,waiting on client
15fd2a54-cf56-b21b-df5f-8bd19fb5f8d2,KB-1231,order_placed,2026-06-25 14:18:37.364692,2026-06-30 09:55:01.490399,115.61,
eed0fae3-eb7a-1d1b-13a0-1a1a6359f6d7,KB-1231,delivery,2026-06-30 09:55:01.490399,,,
5c1d8359-5219-e044-f965-bffaac6913ca,KB-1232,enquiry,2026-05-28 00:00:00,2026-06-06 16:38:35.057601,232.64,
87e2c3c7-a3a0-bbfe-f6af-7b3862e265a7,KB-1232,showroom_consultation,2026-06-06 16:38:35.057601,2026-06-15 21:51:47.552104,221.22,
73f26749-89b5-7fa9-1225-c504ce7d1131,KB-1232,survey,2026-06-15 21:51:47.552104,2026-06-23 08:15:33.755883,178.4,
bd149d91-4782-4e87-87b0-ecce02df39f9,KB-1232,design_3d,2026-06-23 08:15:33.755883,,,
32505d55-7d6a-aaf1-c180-3be9fcef7ecb,KB-1233,enquiry,2026-05-06 00:00:00,2026-05-16 03:03:20.097779,243.06,
bfb938ce-4086-8262-b868-9743305b6389,KB-1233,showroom_consultation,2026-05-16 03:03:20.097779,2026-05-19 21:28:18.093450,90.42,
987beba0-6beb-a7f5-9b5f-fa8968c18813,KB-1233,survey,2026-05-19 21:28:18.093450,2026-05-26 14:46:05.246523,161.3,
70d66f19-b780-edbc-f20e-bde34adc899f,KB-1233,design_3d,2026-05-26 14:46:05.246523,2026-06-04 01:57:33.390335,203.19,
426a8c6c-12d2-4277-f5eb-400418cb9ea8,KB-1233,client_selections,2026-06-04 01:57:33.390335,2026-06-07 20:36:41.984249,90.65,waiting on client
20793f9b-23b9-6d5e-85e2-9e5e2fe14539,KB-1233,quotation_approval,2026-06-07 20:36:41.984249,,,waiting on client
2952da6b-9560-c737-b809-b8593aa56ec4,KB-1234,enquiry,2026-07-12 00:00:00,2026-07-15 15:18:22.699361,87.31,
0603e903-02d3-47df-c281-a1b9d015c593,KB-1234,showroom_consultation,2026-07-15 15:18:22.699361,2026-07-22 15:40:37.229646,168.37,
858e5acb-54e8-294d-488e-bf636938a81b,KB-1234,survey,2026-07-22 15:40:37.229646,2026-07-27 18:04:15.559285,122.39,
210cea8e-69d0-481b-21be-164e3d723089,KB-1234,design_3d,2026-07-27 18:04:15.559285,2026-07-31 13:10:09.465949,91.1,
a5468b12-6957-0eee-46c8-9c7605d2e0a9,KB-1234,client_selections,2026-07-31 13:10:09.465949,2026-08-09 20:48:42.180984,223.64,waiting on client
49b16ccb-47de-7260-4542-21bde3801f69,KB-1234,quotation_approval,2026-08-09 20:48:42.180984,2026-08-14 21:10:43.166352,120.37,waiting on client
ec7c2fea-c746-149d-6f13-7b6e5ae13889,KB-1234,order_placed,2026-08-14 21:10:43.166352,2026-08-25 17:07:40.084072,259.95,
c417d759-5156-d139-01ed-ef24567956b0,KB-1234,delivery,2026-08-25 17:07:40.084072,2026-08-29 18:31:36.312480,97.4,
81447438-3d90-de06-bdc8-c56f1cf2d876,KB-1234,installation,2026-08-29 18:31:36.312480,,,
b9736317-710f-6a0c-a81d-f1bf0109fd87,KB-1235,enquiry,2026-04-14 00:00:00,2026-04-23 22:03:57.105459,238.07,
d4abc06d-060d-f2c8-c04a-e324c63ad83b,KB-1235,showroom_consultation,2026-04-23 22:03:57.105459,2026-05-04 04:25:05.255743,246.35,
4739db05-f915-7f7c-4273-01fed1228ed6,KB-1235,survey,2026-05-04 04:25:05.255743,2026-05-10 21:54:03.353439,161.48,
cc2cf3e4-d94f-b144-8bbf-5c1d40bf120c,KB-1235,design_3d,2026-05-10 21:54:03.353439,2026-05-19 11:21:54.379256,205.46,
60384030-41e9-0207-cb31-020002006c3a,KB-1235,client_selections,2026-05-19 11:21:54.379256,2026-05-26 09:24:50.945742,166.05,waiting on client
b8ea6ea7-5d5b-fc8e-c645-a8b1dc43ebf8,KB-1235,quotation_approval,2026-05-26 09:24:50.945742,2026-05-31 09:37:31.040720,120.21,waiting on client
7e72d147-43b4-eccd-13b2-dd3b30e99e1a,KB-1235,order_placed,2026-05-31 09:37:31.040720,,,
2a3c246f-3df6-3f27-f7cd-db8a9fd66027,KB-1236,enquiry,2026-05-12 00:00:00,2026-05-22 11:04:56.489668,251.08,
29dcf4a7-a182-c91a-d37d-db8eab9830ec,KB-1236,showroom_consultation,2026-05-22 11:04:56.489668,2026-05-25 17:48:24.466912,78.72,
ac066be0-e8bc-4335-f3c8-f5cf9e0fcaa7,KB-1236,survey,2026-05-25 17:48:24.466912,2026-05-28 11:16:58.913037,65.48,
37df3d7e-83d3-adf8-9171-6e6a156328c2,KB-1236,design_3d,2026-05-28 11:16:58.913037,2026-06-04 10:49:15.403420,167.54,
a534adf1-2944-4d03-7a98-9b0c0da2d169,KB-1236,client_selections,2026-06-04 10:49:15.403420,2026-06-07 12:25:22.363502,73.6,waiting on client
538d65a7-eef2-fc3a-31cc-ba0f6807f14e,KB-1236,quotation_approval,2026-06-07 12:25:22.363502,,,waiting on client
62f6d8cd-c341-0a58-825a-de2af28c2117,KB-1237,enquiry,2026-04-11 00:00:00,2026-04-21 05:03:23.200843,245.06,
57b6d4b4-e732-6ee0-3ce3-3541ebc73769,KB-1237,showroom_consultation,2026-04-21 05:03:23.200843,2026-04-24 04:53:45.121859,71.84,
c44ddaf5-f6e0-84e3-66e8-148d84510cc4,KB-1237,survey,2026-04-24 04:53:45.121859,2026-04-30 00:08:15.149506,139.24,
1a41707f-fc28-679a-c087-89d7c4923968,KB-1237,design_3d,2026-04-30 00:08:15.149506,2026-05-05 16:13:05.724080,136.08,
2ef73ce8-c1a3-4b61-f003-abaa0b1c86a5,KB-1237,client_selections,2026-05-05 16:13:05.724080,2026-05-08 08:41:13.495762,64.47,waiting on client
cf396768-391d-a082-3c12-97f4d00fb883,KB-1237,quotation_approval,2026-05-08 08:41:13.495762,2026-05-11 03:35:37.907876,66.91,waiting on client
ba3abe32-3220-7e5f-3a4b-8b27ac58760b,KB-1237,order_placed,2026-05-11 03:35:37.907876,2026-05-14 19:10:56.622842,87.59,
c5275e4c-3ba7-019f-948f-730e5782884a,KB-1237,delivery,2026-05-14 19:10:56.622842,2026-05-25 06:38:05.660695,251.45,
bfd138f0-8e41-95f9-c172-bb33ba8daa78,KB-1237,installation,2026-05-25 06:38:05.660695,2026-06-04 08:10:00.373607,241.53,
ef22fca7-28d5-260b-33a5-8612e15df5bd,KB-1237,handover,2026-06-04 08:10:00.373607,,,
a9b71bf4-30ee-a8ac-78f3-3aab3381eeeb,KB-1238,enquiry,2026-06-14 00:00:00,2026-06-16 06:29:00.792297,54.48,
ebc3a84e-a9f5-3084-5131-84c17668cdf3,KB-1238,showroom_consultation,2026-06-16 06:29:00.792297,2026-06-22 21:44:04.676948,159.25,
0aae4345-a6d8-9dde-40e0-64dd2e83baa0,KB-1238,survey,2026-06-22 21:44:04.676948,2026-07-03 05:03:48.544266,247.33,
175ee606-5453-da19-47f2-0ca0f1a592d9,KB-1238,design_3d,2026-07-03 05:03:48.544266,2026-07-12 13:21:48.994023,224.3,
125c3bd5-4c99-1340-5888-e1176483302d,KB-1238,client_selections,2026-07-12 13:21:48.994023,2026-07-14 21:45:14.592585,56.39,waiting on client
a510fb60-0a3f-a1c1-d940-323a315871cc,KB-1238,quotation_approval,2026-07-14 21:45:14.592585,2026-07-19 17:27:42.071139,115.71,waiting on client
244736f4-6f0a-af45-ae23-e49a5050f32c,KB-1238,order_placed,2026-07-19 17:27:42.071139,2026-07-28 18:27:42.780280,217.0,
485e80dd-7e53-b168-44fd-b1a579e1c2cb,KB-1238,delivery,2026-07-28 18:27:42.780280,2026-08-01 01:44:54.806423,79.29,
fcbc8b63-82c2-91e0-1545-b37c04e5288a,KB-1238,installation,2026-08-01 01:44:54.806423,,,
4322ed9e-4746-fba2-9b8a-6b344fc5f6c3,KB-1239,enquiry,2026-05-12 00:00:00,2026-05-17 09:38:57.273208,129.65,
64027be0-e1fd-eaa2-5152-1581a4091e02,KB-1239,showroom_consultation,2026-05-17 09:38:57.273208,2026-05-21 13:50:36.876823,100.19,
d53ce720-9c5a-eb88-5ea5-e774c457f071,KB-1239,survey,2026-05-21 13:50:36.876823,2026-05-29 00:09:16.974434,178.31,
cb6f02c6-bb2d-65cb-5cfc-aaba3af8923b,KB-1239,design_3d,2026-05-29 00:09:16.974434,2026-06-04 08:04:26.273239,151.92,
debbc5a4-2998-8816-1f25-1cc95625042d,KB-1239,client_selections,2026-06-04 08:04:26.273239,2026-06-06 19:48:07.295999,59.73,waiting on client
f3240fe3-f4a3-9829-f46a-acebfc055000,KB-1239,quotation_approval,2026-06-06 19:48:07.295999,2026-06-16 15:38:13.277489,235.83,waiting on client
549898db-dade-f81e-5fc7-3d5345d3e9e2,KB-1239,order_placed,2026-06-16 15:38:13.277489,2026-06-20 11:20:29.867966,91.7,
8eb3819f-b017-d195-cbab-7ca299ab2ac3,KB-1239,delivery,2026-06-20 11:20:29.867966,2026-06-29 01:50:03.834795,206.49,
b380126f-a926-efb4-4cfd-b03e56060a73,KB-1239,installation,2026-06-29 01:50:03.834795,2026-07-03 09:23:28.527292,103.56,
e298007c-208e-b6ee-dc15-ffbfa351ddfe,KB-1239,handover,2026-07-03 09:23:28.527292,,,
c868ffd3-eff8-eac8-de88-11411f25f7ce,KB-1240,enquiry,2026-05-01 00:00:00,2026-05-03 22:48:41.139553,70.81,
3122c47c-2421-593e-a9c6-c7d1013b238c,KB-1240,showroom_consultation,2026-05-03 22:48:41.139553,2026-05-09 16:38:40.336519,137.83,
2b13f5ec-2cc1-dfda-9d12-c8fd8743d3d2,KB-1240,survey,2026-05-09 16:38:40.336519,2026-05-19 08:28:26.518193,231.83,
4dc6f41e-8d2b-e87f-c380-fdd8315a0928,KB-1240,design_3d,2026-05-19 08:28:26.518193,,,
c0865218-dad3-e239-8cf1-6c7ad3f6992a,KB-1241,enquiry,2026-05-18 00:00:00,2026-05-28 00:09:30.885769,240.16,
adbfeb5e-213a-accf-534c-852aadafaae5,KB-1241,showroom_consultation,2026-05-28 00:09:30.885769,2026-05-31 23:04:42.042530,94.92,
d966d14e-e829-6e61-7f92-1dca6d5fcb93,KB-1241,survey,2026-05-31 23:04:42.042530,2026-06-11 08:03:39.091596,248.98,
31b012db-a346-6d2a-789f-b04ffc624689,KB-1241,design_3d,2026-06-11 08:03:39.091596,2026-06-21 13:08:26.290087,245.08,
64734ccc-56d7-fcd9-6553-a63a5197723d,KB-1241,client_selections,2026-06-21 13:08:26.290087,2026-06-30 20:39:32.558141,223.52,waiting on client
a1870260-1fad-9662-ffcb-aa3d6580c676,KB-1241,quotation_approval,2026-06-30 20:39:32.558141,2026-07-05 04:43:26.399931,104.06,waiting on client
ac419454-b2ce-18d9-d2b3-b00be3bcf0ea,KB-1241,order_placed,2026-07-05 04:43:26.399931,2026-07-12 14:00:57.943877,177.29,
6954ffd3-6a68-2daf-b544-2c85a319fa8c,KB-1241,delivery,2026-07-12 14:00:57.943877,2026-07-19 01:53:48.197336,155.88,
7e5479eb-59fc-eecf-47c4-730f4597715f,KB-1241,installation,2026-07-19 01:53:48.197336,,,
